[0.520s][info][exceptions] Exception <a 'java/lang/NoSuchMethodError'{0x000000070f7784a8}: 'int java.lang.invoke.DirectMethodHandle$Holder.invokeSpecialIFC(java.lang.Object, java.lang.Object, int)'> (0x000000070f7784a8) 
thrown [/corretto/workspace/corretto11-repo/installers/mac/tar/corretto-build/buildRoot/src/src/hotspot/share/interpreter/linkResolver.cpp, line 773]
for thread 0x00007fc978012000
[0.525s][info][exceptions] Exception <a 'java/lang/ClassNotFoundException'{0x000000070f78de38}: sun.reflect.Reflection>
 thrown in interpreter method <{method} {0x000000012f686408} 'loadClass' '(Ljava/lang/String;Z)Ljava/lang/Class;' in 'jdk/internal/loader/BuiltinClassLoader'>
 at bci 19 for thread 0x00007fc978012000 (main)
[0.526s][info][exceptions] Exception <a 'java/lang/ClassNotFoundException'{0x000000070f78de38}: sun.reflect.Reflection>
 thrown in interpreter method <{method} {0x000000012f683868} 'loadClass' '(Ljava/lang/String;Z)Ljava/lang/Class;' in 'jdk/internal/loader/ClassLoaders$AppClassLoader'>
 at bci 36 for thread 0x00007fc978012000 (main)
[0.526s][info][exceptions] Exception <a 'java/lang/ClassNotFoundException'{0x000000070f78de38}: sun.reflect.Reflection>
 thrown in interpreter method <{method} {0x000000012f5e7cf0} 'loadClass' '(Ljava/lang/String;)Ljava/lang/Class;' in 'java/lang/ClassLoader'>
 at bci 3 for thread 0x00007fc978012000 (main)
[0.526s][info][exceptions] Exception <a 'java/lang/ClassNotFoundException'{0x000000070f78de38}: sun.reflect.Reflection>
 thrown in interpreter method <{method} {0x000000012f5dde80} 'forName0' '(Ljava/lang/String;ZLjava/lang/ClassLoader;Ljava/lang/Class;)Ljava/lang/Class;' in 'java/lang/Class'>
 at bci 0 for thread 0x00007fc978012000 (main)
[0.526s][info][exceptions] Exception <a 'java/lang/ClassNotFoundException'{0x000000070f78de38}: sun.reflect.Reflection>
 thrown in interpreter method <{method} {0x000000012f5dddd0} 'forName' '(Ljava/lang/String;ZLjava/lang/ClassLoader;)Ljava/lang/Class;' in 'java/lang/Class'>
 at bci 43 for thread 0x00007fc978012000 (main)
[0.526s][info][exceptions] Exception <a 'java/lang/ClassNotFoundException'{0x000000070f78de38}: sun.reflect.Reflection>
 thrown in interpreter method <{method} {0x000000012fcb6480} '<clinit>' '()V' in 'org/apache/logging/log4j/util/StackLocator'>
 at bci 18 for thread 0x00007fc978012000 (main)
[0.539s][info][exceptions] Exception <a 'java/lang/NoSuchMethodError'{0x000000070f61da10}: 'int java.lang.invoke.DirectMethodHandle$Holder.invokeStaticInit(java.lang.Object)'> (0x000000070f61da10) 
thrown [/corretto/workspace/corretto11-repo/installers/mac/tar/corretto-build/buildRoot/src/src/hotspot/share/interpreter/linkResolver.cpp, line 773]
for thread 0x00007fc978012000
[0.550s][info][exceptions] Exception <a 'java/lang/ClassNotFoundException'{0x000000070f65aeb0}: org.osgi.framework.FrameworkUtil>
 thrown in interpreter method <{method} {0x000000012f686408} 'loadClass' '(Ljava/lang/String;Z)Ljava/lang/Class;' in 'jdk/internal/loader/BuiltinClassLoader'>
 at bci 19 for thread 0x00007fc978012000 (main)
[0.551s][info][exceptions] Exception <a 'java/lang/ClassNotFoundException'{0x000000070f65aeb0}: org.osgi.framework.FrameworkUtil>
 thrown in interpreter method <{method} {0x000000012f683868} 'loadClass' '(Ljava/lang/String;Z)Ljava/lang/Class;' in 'jdk/internal/loader/ClassLoaders$AppClassLoader'>
 at bci 36 for thread 0x00007fc978012000 (main)
[0.551s][info][exceptions] Exception <a 'java/lang/ClassNotFoundException'{0x000000070f65aeb0}: org.osgi.framework.FrameworkUtil>
 thrown in interpreter method <{method} {0x000000012f5e7cf0} 'loadClass' '(Ljava/lang/String;)Ljava/lang/Class;' in 'java/lang/ClassLoader'>
 at bci 3 for thread 0x00007fc978012000 (main)
[0.551s][info][exceptions] Exception <a 'java/lang/ClassNotFoundException'{0x000000070f65aeb0}: org.osgi.framework.FrameworkUtil>
 thrown in interpreter method <{method} {0x000000012f5dde80} 'forName0' '(Ljava/lang/String;ZLjava/lang/ClassLoader;Ljava/lang/Class;)Ljava/lang/Class;' in 'java/lang/Class'>
 at bci 0 for thread 0x00007fc978012000 (main)
[0.551s][info][exceptions] Exception <a 'java/lang/ClassNotFoundException'{0x000000070f65aeb0}: org.osgi.framework.FrameworkUtil>
 thrown in interpreter method <{method} {0x000000012f5ddce8} 'forName' '(Ljava/lang/String;)Ljava/lang/Class;' in 'java/lang/Class'>
 at bci 11 for thread 0x00007fc978012000 (main)
[0.551s][info][exceptions] Exception <a 'java/lang/ClassNotFoundException'{0x000000070f65aeb0}: org.osgi.framework.FrameworkUtil>
 thrown in interpreter method <{method} {0x00000001101a6328} 'checkOsgiAvailable' '()Z' in 'org/apache/logging/log4j/util/OsgiServiceLocator'>
 at bci 2 for thread 0x00007fc978012000 (main)
[0.562s][info][exceptions] Exception <a 'java/lang/ClassNotFoundException'{0x000000070f6ca7a8}: javax.servlet.Servlet>
 thrown in interpreter method <{method} {0x000000012f686408} 'loadClass' '(Ljava/lang/String;Z)Ljava/lang/Class;' in 'jdk/internal/loader/BuiltinClassLoader'>
 at bci 19 for thread 0x00007fc978012000 (main)
[0.562s][info][exceptions] Exception <a 'java/lang/ClassNotFoundException'{0x000000070f6ca7a8}: javax.servlet.Servlet>
 thrown in interpreter method <{method} {0x000000012f683868} 'loadClass' '(Ljava/lang/String;Z)Ljava/lang/Class;' in 'jdk/internal/loader/ClassLoaders$AppClassLoader'>
 at bci 36 for thread 0x00007fc978012000 (main)
[0.562s][info][exceptions] Exception <a 'java/lang/ClassNotFoundException'{0x000000070f6ca7a8}: javax.servlet.Servlet>
 thrown in interpreter method <{method} {0x000000012f5e7cf0} 'loadClass' '(Ljava/lang/String;)Ljava/lang/Class;' in 'java/lang/ClassLoader'>
 at bci 3 for thread 0x00007fc978012000 (main)
[0.562s][info][exceptions] Exception <a 'java/lang/ClassNotFoundException'{0x000000070f6ca7a8}: javax.servlet.Servlet>
 thrown in interpreter method <{method} {0x000000012f5dde80} 'forName0' '(Ljava/lang/String;ZLjava/lang/ClassLoader;Ljava/lang/Class;)Ljava/lang/Class;' in 'java/lang/Class'>
 at bci 0 for thread 0x00007fc978012000 (main)
[0.562s][info][exceptions] Exception <a 'java/lang/ClassNotFoundException'{0x000000070f6ca7a8}: javax.servlet.Servlet>
 thrown in interpreter method <{method} {0x000000012f5dddd0} 'forName' '(Ljava/lang/String;ZLjava/lang/ClassLoader;)Ljava/lang/Class;' in 'java/lang/Class'>
 at bci 43 for thread 0x00007fc978012000 (main)
[0.563s][info][exceptions] Exception <a 'java/lang/ClassNotFoundException'{0x000000070f6ca7a8}: javax.servlet.Servlet>
 thrown in interpreter method <{method} {0x000000012fdbe7d8} 'loadClass' '(Ljava/lang/String;)Ljava/lang/Class;' in 'org/apache/logging/log4j/util/LoaderUtil'>
 at bci 27 for thread 0x00007fc978012000 (main)
[0.563s][info][exceptions] Exception <a 'java/lang/ClassNotFoundException'{0x000000070f6ca7a8}: javax.servlet.Servlet>
 thrown in interpreter method <{method} {0x00000001101acbd8} 'isClassAvailable' '(Ljava/lang/String;)Z' in 'org/apache/logging/log4j/util/Constants'>
 at bci 1 for thread 0x00007fc978012000 (main)
[0.563s][info][exceptions] Exception <a 'java/lang/ClassNotFoundException'{0x000000070f6cc178}: jakarta.servlet.Servlet>
 thrown in interpreter method <{method} {0x000000012f686408} 'loadClass' '(Ljava/lang/String;Z)Ljava/lang/Class;' in 'jdk/internal/loader/BuiltinClassLoader'>
 at bci 19 for thread 0x00007fc978012000 (main)
[0.563s][info][exceptions] Exception <a 'java/lang/ClassNotFoundException'{0x000000070f6cc178}: jakarta.servlet.Servlet>
 thrown in interpreter method <{method} {0x000000012f683868} 'loadClass' '(Ljava/lang/String;Z)Ljava/lang/Class;' in 'jdk/internal/loader/ClassLoaders$AppClassLoader'>
 at bci 36 for thread 0x00007fc978012000 (main)
[0.563s][info][exceptions] Exception <a 'java/lang/ClassNotFoundException'{0x000000070f6cc178}: jakarta.servlet.Servlet>
 thrown in interpreter method <{method} {0x000000012f5e7cf0} 'loadClass' '(Ljava/lang/String;)Ljava/lang/Class;' in 'java/lang/ClassLoader'>
 at bci 3 for thread 0x00007fc978012000 (main)
[0.563s][info][exceptions] Exception <a 'java/lang/ClassNotFoundException'{0x000000070f6cc178}: jakarta.servlet.Servlet>
 thrown in interpreter method <{method} {0x000000012f5dde80} 'forName0' '(Ljava/lang/String;ZLjava/lang/ClassLoader;Ljava/lang/Class;)Ljava/lang/Class;' in 'java/lang/Class'>
 at bci 0 for thread 0x00007fc978012000 (main)
[0.563s][info][exceptions] Exception <a 'java/lang/ClassNotFoundException'{0x000000070f6cc178}: jakarta.servlet.Servlet>
 thrown in interpreter method <{method} {0x000000012f5dddd0} 'forName' '(Ljava/lang/String;ZLjava/lang/ClassLoader;)Ljava/lang/Class;' in 'java/lang/Class'>
 at bci 43 for thread 0x00007fc978012000 (main)
[0.563s][info][exceptions] Exception <a 'java/lang/ClassNotFoundException'{0x000000070f6cc178}: jakarta.servlet.Servlet>
 thrown in interpreter method <{method} {0x000000012fdbe7d8} 'loadClass' '(Ljava/lang/String;)Ljava/lang/Class;' in 'org/apache/logging/log4j/util/LoaderUtil'>
 at bci 27 for thread 0x00007fc978012000 (main)
[0.563s][info][exceptions] Exception <a 'java/lang/ClassNotFoundException'{0x000000070f6cc178}: jakarta.servlet.Servlet>
 thrown in interpreter method <{method} {0x00000001101acbd8} 'isClassAvailable' '(Ljava/lang/String;)Z' in 'org/apache/logging/log4j/util/Constants'>
 at bci 1 for thread 0x00007fc978012000 (main)
[0.591s][info][exceptions] Exception <a 'java/lang/NoSuchMethodError'{0x000000070f5b1958}: 'java.lang.Object java.lang.invoke.Invokers$Holder.linkToTargetMethod(java.lang.Object, java.lang.Object, int, int, java.lang.Object, java.lang.Object)'> (0x000000070f5b1958) 
thrown [/corretto/workspace/corretto11-repo/installers/mac/tar/corretto-build/buildRoot/src/src/hotspot/share/interpreter/linkResolver.cpp, line 773]
for thread 0x00007fc978012000
[0.592s][info][exceptions] Exception <a 'java/lang/ClassNotFoundException'{0x000000070f5b66b8}: com.amazon.logging.AlwaysTimeBasedTriggeringPolicy>
 thrown in compiled method <{method} {0x000000012f5e7cf0} 'loadClass' '(Ljava/lang/String;)Ljava/lang/Class;' in 'java/lang/ClassLoader'>
 at PC0x0000000115c5f4c4 for thread 0x00007fc978012000
[0.592s][info][exceptions] Thread 0x00007fc978012000 continuing at PC 0x0000000115c5f4f7 for exception thrown at PC 0x0000000115c5f4c4
[0.592s][info][exceptions] Exception <a 'java/lang/ClassNotFoundException'{0x000000070f5b66b8}: com.amazon.logging.AlwaysTimeBasedTriggeringPolicy>
 thrown in interpreter method <{method} {0x00000001101dfcb0} 'decodeCacheFiles' '(Ljava/lang/ClassLoader;)Ljava/util/Map;' in 'org/apache/logging/log4j/core/config/plugins/util/PluginRegistry'>
 at bci 234 for thread 0x00007fc978012000 (main)
[0.593s][info][exceptions] Exception <a 'java/lang/ClassNotFoundException'{0x000000070f5b8728}: com.amazon.logging.AmazonRollingRandomAccessFileAppender>
 thrown in interpreter method <{method} {0x00000001101dfcb0} 'decodeCacheFiles' '(Ljava/lang/ClassLoader;)Ljava/util/Map;' in 'org/apache/logging/log4j/core/config/plugins/util/PluginRegistry'>
 at bci 234 for thread 0x00007fc978012000 (main)
[0.593s][info][exceptions] Exception <a 'java/lang/ClassNotFoundException'{0x000000070f5ba438}: com.amazon.logging.DoNothingRolloverStrategy>
 thrown in interpreter method <{method} {0x00000001101dfcb0} 'decodeCacheFiles' '(Ljava/lang/ClassLoader;)Ljava/util/Map;' in 'org/apache/logging/log4j/core/config/plugins/util/PluginRegistry'>
 at bci 234 for thread 0x00007fc978012000 (main)
[0.593s][info][exceptions] Exception <a 'java/lang/ClassNotFoundException'{0x000000070f5bbfb0}: com.amazon.logging.ThrottlingPolicy>
 thrown in interpreter method <{method} {0x00000001101dfcb0} 'decodeCacheFiles' '(Ljava/lang/ClassLoader;)Ljava/util/Map;' in 'org/apache/logging/log4j/core/config/plugins/util/PluginRegistry'>
 at bci 234 for thread 0x00007fc978012000 (main)
[0.712s][info][exceptions] Exception <a 'java/lang/NoSuchMethodError'{0x000000070effc668}: 'void java.lang.invoke.DirectMethodHandle$Holder.invokeStaticInit(java.lang.Object, java.lang.Object)'> (0x000000070effc668) 
thrown [/corretto/workspace/corretto11-repo/installers/mac/tar/corretto-build/buildRoot/src/src/hotspot/share/interpreter/linkResolver.cpp, line 773]
for thread 0x00007fc978012000
[0.716s][info][exceptions] Exception <a 'java/lang/NoSuchMethodError'{0x000000070ee38608}: 'java.lang.Object java.lang.invoke.DirectMethodHandle$Holder.newInvokeSpecial(java.lang.Object, int, java.lang.Object)'> (0x000000070ee38608) 
thrown [/corretto/workspace/corretto11-repo/installers/mac/tar/corretto-build/buildRoot/src/src/hotspot/share/interpreter/linkResolver.cpp, line 773]
for thread 0x00007fc978012000
[0.789s][info][exceptions] Exception <a 'java/lang/NoSuchMethodException'{0x000000070edb9db8}: com.amazon.kaf.c.b.getValueStr()>
 thrown in interpreter method <{method} {0x000000012f5e0e78} 'getDeclaredMethod' '(Ljava/lang/String;[Ljava/lang/Class;)Ljava/lang/reflect/Method;' in 'java/lang/Class'>
 at bci 53 for thread 0x00007fc978012000 (main)
[0.789s][info][exceptions] Exception <a 'java/lang/NoSuchMethodException'{0x000000070edb9db8}: com.amazon.kaf.c.b.getValueStr()>
 thrown in interpreter method <{method} {0x0000000131fe14b0} '<init>' '(Ljava/lang/Class;)V' in 'com/amazon/kaf/c/c'>
 at bci 89 for thread 0x00007fc978012000 (main)
[0.794s][info][exceptions] Exception <a 'java/lang/NoSuchMethodException'{0x000000070eddd818}: com.amazon.kaf.c.aB$R.getValueStr()>
 thrown in interpreter method <{method} {0x000000012f5e0e78} 'getDeclaredMethod' '(Ljava/lang/String;[Ljava/lang/Class;)Ljava/lang/reflect/Method;' in 'java/lang/Class'>
 at bci 53 for thread 0x00007fc978012000 (main)
[0.794s][info][exceptions] Exception <a 'java/lang/NoSuchMethodException'{0x000000070eddd818}: com.amazon.kaf.c.aB$R.getValueStr()>
 thrown in interpreter method <{method} {0x0000000131fe14b0} '<init>' '(Ljava/lang/Class;)V' in 'com/amazon/kaf/c/c'>
 at bci 89 for thread 0x00007fc978012000 (main)
[0.817s][info][exceptions] Exception <a 'java/lang/NoSuchMethodError'{0x000000070ec63058}: 'void java.lang.invoke.DirectMethodHandle$Holder.invokeSpecial(java.lang.Object, java.lang.Object)'> (0x000000070ec63058) 
thrown [/corretto/workspace/corretto11-repo/installers/mac/tar/corretto-build/buildRoot/src/src/hotspot/share/interpreter/linkResolver.cpp, line 773]
for thread 0x00007fc978012000
[0.890s][info][exceptions] Exception <a 'java/lang/NoSuchMethodError'{0x000000070eb3b280}: 'java.lang.Object java.lang.invoke.DirectMethodHandle$Holder.invokeStaticInit(java.lang.Object, java.lang.Object, long, java.lang.Object)'> (0x000000070eb3b280) 
thrown [/corretto/workspace/corretto11-repo/installers/mac/tar/corretto-build/buildRoot/src/src/hotspot/share/interpreter/linkResolver.cpp, line 773]
for thread 0x00007fc9772fc000
[0.891s][info][exceptions] Exception <a 'java/lang/NoSuchMethodError'{0x000000070eb47228}: 'java.lang.Object java.lang.invoke.Invokers$Holder.linkToTargetMethod(java.lang.Object, long, java.lang.Object)'> (0x000000070eb47228) 
thrown [/corretto/workspace/corretto11-repo/installers/mac/tar/corretto-build/buildRoot/src/src/hotspot/share/interpreter/linkResolver.cpp, line 773]
for thread 0x00007fc9772fc000
[0.892s][info][exceptions] Exception <a 'java/lang/NoSuchMethodError'{0x000000070eb4e300}: 'java.lang.Object java.lang.invoke.DirectMethodHandle$Holder.invokeStatic(java.lang.Object, java.lang.Object, java.lang.Object, int)'> (0x000000070eb4e300) 
thrown [/corretto/workspace/corretto11-repo/installers/mac/tar/corretto-build/buildRoot/src/src/hotspot/share/interpreter/linkResolver.cpp, line 773]
for thread 0x00007fc9772fc000
[0.894s][info][exceptions] Exception <a 'java/lang/NoSuchMethodError'{0x000000070eb51f78}: 'java.lang.Object java.lang.invoke.DirectMethodHandle$Holder.invokeSpecial(java.lang.Object, java.lang.Object, java.lang.Object, java.lang.Object, int)'> (0x000000070eb51f78) 
thrown [/corretto/workspace/corretto11-repo/installers/mac/tar/corretto-build/buildRoot/src/src/hotspot/share/interpreter/linkResolver.cpp, line 773]
for thread 0x00007fc9772fc000
[0.895s][info][exceptions] Exception <a 'java/lang/NoSuchMethodError'{0x000000070eb55410}: 'java.lang.Object java.lang.invoke.Invokers$Holder.linkToTargetMethod(java.lang.Object, java.lang.Object, int, java.lang.Object)'> (0x000000070eb55410) 
thrown [/corretto/workspace/corretto11-repo/installers/mac/tar/corretto-build/buildRoot/src/src/hotspot/share/interpreter/linkResolver.cpp, line 773]
for thread 0x00007fc9772fc000
[0.900s][info][exceptions] Exception <a 'java/lang/NoSuchMethodException'{0x000000070e9e8ff8}: java.lang.Class.isRecord()>
 thrown in interpreter method <{method} {0x000000012f5e0870} 'getMethod' '(Ljava/lang/String;[Ljava/lang/Class;)Ljava/lang/reflect/Method;' in 'java/lang/Class'>
 at bci 49 for thread 0x00007fc9783d4000 (ForkJoinPool.commonPool-worker-3)
[0.900s][info][exceptions] Exception <a 'java/lang/NoSuchMethodException'{0x000000070e9e8ff8}: java.lang.Class.isRecord()>
 thrown in interpreter method <{method} {0x0000000132173b90} '<clinit>' '()V' in 'com/c/a/c/p/h'>
 at bci 35 for thread 0x00007fc9783d4000 (ForkJoinPool.commonPool-worker-3)
[1.037s][info][exceptions] Exception <a 'java/lang/NoSuchMethodError'{0x000000070fdf69a8}: 'void java.lang.invoke.DirectMethodHandle$Holder.invokeStaticInit(java.lang.Object)'> (0x000000070fdf69a8) 
thrown [/corretto/workspace/corretto11-repo/installers/mac/tar/corretto-build/buildRoot/src/src/hotspot/share/interpreter/linkResolver.cpp, line 773]
for thread 0x00007fc9783d4000
[1.045s][info][exceptions] Exception <a 'java/lang/NoSuchMethodError'{0x000000070fc038c8}: 'void java.lang.invoke.DirectMethodHandle$Holder.invokeStatic(java.lang.Object, int)'> (0x000000070fc038c8) 
thrown [/corretto/workspace/corretto11-repo/installers/mac/tar/corretto-build/buildRoot/src/src/hotspot/share/interpreter/linkResolver.cpp, line 773]
for thread 0x00007fc9783d4000
[1.045s][info][exceptions] Exception <a 'java/lang/NoSuchMethodError'{0x000000070fc06a90}: 'void java.lang.invoke.DirectMethodHandle$Holder.invokeStaticInit(java.lang.Object, int)'> (0x000000070fc06a90) 
thrown [/corretto/workspace/corretto11-repo/installers/mac/tar/corretto-build/buildRoot/src/src/hotspot/share/interpreter/linkResolver.cpp, line 773]
for thread 0x00007fc9783d4000
[1.167s][info][exceptions] Exception <a 'java/lang/NoSuchMethodException'{0x000000070f128220}: com.amazon.kaf.c.aB$F.getValueStr()>
 thrown in interpreter method <{method} {0x000000012f5e0e78} 'getDeclaredMethod' '(Ljava/lang/String;[Ljava/lang/Class;)Ljava/lang/reflect/Method;' in 'java/lang/Class'>
 at bci 53 for thread 0x00007fc9783d4000 (ForkJoinPool.commonPool-worker-3)
[1.167s][info][exceptions] Exception <a 'java/lang/NoSuchMethodException'{0x000000070f128220}: com.amazon.kaf.c.aB$F.getValueStr()>
 thrown in interpreter method <{method} {0x0000000131fe14b0} '<init>' '(Ljava/lang/Class;)V' in 'com/amazon/kaf/c/c'>
 at bci 89 for thread 0x00007fc9783d4000 (ForkJoinPool.commonPool-worker-3)
[1.453s][info][exceptions] Exception <a 'java/lang/NoSuchMethodException'{0x000000070d5f5348}: com.amazon.kaf.c.aB$L.getValueStr()>
 thrown in interpreter method <{method} {0x000000012f5e0e78} 'getDeclaredMethod' '(Ljava/lang/String;[Ljava/lang/Class;)Ljava/lang/reflect/Method;' in 'java/lang/Class'>
 at bci 53 for thread 0x00007fc978012000 (main)
[1.453s][info][exceptions] Exception <a 'java/lang/NoSuchMethodException'{0x000000070d5f5348}: com.amazon.kaf.c.aB$L.getValueStr()>
 thrown in interpreter method <{method} {0x0000000131fe14b0} '<init>' '(Ljava/lang/Class;)V' in 'com/amazon/kaf/c/c'>
 at bci 89 for thread 0x00007fc978012000 (main)
[1.502s][info][exceptions] Exception <a 'com/amazon/kcfpositionmapcreator/e/b'{0x000000070d34b178}>
 thrown in interpreter method <{method} {0x00000001327069f8} 'b' '(Lcom/amazon/kaf/c/s;)Lcom/amazon/kaf/c/av;' in 'com/amazon/kcfpositionmapcreator/j/e'>
 at bci 106 for thread 0x00007fc978012000 (main)
[1.502s][info][exceptions] Exception <a 'com/amazon/kcfpositionmapcreator/e/b'{0x000000070d34b178}>
 thrown in interpreter method <{method} {0x00000001327068a0} 'a' '(Lcom/amazon/kaf/c/s;)Z' in 'com/amazon/kcfpositionmapcreator/j/e'>
 at bci 1 for thread 0x00007fc978012000 (main)
[1.508s][info][exceptions] Exception <a 'com/amazon/kcfpositionmapcreator/e/b'{0x000000070d377b10}>
 thrown in interpreter method <{method} {0x00000001327069f8} 'b' '(Lcom/amazon/kaf/c/s;)Lcom/amazon/kaf/c/av;' in 'com/amazon/kcfpositionmapcreator/j/e'>
 at bci 106 for thread 0x00007fc978012000 (main)
[1.508s][info][exceptions] Exception <a 'com/amazon/kcfpositionmapcreator/e/b'{0x000000070d377b10}>
 thrown in interpreter method <{method} {0x00000001327068a0} 'a' '(Lcom/amazon/kaf/c/s;)Z' in 'com/amazon/kcfpositionmapcreator/j/e'>
 at bci 1 for thread 0x00007fc978012000 (main)
[1.535s][info][exceptions] Exception <a 'com/amazon/kcfpositionmapcreator/e/b'{0x000000070d3fd6d8}>
 thrown in interpreter method <{method} {0x00000001327069f8} 'b' '(Lcom/amazon/kaf/c/s;)Lcom/amazon/kaf/c/av;' in 'com/amazon/kcfpositionmapcreator/j/e'>
 at bci 106 for thread 0x00007fc978012000 (main)
[1.535s][info][exceptions] Exception <a 'com/amazon/kcfpositionmapcreator/e/b'{0x000000070d3fd6d8}>
 thrown in interpreter method <{method} {0x00000001327068a0} 'a' '(Lcom/amazon/kaf/c/s;)Z' in 'com/amazon/kcfpositionmapcreator/j/e'>
 at bci 1 for thread 0x00007fc978012000 (main)
[1.553s][info][exceptions] Exception <a 'com/amazon/kcfpositionmapcreator/e/b'{0x000000070d278450}>
 thrown in interpreter method <{method} {0x00000001327069f8} 'b' '(Lcom/amazon/kaf/c/s;)Lcom/amazon/kaf/c/av;' in 'com/amazon/kcfpositionmapcreator/j/e'>
 at bci 106 for thread 0x00007fc978012000 (main)
[1.553s][info][exceptions] Exception <a 'com/amazon/kcfpositionmapcreator/e/b'{0x000000070d278450}>
 thrown in interpreter method <{method} {0x00000001327068a0} 'a' '(Lcom/amazon/kaf/c/s;)Z' in 'com/amazon/kcfpositionmapcreator/j/e'>
 at bci 1 for thread 0x00007fc978012000 (main)
[1.557s][info][exceptions] Exception <a 'com/amazon/kcfpositionmapcreator/e/b'{0x000000070d2f8d90}>
 thrown in interpreter method <{method} {0x00000001327069f8} 'b' '(Lcom/amazon/kaf/c/s;)Lcom/amazon/kaf/c/av;' in 'com/amazon/kcfpositionmapcreator/j/e'>
 at bci 106 for thread 0x00007fc978012000 (main)
[1.557s][info][exceptions] Exception <a 'com/amazon/kcfpositionmapcreator/e/b'{0x000000070d2f8d90}>
 thrown in interpreter method <{method} {0x00000001327068a0} 'a' '(Lcom/amazon/kaf/c/s;)Z' in 'com/amazon/kcfpositionmapcreator/j/e'>
 at bci 1 for thread 0x00007fc978012000 (main)
[1.563s][info][exceptions] Exception <a 'com/amazon/kcfpositionmapcreator/e/b'{0x000000070d18a538}>
 thrown in interpreter method <{method} {0x00000001327069f8} 'b' '(Lcom/amazon/kaf/c/s;)Lcom/amazon/kaf/c/av;' in 'com/amazon/kcfpositionmapcreator/j/e'>
 at bci 106 for thread 0x00007fc978012000 (main)
[1.563s][info][exceptions] Exception <a 'com/amazon/kcfpositionmapcreator/e/b'{0x000000070d18a538}>
 thrown in interpreter method <{method} {0x00000001327068a0} 'a' '(Lcom/amazon/kaf/c/s;)Z' in 'com/amazon/kcfpositionmapcreator/j/e'>
 at bci 1 for thread 0x00007fc978012000 (main)
[1.570s][info][exceptions] Exception <a 'com/amazon/kcfpositionmapcreator/e/b'{0x000000070d03b690}>
 thrown in interpreter method <{method} {0x00000001327069f8} 'b' '(Lcom/amazon/kaf/c/s;)Lcom/amazon/kaf/c/av;' in 'com/amazon/kcfpositionmapcreator/j/e'>
 at bci 106 for thread 0x00007fc978012000 (main)
[1.570s][info][exceptions] Exception <a 'com/amazon/kcfpositionmapcreator/e/b'{0x000000070d03b690}>
 thrown in interpreter method <{method} {0x00000001327068a0} 'a' '(Lcom/amazon/kaf/c/s;)Z' in 'com/amazon/kcfpositionmapcreator/j/e'>
 at bci 1 for thread 0x00007fc978012000 (main)
[1.576s][info][exceptions] Exception <a 'com/amazon/kcfpositionmapcreator/e/b'{0x000000070d0b63e0}>
 thrown in interpreter method <{method} {0x00000001327069f8} 'b' '(Lcom/amazon/kaf/c/s;)Lcom/amazon/kaf/c/av;' in 'com/amazon/kcfpositionmapcreator/j/e'>
 at bci 106 for thread 0x00007fc978012000 (main)
[1.576s][info][exceptions] Exception <a 'com/amazon/kcfpositionmapcreator/e/b'{0x000000070d0b63e0}>
 thrown in interpreter method <{method} {0x00000001327068a0} 'a' '(Lcom/amazon/kaf/c/s;)Z' in 'com/amazon/kcfpositionmapcreator/j/e'>
 at bci 1 for thread 0x00007fc978012000 (main)
[1.580s][info][exceptions] Exception <a 'com/amazon/kcfpositionmapcreator/e/b'{0x000000070cf2c9d8}>
 thrown in interpreter method <{method} {0x00000001327069f8} 'b' '(Lcom/amazon/kaf/c/s;)Lcom/amazon/kaf/c/av;' in 'com/amazon/kcfpositionmapcreator/j/e'>
 at bci 106 for thread 0x00007fc978012000 (main)
[1.580s][info][exceptions] Exception <a 'com/amazon/kcfpositionmapcreator/e/b'{0x000000070cf2c9d8}>
 thrown in interpreter method <{method} {0x00000001327068a0} 'a' '(Lcom/amazon/kaf/c/s;)Z' in 'com/amazon/kcfpositionmapcreator/j/e'>
 at bci 1 for thread 0x00007fc978012000 (main)
[1.595s][info][exceptions] Exception <a 'com/amazon/kcfpositionmapcreator/e/b'{0x000000070cfa82d8}>
 thrown in interpreter method <{method} {0x00000001327069f8} 'b' '(Lcom/amazon/kaf/c/s;)Lcom/amazon/kaf/c/av;' in 'com/amazon/kcfpositionmapcreator/j/e'>
 at bci 106 for thread 0x00007fc978012000 (main)
[1.595s][info][exceptions] Exception <a 'com/amazon/kcfpositionmapcreator/e/b'{0x000000070cfa82d8}>
 thrown in interpreter method <{method} {0x00000001327068a0} 'a' '(Lcom/amazon/kaf/c/s;)Z' in 'com/amazon/kcfpositionmapcreator/j/e'>
 at bci 1 for thread 0x00007fc978012000 (main)
[1.597s][info][exceptions] Exception <a 'com/amazon/kcfpositionmapcreator/e/b'{0x000000070cfb3a08}>
 thrown in interpreter method <{method} {0x00000001327069f8} 'b' '(Lcom/amazon/kaf/c/s;)Lcom/amazon/kaf/c/av;' in 'com/amazon/kcfpositionmapcreator/j/e'>
 at bci 106 for thread 0x00007fc978012000 (main)
[1.597s][info][exceptions] Exception <a 'com/amazon/kcfpositionmapcreator/e/b'{0x000000070cfb3a08}>
 thrown in interpreter method <{method} {0x00000001327068a0} 'a' '(Lcom/amazon/kaf/c/s;)Z' in 'com/amazon/kcfpositionmapcreator/j/e'>
 at bci 1 for thread 0x00007fc978012000 (main)
[1.609s][info][exceptions] Exception <a 'com/amazon/kcfpositionmapcreator/e/b'{0x000000070ce17e50}>
 thrown in interpreter method <{method} {0x00000001327069f8} 'b' '(Lcom/amazon/kaf/c/s;)Lcom/amazon/kaf/c/av;' in 'com/amazon/kcfpositionmapcreator/j/e'>
 at bci 106 for thread 0x00007fc978012000 (main)
[1.609s][info][exceptions] Exception <a 'com/amazon/kcfpositionmapcreator/e/b'{0x000000070ce17e50}>
 thrown in interpreter method <{method} {0x00000001327068a0} 'a' '(Lcom/amazon/kaf/c/s;)Z' in 'com/amazon/kcfpositionmapcreator/j/e'>
 at bci 1 for thread 0x00007fc978012000 (main)
[1.625s][info][exceptions] Exception <a 'com/amazon/kcfpositionmapcreator/e/b'{0x000000070ce68518}>
 thrown in interpreter method <{method} {0x00000001327069f8} 'b' '(Lcom/amazon/kaf/c/s;)Lcom/amazon/kaf/c/av;' in 'com/amazon/kcfpositionmapcreator/j/e'>
 at bci 106 for thread 0x00007fc978012000 (main)
[1.625s][info][exceptions] Exception <a 'com/amazon/kcfpositionmapcreator/e/b'{0x000000070ce68518}>
 thrown in interpreter method <{method} {0x00000001327068a0} 'a' '(Lcom/amazon/kaf/c/s;)Z' in 'com/amazon/kcfpositionmapcreator/j/e'>
 at bci 1 for thread 0x00007fc978012000 (main)
[1.640s][info][exceptions] Exception <a 'com/amazon/kcfpositionmapcreator/e/b'{0x000000070ce8d468}>
 thrown in interpreter method <{method} {0x00000001327069f8} 'b' '(Lcom/amazon/kaf/c/s;)Lcom/amazon/kaf/c/av;' in 'com/amazon/kcfpositionmapcreator/j/e'>
 at bci 106 for thread 0x00007fc978012000 (main)
[1.640s][info][exceptions] Exception <a 'com/amazon/kcfpositionmapcreator/e/b'{0x000000070ce8d468}>
 thrown in interpreter method <{method} {0x00000001327068a0} 'a' '(Lcom/amazon/kaf/c/s;)Z' in 'com/amazon/kcfpositionmapcreator/j/e'>
 at bci 1 for thread 0x00007fc978012000 (main)
[1.649s][info][exceptions] Exception <a 'com/amazon/kcfpositionmapcreator/e/b'{0x000000070ced1558}>
 thrown in interpreter method <{method} {0x0000000132027168} 'a' '(Lcom/amazon/kcfpositionmapcreator/d/m;Lcom/amazon/kcfpositionmapcreator/d/m;JJ)Lcom/amazon/kcfpositionmapcreator/d/m;' in 'com/amazon/kcfpositionmapcreator/d/j'>
 at bci 92 for thread 0x00007fc978012000 (main)
[1.649s][info][exceptions] Exception <a 'com/amazon/kcfpositionmapcreator/e/b'{0x000000070ced1558}>
 thrown in compiled method <{method} {0x00000001320225f0} 'a' '(Lcom/amazon/kcfpositionmapcreator/d/m;J)Z' in 'com/amazon/kcfpositionmapcreator/core/g'>
 at PC0x0000000115de752c for thread 0x00007fc978012000
[1.649s][info][exceptions] Thread 0x00007fc978012000 continuing at PC 0x0000000115de7d78 for exception thrown at PC 0x0000000115de752c
[1.650s][info][exceptions] Exception <a 'com/amazon/kcfpositionmapcreator/e/b'{0x000000070ced1558}>
 thrown in compiled method <{method} {0x0000000132024178} 'a' '(Lcom/amazon/kcfpositionmapcreator/d/m;J)Z' in 'com/amazon/kcfpositionmapcreator/core/e'>
 at PC0x0000000115dea36c for thread 0x00007fc978012000
[1.650s][info][exceptions] Thread 0x00007fc978012000 continuing at PC 0x0000000115dea371 for exception thrown at PC 0x0000000115dea36c
[1.666s][info][exceptions] Exception <a 'java/lang/NullPointerException'{0x000000070cd05518}>
 thrown in interpreter method <{method} {0x000000012fc9f110} 'c' '(Lcom/amazon/i/b;)Ljava/util/ResourceBundle;' in 'com/amazon/G/a'>
 at bci 22 for thread 0x00007fc978012000 (main)
[1.666s][info][exceptions] Exception <a 'java/lang/NullPointerException'{0x000000070cd05518}>
 thrown in interpreter method <{method} {0x000000012fc9f760} 'e' '(Lcom/amazon/i/b;)Ljava/lang/String;' in 'com/amazon/G/a'>
 at bci 5 for thread 0x00007fc978012000 (main)
[1.669s][info][exceptions] Exception <a 'java/lang/NullPointerException'{0x000000070cd081b8}>
 thrown in interpreter method <{method} {0x000000012fc9f110} 'c' '(Lcom/amazon/i/b;)Ljava/util/ResourceBundle;' in 'com/amazon/G/a'>
 at bci 22 for thread 0x00007fc978012000 (main)
[1.669s][info][exceptions] Exception <a 'java/lang/NullPointerException'{0x000000070cd081b8}>
 thrown in interpreter method <{method} {0x000000012fc9f760} 'e' '(Lcom/amazon/i/b;)Ljava/lang/String;' in 'com/amazon/G/a'>
 at bci 5 for thread 0x00007fc978012000 (main)
[1.672s][info][exceptions] Exception <a 'java/lang/NullPointerException'{0x000000070cd22470}>
 thrown in interpreter method <{method} {0x000000012fc9f110} 'c' '(Lcom/amazon/i/b;)Ljava/util/ResourceBundle;' in 'com/amazon/G/a'>
 at bci 22 for thread 0x00007fc978012000 (main)
[1.672s][info][exceptions] Exception <a 'java/lang/NullPointerException'{0x000000070cd22470}>
 thrown in interpreter method <{method} {0x000000012fc9f760} 'e' '(Lcom/amazon/i/b;)Ljava/lang/String;' in 'com/amazon/G/a'>
 at bci 5 for thread 0x00007fc978012000 (main)
[1.674s][info][exceptions] Exception <a 'com/amazon/kcfpositionmapcreator/e/b'{0x000000070cd2a230}>
 thrown in interpreter method <{method} {0x0000000132027168} 'a' '(Lcom/amazon/kcfpositionmapcreator/d/m;Lcom/amazon/kcfpositionmapcreator/d/m;JJ)Lcom/amazon/kcfpositionmapcreator/d/m;' in 'com/amazon/kcfpositionmapcreator/d/j'>
 at bci 92 for thread 0x00007fc978012000 (main)
[1.674s][info][exceptions] Exception <a 'java/lang/NullPointerException'{0x000000070cd2b478}>
 thrown in interpreter method <{method} {0x000000012fc9f110} 'c' '(Lcom/amazon/i/b;)Ljava/util/ResourceBundle;' in 'com/amazon/G/a'>
 at bci 22 for thread 0x00007fc978012000 (main)
[1.674s][info][exceptions] Exception <a 'java/lang/NullPointerException'{0x000000070cd2b478}>
 thrown in interpreter method <{method} {0x000000012fc9f760} 'e' '(Lcom/amazon/i/b;)Ljava/lang/String;' in 'com/amazon/G/a'>
 at bci 5 for thread 0x00007fc978012000 (main)
[1.675s][info][exceptions] Exception <a 'java/lang/NullPointerException'{0x000000070cd2c7f0}>
 thrown in interpreter method <{method} {0x000000012fc9f110} 'c' '(Lcom/amazon/i/b;)Ljava/util/ResourceBundle;' in 'com/amazon/G/a'>
 at bci 22 for thread 0x00007fc978012000 (main)
[1.675s][info][exceptions] Exception <a 'java/lang/NullPointerException'{0x000000070cd2c7f0}>
 thrown in interpreter method <{method} {0x000000012fc9f760} 'e' '(Lcom/amazon/i/b;)Ljava/lang/String;' in 'com/amazon/G/a'>
 at bci 5 for thread 0x00007fc978012000 (main)
[1.677s][info][exceptions] Exception <a 'java/lang/NullPointerException'{0x000000070cd38ff8}>
 thrown in interpreter method <{method} {0x000000012fc9f110} 'c' '(Lcom/amazon/i/b;)Ljava/util/ResourceBundle;' in 'com/amazon/G/a'>
 at bci 22 for thread 0x00007fc978012000 (main)
[1.677s][info][exceptions] Exception <a 'java/lang/NullPointerException'{0x000000070cd38ff8}>
 thrown in interpreter method <{method} {0x000000012fc9f760} 'e' '(Lcom/amazon/i/b;)Ljava/lang/String;' in 'com/amazon/G/a'>
 at bci 5 for thread 0x00007fc978012000 (main)
[1.819s][info][exceptions] Exception <a 'com/amazon/kcfpositionmapcreator/e/b'{0x000000070c623ba8}>
 thrown in interpreter method <{method} {0x00000001327069f8} 'b' '(Lcom/amazon/kaf/c/s;)Lcom/amazon/kaf/c/av;' in 'com/amazon/kcfpositionmapcreator/j/e'>
 at bci 106 for thread 0x00007fc978012000 (main)
[1.820s][info][exceptions] Exception <a 'com/amazon/kcfpositionmapcreator/e/b'{0x000000070c623ba8}>
 thrown in interpreter method <{method} {0x00000001327068a0} 'a' '(Lcom/amazon/kaf/c/s;)Z' in 'com/amazon/kcfpositionmapcreator/j/e'>
 at bci 1 for thread 0x00007fc978012000 (main)
[1.867s][info][exceptions] Exception <a 'com/amazon/kcfpositionmapcreator/e/b'{0x000000070c4a5d58}>
 thrown in interpreter method <{method} {0x00000001327069f8} 'b' '(Lcom/amazon/kaf/c/s;)Lcom/amazon/kaf/c/av;' in 'com/amazon/kcfpositionmapcreator/j/e'>
 at bci 106 for thread 0x00007fc978012000 (main)
[1.867s][info][exceptions] Exception <a 'com/amazon/kcfpositionmapcreator/e/b'{0x000000070c4a5d58}>
 thrown in interpreter method <{method} {0x00000001327068a0} 'a' '(Lcom/amazon/kaf/c/s;)Z' in 'com/amazon/kcfpositionmapcreator/j/e'>
 at bci 1 for thread 0x00007fc978012000 (main)
[1.868s][info][exceptions] Exception <a 'com/amazon/kcfpositionmapcreator/e/b'{0x000000070c4d5188}>
 thrown in interpreter method <{method} {0x00000001327069f8} 'b' '(Lcom/amazon/kaf/c/s;)Lcom/amazon/kaf/c/av;' in 'com/amazon/kcfpositionmapcreator/j/e'>
 at bci 106 for thread 0x00007fc978012000 (main)
[1.868s][info][exceptions] Exception <a 'com/amazon/kcfpositionmapcreator/e/b'{0x000000070c4d5188}>
 thrown in interpreter method <{method} {0x00000001327068a0} 'a' '(Lcom/amazon/kaf/c/s;)Z' in 'com/amazon/kcfpositionmapcreator/j/e'>
 at bci 1 for thread 0x00007fc978012000 (main)
[1.889s][info][exceptions] Exception <a 'com/amazon/kcfpositionmapcreator/e/b'{0x000000070c28a1d8}>
 thrown in interpreter method <{method} {0x00000001327069f8} 'b' '(Lcom/amazon/kaf/c/s;)Lcom/amazon/kaf/c/av;' in 'com/amazon/kcfpositionmapcreator/j/e'>
 at bci 106 for thread 0x00007fc978012000 (main)
[1.889s][info][exceptions] Exception <a 'com/amazon/kcfpositionmapcreator/e/b'{0x000000070c28a1d8}>
 thrown in interpreter method <{method} {0x00000001327068a0} 'a' '(Lcom/amazon/kaf/c/s;)Z' in 'com/amazon/kcfpositionmapcreator/j/e'>
 at bci 1 for thread 0x00007fc978012000 (main)
[1.907s][info][exceptions] Exception <a 'com/amazon/kcfpositionmapcreator/e/b'{0x000000070c167e98}>
 thrown in interpreter method <{method} {0x00000001327069f8} 'b' '(Lcom/amazon/kaf/c/s;)Lcom/amazon/kaf/c/av;' in 'com/amazon/kcfpositionmapcreator/j/e'>
 at bci 106 for thread 0x00007fc978012000 (main)
[1.907s][info][exceptions] Exception <a 'com/amazon/kcfpositionmapcreator/e/b'{0x000000070c167e98}>
 thrown in interpreter method <{method} {0x00000001327068a0} 'a' '(Lcom/amazon/kaf/c/s;)Z' in 'com/amazon/kcfpositionmapcreator/j/e'>
 at bci 1 for thread 0x00007fc978012000 (main)
[1.907s][info][exceptions] Exception <a 'com/amazon/kcfpositionmapcreator/e/b'{0x000000070c1689a0}>
 thrown in interpreter method <{method} {0x00000001327069f8} 'b' '(Lcom/amazon/kaf/c/s;)Lcom/amazon/kaf/c/av;' in 'com/amazon/kcfpositionmapcreator/j/e'>
 at bci 106 for thread 0x00007fc978012000 (main)
[1.907s][info][exceptions] Exception <a 'com/amazon/kcfpositionmapcreator/e/b'{0x000000070c1689a0}>
 thrown in interpreter method <{method} {0x00000001327068a0} 'a' '(Lcom/amazon/kaf/c/s;)Z' in 'com/amazon/kcfpositionmapcreator/j/e'>
 at bci 1 for thread 0x00007fc978012000 (main)
[1.907s][info][exceptions] Exception <a 'com/amazon/kcfpositionmapcreator/e/b'{0x000000070c169658}>
 thrown in interpreter method <{method} {0x00000001327069f8} 'b' '(Lcom/amazon/kaf/c/s;)Lcom/amazon/kaf/c/av;' in 'com/amazon/kcfpositionmapcreator/j/e'>
 at bci 106 for thread 0x00007fc978012000 (main)
[1.907s][info][exceptions] Exception <a 'com/amazon/kcfpositionmapcreator/e/b'{0x000000070c169658}>
 thrown in interpreter method <{method} {0x00000001327068a0} 'a' '(Lcom/amazon/kaf/c/s;)Z' in 'com/amazon/kcfpositionmapcreator/j/e'>
 at bci 1 for thread 0x00007fc978012000 (main)
[1.907s][info][exceptions] Exception <a 'com/amazon/kcfpositionmapcreator/e/b'{0x000000070c16a1f8}>
 thrown in interpreter method <{method} {0x00000001327069f8} 'b' '(Lcom/amazon/kaf/c/s;)Lcom/amazon/kaf/c/av;' in 'com/amazon/kcfpositionmapcreator/j/e'>
 at bci 106 for thread 0x00007fc978012000 (main)
[1.907s][info][exceptions] Exception <a 'com/amazon/kcfpositionmapcreator/e/b'{0x000000070c16a1f8}>
 thrown in interpreter method <{method} {0x00000001327068a0} 'a' '(Lcom/amazon/kaf/c/s;)Z' in 'com/amazon/kcfpositionmapcreator/j/e'>
 at bci 1 for thread 0x00007fc978012000 (main)
[1.907s][info][exceptions] Exception <a 'com/amazon/kcfpositionmapcreator/e/b'{0x000000070c1712e0}>
 thrown in interpreter method <{method} {0x00000001327069f8} 'b' '(Lcom/amazon/kaf/c/s;)Lcom/amazon/kaf/c/av;' in 'com/amazon/kcfpositionmapcreator/j/e'>
 at bci 106 for thread 0x00007fc978012000 (main)
[1.907s][info][exceptions] Exception <a 'com/amazon/kcfpositionmapcreator/e/b'{0x000000070c1712e0}>
 thrown in interpreter method <{method} {0x00000001327068a0} 'a' '(Lcom/amazon/kaf/c/s;)Z' in 'com/amazon/kcfpositionmapcreator/j/e'>
 at bci 1 for thread 0x00007fc978012000 (main)
[1.907s][info][exceptions] Exception <a 'com/amazon/kcfpositionmapcreator/e/b'{0x000000070c176db8}>
 thrown in interpreter method <{method} {0x00000001327069f8} 'b' '(Lcom/amazon/kaf/c/s;)Lcom/amazon/kaf/c/av;' in 'com/amazon/kcfpositionmapcreator/j/e'>
 at bci 106 for thread 0x00007fc978012000 (main)
[1.907s][info][exceptions] Exception <a 'com/amazon/kcfpositionmapcreator/e/b'{0x000000070c176db8}>
 thrown in interpreter method <{method} {0x00000001327068a0} 'a' '(Lcom/amazon/kaf/c/s;)Z' in 'com/amazon/kcfpositionmapcreator/j/e'>
 at bci 1 for thread 0x00007fc978012000 (main)
[1.907s][info][exceptions] Exception <a 'com/amazon/kcfpositionmapcreator/e/b'{0x000000070c17af88}>
 thrown in interpreter method <{method} {0x00000001327069f8} 'b' '(Lcom/amazon/kaf/c/s;)Lcom/amazon/kaf/c/av;' in 'com/amazon/kcfpositionmapcreator/j/e'>
 at bci 106 for thread 0x00007fc978012000 (main)
[1.907s][info][exceptions] Exception <a 'com/amazon/kcfpositionmapcreator/e/b'{0x000000070c17af88}>
 thrown in interpreter method <{method} {0x00000001327068a0} 'a' '(Lcom/amazon/kaf/c/s;)Z' in 'com/amazon/kcfpositionmapcreator/j/e'>
 at bci 1 for thread 0x00007fc978012000 (main)
[1.908s][info][exceptions] Exception <a 'com/amazon/kcfpositionmapcreator/e/b'{0x000000070c182b50}>
 thrown in interpreter method <{method} {0x00000001327069f8} 'b' '(Lcom/amazon/kaf/c/s;)Lcom/amazon/kaf/c/av;' in 'com/amazon/kcfpositionmapcreator/j/e'>
 at bci 106 for thread 0x00007fc978012000 (main)
[1.908s][info][exceptions] Exception <a 'com/amazon/kcfpositionmapcreator/e/b'{0x000000070c182b50}>
 thrown in interpreter method <{method} {0x00000001327068a0} 'a' '(Lcom/amazon/kaf/c/s;)Z' in 'com/amazon/kcfpositionmapcreator/j/e'>
 at bci 1 for thread 0x00007fc978012000 (main)
[1.908s][info][exceptions] Exception <a 'com/amazon/kcfpositionmapcreator/e/b'{0x000000070c183808}>
 thrown in interpreter method <{method} {0x00000001327069f8} 'b' '(Lcom/amazon/kaf/c/s;)Lcom/amazon/kaf/c/av;' in 'com/amazon/kcfpositionmapcreator/j/e'>
 at bci 106 for thread 0x00007fc978012000 (main)
[1.908s][info][exceptions] Exception <a 'com/amazon/kcfpositionmapcreator/e/b'{0x000000070c183808}>
 thrown in interpreter method <{method} {0x00000001327068a0} 'a' '(Lcom/amazon/kaf/c/s;)Z' in 'com/amazon/kcfpositionmapcreator/j/e'>
 at bci 1 for thread 0x00007fc978012000 (main)
[1.908s][info][exceptions] Exception <a 'com/amazon/kcfpositionmapcreator/e/b'{0x000000070c1843a8}>
 thrown in interpreter method <{method} {0x00000001327069f8} 'b' '(Lcom/amazon/kaf/c/s;)Lcom/amazon/kaf/c/av;' in 'com/amazon/kcfpositionmapcreator/j/e'>
 at bci 106 for thread 0x00007fc978012000 (main)
[1.908s][info][exceptions] Exception <a 'com/amazon/kcfpositionmapcreator/e/b'{0x000000070c1843a8}>
 thrown in interpreter method <{method} {0x00000001327068a0} 'a' '(Lcom/amazon/kaf/c/s;)Z' in 'com/amazon/kcfpositionmapcreator/j/e'>
 at bci 1 for thread 0x00007fc978012000 (main)
[1.911s][info][exceptions] Exception <a 'com/amazon/kcfpositionmapcreator/e/b'{0x000000070c189118}>
 thrown in interpreter method <{method} {0x00000001327068a0} 'a' '(Lcom/amazon/kaf/c/s;)Z' in 'com/amazon/kcfpositionmapcreator/j/e'>
 at bci 1 for thread 0x00007fc978012000 (main)
[1.911s][info][exceptions] Exception <a 'com/amazon/kcfpositionmapcreator/e/b'{0x000000070c196c58}>
 thrown in interpreter method <{method} {0x00000001327068a0} 'a' '(Lcom/amazon/kaf/c/s;)Z' in 'com/amazon/kcfpositionmapcreator/j/e'>
 at bci 1 for thread 0x00007fc978012000 (main)
[1.911s][info][exceptions] Exception <a 'com/amazon/kcfpositionmapcreator/e/b'{0x000000070c19a4d8}>
 thrown in interpreter method <{method} {0x00000001327068a0} 'a' '(Lcom/amazon/kaf/c/s;)Z' in 'com/amazon/kcfpositionmapcreator/j/e'>
 at bci 1 for thread 0x00007fc978012000 (main)
[1.912s][info][exceptions] Exception <a 'com/amazon/kcfpositionmapcreator/e/b'{0x000000070c19ced0}>
 thrown in interpreter method <{method} {0x00000001327068a0} 'a' '(Lcom/amazon/kaf/c/s;)Z' in 'com/amazon/kcfpositionmapcreator/j/e'>
 at bci 1 for thread 0x00007fc978012000 (main)
[1.912s][info][exceptions] Exception <a 'com/amazon/kcfpositionmapcreator/e/b'{0x000000070c19da70}>
 thrown in interpreter method <{method} {0x00000001327068a0} 'a' '(Lcom/amazon/kaf/c/s;)Z' in 'com/amazon/kcfpositionmapcreator/j/e'>
 at bci 1 for thread 0x00007fc978012000 (main)
[1.912s][info][exceptions] Exception <a 'com/amazon/kcfpositionmapcreator/e/b'{0x000000070c1a5c20}>
 thrown in interpreter method <{method} {0x00000001327068a0} 'a' '(Lcom/amazon/kaf/c/s;)Z' in 'com/amazon/kcfpositionmapcreator/j/e'>
 at bci 1 for thread 0x00007fc978012000 (main)
[1.912s][info][exceptions] Exception <a 'com/amazon/kcfpositionmapcreator/e/b'{0x000000070c1b41d0}>
 thrown in interpreter method <{method} {0x00000001327068a0} 'a' '(Lcom/amazon/kaf/c/s;)Z' in 'com/amazon/kcfpositionmapcreator/j/e'>
 at bci 1 for thread 0x00007fc978012000 (main)
[1.912s][info][exceptions] Exception <a 'com/amazon/kcfpositionmapcreator/e/b'{0x000000070c1b7a50}>
 thrown in interpreter method <{method} {0x00000001327068a0} 'a' '(Lcom/amazon/kaf/c/s;)Z' in 'com/amazon/kcfpositionmapcreator/j/e'>
 at bci 1 for thread 0x00007fc978012000 (main)
[1.913s][info][exceptions] Exception <a 'com/amazon/kcfpositionmapcreator/e/b'{0x000000070c1ba448}>
 thrown in interpreter method <{method} {0x00000001327068a0} 'a' '(Lcom/amazon/kaf/c/s;)Z' in 'com/amazon/kcfpositionmapcreator/j/e'>
 at bci 1 for thread 0x00007fc978012000 (main)
[1.913s][info][exceptions] Exception <a 'com/amazon/kcfpositionmapcreator/e/b'{0x000000070c1bafe8}>
 thrown in interpreter method <{method} {0x00000001327068a0} 'a' '(Lcom/amazon/kaf/c/s;)Z' in 'com/amazon/kcfpositionmapcreator/j/e'>
 at bci 1 for thread 0x00007fc978012000 (main)
[1.913s][info][exceptions] Exception <a 'com/amazon/kcfpositionmapcreator/e/b'{0x000000070c1beda0}>
 thrown in interpreter method <{method} {0x00000001327068a0} 'a' '(Lcom/amazon/kaf/c/s;)Z' in 'com/amazon/kcfpositionmapcreator/j/e'>
 at bci 1 for thread 0x00007fc978012000 (main)
[1.913s][info][exceptions] Exception <a 'com/amazon/kcfpositionmapcreator/e/b'{0x000000070c1cb938}>
 thrown in interpreter method <{method} {0x00000001327068a0} 'a' '(Lcom/amazon/kaf/c/s;)Z' in 'com/amazon/kcfpositionmapcreator/j/e'>
 at bci 1 for thread 0x00007fc978012000 (main)
[1.913s][info][exceptions] Exception <a 'com/amazon/kcfpositionmapcreator/e/b'{0x000000070c1cf1b8}>
 thrown in interpreter method <{method} {0x00000001327068a0} 'a' '(Lcom/amazon/kaf/c/s;)Z' in 'com/amazon/kcfpositionmapcreator/j/e'>
 at bci 1 for thread 0x00007fc978012000 (main)
[1.913s][info][exceptions] Exception <a 'com/amazon/kcfpositionmapcreator/e/b'{0x000000070c1d1bb0}>
 thrown in interpreter method <{method} {0x00000001327068a0} 'a' '(Lcom/amazon/kaf/c/s;)Z' in 'com/amazon/kcfpositionmapcreator/j/e'>
 at bci 1 for thread 0x00007fc978012000 (main)
[1.914s][info][exceptions] Exception <a 'com/amazon/kcfpositionmapcreator/e/b'{0x000000070c1d2750}>
 thrown in interpreter method <{method} {0x00000001327068a0} 'a' '(Lcom/amazon/kaf/c/s;)Z' in 'com/amazon/kcfpositionmapcreator/j/e'>
 at bci 1 for thread 0x00007fc978012000 (main)
[1.915s][info][exceptions] Exception <a 'com/amazon/kcfpositionmapcreator/e/b'{0x000000070c1d6508}>
 thrown in interpreter method <{method} {0x00000001327068a0} 'a' '(Lcom/amazon/kaf/c/s;)Z' in 'com/amazon/kcfpositionmapcreator/j/e'>
 at bci 1 for thread 0x00007fc978012000 (main)
[1.917s][info][exceptions] Exception <a 'com/amazon/kcfpositionmapcreator/e/b'{0x000000070c1e5418}>
 thrown in interpreter method <{method} {0x00000001327068a0} 'a' '(Lcom/amazon/kaf/c/s;)Z' in 'com/amazon/kcfpositionmapcreator/j/e'>
 at bci 1 for thread 0x00007fc978012000 (main)
[1.917s][info][exceptions] Exception <a 'com/amazon/kcfpositionmapcreator/e/b'{0x000000070c1e8c98}>
 thrown in interpreter method <{method} {0x00000001327068a0} 'a' '(Lcom/amazon/kaf/c/s;)Z' in 'com/amazon/kcfpositionmapcreator/j/e'>
 at bci 1 for thread 0x00007fc978012000 (main)
[1.917s][info][exceptions] Exception <a 'com/amazon/kcfpositionmapcreator/e/b'{0x000000070c1eb690}>
 thrown in interpreter method <{method} {0x00000001327068a0} 'a' '(Lcom/amazon/kaf/c/s;)Z' in 'com/amazon/kcfpositionmapcreator/j/e'>
 at bci 1 for thread 0x00007fc978012000 (main)
[1.917s][info][exceptions] Exception <a 'com/amazon/kcfpositionmapcreator/e/b'{0x000000070c1ec230}>
 thrown in interpreter method <{method} {0x00000001327068a0} 'a' '(Lcom/amazon/kaf/c/s;)Z' in 'com/amazon/kcfpositionmapcreator/j/e'>
 at bci 1 for thread 0x00007fc978012000 (main)
[1.918s][info][exceptions] Exception <a 'com/amazon/kcfpositionmapcreator/e/b'{0x000000070c1f3970}>
 thrown in interpreter method <{method} {0x00000001327068a0} 'a' '(Lcom/amazon/kaf/c/s;)Z' in 'com/amazon/kcfpositionmapcreator/j/e'>
 at bci 1 for thread 0x00007fc978012000 (main)
[1.918s][info][exceptions] Exception <a 'com/amazon/kcfpositionmapcreator/e/b'{0x000000070c000510}>
 thrown in interpreter method <{method} {0x00000001327068a0} 'a' '(Lcom/amazon/kaf/c/s;)Z' in 'com/amazon/kcfpositionmapcreator/j/e'>
 at bci 1 for thread 0x00007fc978012000 (main)
[1.918s][info][exceptions] Exception <a 'com/amazon/kcfpositionmapcreator/e/b'{0x000000070c003560}>
 thrown in interpreter method <{method} {0x00000001327068a0} 'a' '(Lcom/amazon/kaf/c/s;)Z' in 'com/amazon/kcfpositionmapcreator/j/e'>
 at bci 1 for thread 0x00007fc978012000 (main)
[1.919s][info][exceptions] Exception <a 'com/amazon/kcfpositionmapcreator/e/b'{0x000000070c005f58}>
 thrown in interpreter method <{method} {0x00000001327068a0} 'a' '(Lcom/amazon/kaf/c/s;)Z' in 'com/amazon/kcfpositionmapcreator/j/e'>
 at bci 1 for thread 0x00007fc978012000 (main)
[1.920s][info][exceptions] Exception <a 'com/amazon/kcfpositionmapcreator/e/b'{0x000000070c006af8}>
 thrown in interpreter method <{method} {0x00000001327068a0} 'a' '(Lcom/amazon/kaf/c/s;)Z' in 'com/amazon/kcfpositionmapcreator/j/e'>
 at bci 1 for thread 0x00007fc978012000 (main)
[1.921s][info][exceptions] Exception <a 'com/amazon/kcfpositionmapcreator/e/b'{0x000000070c00c810}>
 thrown in interpreter method <{method} {0x00000001327068a0} 'a' '(Lcom/amazon/kaf/c/s;)Z' in 'com/amazon/kcfpositionmapcreator/j/e'>
 at bci 1 for thread 0x00007fc978012000 (main)
[1.922s][info][exceptions] Exception <a 'com/amazon/kcfpositionmapcreator/e/b'{0x000000070c01d790}>
 thrown in interpreter method <{method} {0x00000001327068a0} 'a' '(Lcom/amazon/kaf/c/s;)Z' in 'com/amazon/kcfpositionmapcreator/j/e'>
 at bci 1 for thread 0x00007fc978012000 (main)
[1.922s][info][exceptions] Exception <a 'com/amazon/kcfpositionmapcreator/e/b'{0x000000070c0205a0}>
 thrown in interpreter method <{method} {0x00000001327068a0} 'a' '(Lcom/amazon/kaf/c/s;)Z' in 'com/amazon/kcfpositionmapcreator/j/e'>
 at bci 1 for thread 0x00007fc978012000 (main)
[1.922s][info][exceptions] Exception <a 'com/amazon/kcfpositionmapcreator/e/b'{0x000000070c022f98}>
 thrown in interpreter method <{method} {0x00000001327068a0} 'a' '(Lcom/amazon/kaf/c/s;)Z' in 'com/amazon/kcfpositionmapcreator/j/e'>
 at bci 1 for thread 0x00007fc978012000 (main)
[1.922s][info][exceptions] Exception <a 'com/amazon/kcfpositionmapcreator/e/b'{0x000000070c023b38}>
 thrown in interpreter method <{method} {0x00000001327068a0} 'a' '(Lcom/amazon/kaf/c/s;)Z' in 'com/amazon/kcfpositionmapcreator/j/e'>
 at bci 1 for thread 0x00007fc978012000 (main)
[1.922s][info][exceptions] Exception <a 'com/amazon/kcfpositionmapcreator/e/b'{0x000000070c029850}>
 thrown in interpreter method <{method} {0x00000001327068a0} 'a' '(Lcom/amazon/kaf/c/s;)Z' in 'com/amazon/kcfpositionmapcreator/j/e'>
 at bci 1 for thread 0x00007fc978012000 (main)
[1.923s][info][exceptions] Exception <a 'com/amazon/kcfpositionmapcreator/e/b'{0x000000070c037570}>
 thrown in interpreter method <{method} {0x00000001327068a0} 'a' '(Lcom/amazon/kaf/c/s;)Z' in 'com/amazon/kcfpositionmapcreator/j/e'>
 at bci 1 for thread 0x00007fc978012000 (main)
[1.926s][info][exceptions] Exception <a 'com/amazon/kcfpositionmapcreator/e/b'{0x000000070c03a380}>
 thrown in interpreter method <{method} {0x00000001327068a0} 'a' '(Lcom/amazon/kaf/c/s;)Z' in 'com/amazon/kcfpositionmapcreator/j/e'>
 at bci 1 for thread 0x00007fc978012000 (main)
[1.926s][info][exceptions] Exception <a 'com/amazon/kcfpositionmapcreator/e/b'{0x000000070c03cd78}>
 thrown in interpreter method <{method} {0x00000001327068a0} 'a' '(Lcom/amazon/kaf/c/s;)Z' in 'com/amazon/kcfpositionmapcreator/j/e'>
 at bci 1 for thread 0x00007fc978012000 (main)
[1.926s][info][exceptions] Exception <a 'com/amazon/kcfpositionmapcreator/e/b'{0x000000070c03d918}>
 thrown in interpreter method <{method} {0x00000001327068a0} 'a' '(Lcom/amazon/kaf/c/s;)Z' in 'com/amazon/kcfpositionmapcreator/j/e'>
 at bci 1 for thread 0x00007fc978012000 (main)
[1.926s][info][exceptions] Exception <a 'com/amazon/kcfpositionmapcreator/e/b'{0x000000070c042688}>
 thrown in interpreter method <{method} {0x00000001327068a0} 'a' '(Lcom/amazon/kaf/c/s;)Z' in 'com/amazon/kcfpositionmapcreator/j/e'>
 at bci 1 for thread 0x00007fc978012000 (main)
[1.927s][info][exceptions] Exception <a 'com/amazon/kcfpositionmapcreator/e/b'{0x000000070c053910}>
 thrown in interpreter method <{method} {0x00000001327068a0} 'a' '(Lcom/amazon/kaf/c/s;)Z' in 'com/amazon/kcfpositionmapcreator/j/e'>
 at bci 1 for thread 0x00007fc978012000 (main)
[1.927s][info][exceptions] Exception <a 'com/amazon/kcfpositionmapcreator/e/b'{0x000000070c057190}>
 thrown in interpreter method <{method} {0x00000001327068a0} 'a' '(Lcom/amazon/kaf/c/s;)Z' in 'com/amazon/kcfpositionmapcreator/j/e'>
 at bci 1 for thread 0x00007fc978012000 (main)
[1.944s][info][exceptions] Exception <a 'com/amazon/kcfpositionmapcreator/e/b'{0x000000070be6f9d0}>
 thrown in interpreter method <{method} {0x00000001327068a0} 'a' '(Lcom/amazon/kaf/c/s;)Z' in 'com/amazon/kcfpositionmapcreator/j/e'>
 at bci 1 for thread 0x00007fc978012000 (main)
[1.945s][info][exceptions] Exception <a 'com/amazon/kcfpositionmapcreator/e/b'{0x000000070be763a8}>
 thrown in interpreter method <{method} {0x00000001327068a0} 'a' '(Lcom/amazon/kaf/c/s;)Z' in 'com/amazon/kcfpositionmapcreator/j/e'>
 at bci 1 for thread 0x00007fc978012000 (main)
[1.964s][info][exceptions] Exception <a 'com/amazon/kcfpositionmapcreator/e/b'{0x000000070bccd870}>
 thrown in interpreter method <{method} {0x00000001327068a0} 'a' '(Lcom/amazon/kaf/c/s;)Z' in 'com/amazon/kcfpositionmapcreator/j/e'>
 at bci 1 for thread 0x00007fc978012000 (main)
[1.972s][info][exceptions] Exception <a 'com/amazon/kcfpositionmapcreator/e/b'{0x000000070bb9ace0}>
 thrown in interpreter method <{method} {0x00000001327068a0} 'a' '(Lcom/amazon/kaf/c/s;)Z' in 'com/amazon/kcfpositionmapcreator/j/e'>
 at bci 1 for thread 0x00007fc978012000 (main)
[1.973s][info][exceptions] Exception <a 'com/amazon/kcfpositionmapcreator/e/b'{0x000000070bb9b7e8}>
 thrown in interpreter method <{method} {0x00000001327068a0} 'a' '(Lcom/amazon/kaf/c/s;)Z' in 'com/amazon/kcfpositionmapcreator/j/e'>
 at bci 1 for thread 0x00007fc978012000 (main)
[1.973s][info][exceptions] Exception <a 'com/amazon/kcfpositionmapcreator/e/b'{0x000000070bb9c770}>
 thrown in interpreter method <{method} {0x00000001327068a0} 'a' '(Lcom/amazon/kaf/c/s;)Z' in 'com/amazon/kcfpositionmapcreator/j/e'>
 at bci 1 for thread 0x00007fc978012000 (main)
[1.973s][info][exceptions] Exception <a 'com/amazon/kcfpositionmapcreator/e/b'{0x000000070bb9d310}>
 thrown in interpreter method <{method} {0x00000001327068a0} 'a' '(Lcom/amazon/kaf/c/s;)Z' in 'com/amazon/kcfpositionmapcreator/j/e'>
 at bci 1 for thread 0x00007fc978012000 (main)
[1.973s][info][exceptions] Exception <a 'com/amazon/kcfpositionmapcreator/e/b'{0x000000070bb9fbe8}>
 thrown in interpreter method <{method} {0x00000001327068a0} 'a' '(Lcom/amazon/kaf/c/s;)Z' in 'com/amazon/kcfpositionmapcreator/j/e'>
 at bci 1 for thread 0x00007fc978012000 (main)
[1.973s][info][exceptions] Exception <a 'com/amazon/kcfpositionmapcreator/e/b'{0x000000070bba19f0}>
 thrown in interpreter method <{method} {0x00000001327068a0} 'a' '(Lcom/amazon/kaf/c/s;)Z' in 'com/amazon/kcfpositionmapcreator/j/e'>
 at bci 1 for thread 0x00007fc978012000 (main)
[1.973s][info][exceptions] Exception <a 'com/amazon/kcfpositionmapcreator/e/b'{0x000000070bba37f8}>
 thrown in interpreter method <{method} {0x00000001327068a0} 'a' '(Lcom/amazon/kaf/c/s;)Z' in 'com/amazon/kcfpositionmapcreator/j/e'>
 at bci 1 for thread 0x00007fc978012000 (main)
[1.973s][info][exceptions] Exception <a 'com/amazon/kcfpositionmapcreator/e/b'{0x000000070bba5600}>
 thrown in interpreter method <{method} {0x00000001327068a0} 'a' '(Lcom/amazon/kaf/c/s;)Z' in 'com/amazon/kcfpositionmapcreator/j/e'>
 at bci 1 for thread 0x00007fc978012000 (main)
[1.973s][info][exceptions] Exception <a 'com/amazon/kcfpositionmapcreator/e/b'{0x000000070bba7408}>
 thrown in interpreter method <{method} {0x00000001327068a0} 'a' '(Lcom/amazon/kaf/c/s;)Z' in 'com/amazon/kcfpositionmapcreator/j/e'>
 at bci 1 for thread 0x00007fc978012000 (main)
[1.973s][info][exceptions] Exception <a 'com/amazon/kcfpositionmapcreator/e/b'{0x000000070bba9210}>
 thrown in interpreter method <{method} {0x00000001327068a0} 'a' '(Lcom/amazon/kaf/c/s;)Z' in 'com/amazon/kcfpositionmapcreator/j/e'>
 at bci 1 for thread 0x00007fc978012000 (main)
[1.973s][info][exceptions] Exception <a 'com/amazon/kcfpositionmapcreator/e/b'{0x000000070bbab018}>
 thrown in interpreter method <{method} {0x00000001327068a0} 'a' '(Lcom/amazon/kaf/c/s;)Z' in 'com/amazon/kcfpositionmapcreator/j/e'>
 at bci 1 for thread 0x00007fc978012000 (main)
[1.974s][info][exceptions] Exception <a 'com/amazon/kcfpositionmapcreator/e/b'{0x000000070bbace20}>
 thrown in interpreter method <{method} {0x00000001327068a0} 'a' '(Lcom/amazon/kaf/c/s;)Z' in 'com/amazon/kcfpositionmapcreator/j/e'>
 at bci 1 for thread 0x00007fc978012000 (main)
[1.974s][info][exceptions] Exception <a 'com/amazon/kcfpositionmapcreator/e/b'{0x000000070bbaec28}>
 thrown in interpreter method <{method} {0x00000001327068a0} 'a' '(Lcom/amazon/kaf/c/s;)Z' in 'com/amazon/kcfpositionmapcreator/j/e'>
 at bci 1 for thread 0x00007fc978012000 (main)
[1.974s][info][exceptions] Exception <a 'com/amazon/kcfpositionmapcreator/e/b'{0x000000070bbafbb0}>
 thrown in interpreter method <{method} {0x00000001327068a0} 'a' '(Lcom/amazon/kaf/c/s;)Z' in 'com/amazon/kcfpositionmapcreator/j/e'>
 at bci 1 for thread 0x00007fc978012000 (main)
[1.974s][info][exceptions] Exception <a 'com/amazon/kcfpositionmapcreator/e/b'{0x000000070bbb0750}>
 thrown in interpreter method <{method} {0x00000001327068a0} 'a' '(Lcom/amazon/kaf/c/s;)Z' in 'com/amazon/kcfpositionmapcreator/j/e'>
 at bci 1 for thread 0x00007fc978012000 (main)
[1.974s][info][exceptions] Exception <a 'com/amazon/kcfpositionmapcreator/e/b'{0x000000070bbb58d8}>
 thrown in interpreter method <{method} {0x00000001327068a0} 'a' '(Lcom/amazon/kaf/c/s;)Z' in 'com/amazon/kcfpositionmapcreator/j/e'>
 at bci 1 for thread 0x00007fc978012000 (main)
[1.974s][info][exceptions] Exception <a 'com/amazon/kcfpositionmapcreator/e/b'{0x000000070bbb9b90}>
 thrown in interpreter method <{method} {0x00000001327068a0} 'a' '(Lcom/amazon/kaf/c/s;)Z' in 'com/amazon/kcfpositionmapcreator/j/e'>
 at bci 1 for thread 0x00007fc978012000 (main)
[1.974s][info][exceptions] Exception <a 'com/amazon/kcfpositionmapcreator/e/b'{0x000000070bbbbf30}>
 thrown in interpreter method <{method} {0x00000001327068a0} 'a' '(Lcom/amazon/kaf/c/s;)Z' in 'com/amazon/kcfpositionmapcreator/j/e'>
 at bci 1 for thread 0x00007fc978012000 (main)
[1.974s][info][exceptions] Exception <a 'com/amazon/kcfpositionmapcreator/e/b'{0x000000070bbbe2d0}>
 thrown in interpreter method <{method} {0x00000001327068a0} 'a' '(Lcom/amazon/kaf/c/s;)Z' in 'com/amazon/kcfpositionmapcreator/j/e'>
 at bci 1 for thread 0x00007fc978012000 (main)
[1.974s][info][exceptions] Exception <a 'com/amazon/kcfpositionmapcreator/e/b'{0x000000070bbc0670}>
 thrown in interpreter method <{method} {0x00000001327068a0} 'a' '(Lcom/amazon/kaf/c/s;)Z' in 'com/amazon/kcfpositionmapcreator/j/e'>
 at bci 1 for thread 0x00007fc978012000 (main)
[1.974s][info][exceptions] Exception <a 'com/amazon/kcfpositionmapcreator/e/b'{0x000000070bbc2478}>
 thrown in interpreter method <{method} {0x00000001327068a0} 'a' '(Lcom/amazon/kaf/c/s;)Z' in 'com/amazon/kcfpositionmapcreator/j/e'>
 at bci 1 for thread 0x00007fc978012000 (main)
[1.975s][info][exceptions] Exception <a 'com/amazon/kcfpositionmapcreator/e/b'{0x000000070bbc4280}>
 thrown in interpreter method <{method} {0x00000001327068a0} 'a' '(Lcom/amazon/kaf/c/s;)Z' in 'com/amazon/kcfpositionmapcreator/j/e'>
 at bci 1 for thread 0x00007fc978012000 (main)
[1.975s][info][exceptions] Exception <a 'com/amazon/kcfpositionmapcreator/e/b'{0x000000070bbc6088}>
 thrown in interpreter method <{method} {0x00000001327068a0} 'a' '(Lcom/amazon/kaf/c/s;)Z' in 'com/amazon/kcfpositionmapcreator/j/e'>
 at bci 1 for thread 0x00007fc978012000 (main)
[1.975s][info][exceptions] Exception <a 'com/amazon/kcfpositionmapcreator/e/b'{0x000000070bbc8280}>
 thrown in interpreter method <{method} {0x00000001327068a0} 'a' '(Lcom/amazon/kaf/c/s;)Z' in 'com/amazon/kcfpositionmapcreator/j/e'>
 at bci 1 for thread 0x00007fc978012000 (main)
[1.975s][info][exceptions] Exception <a 'com/amazon/kcfpositionmapcreator/e/b'{0x000000070bbc8e20}>
 thrown in interpreter method <{method} {0x00000001327068a0} 'a' '(Lcom/amazon/kaf/c/s;)Z' in 'com/amazon/kcfpositionmapcreator/j/e'>
 at bci 1 for thread 0x00007fc978012000 (main)
[1.975s][info][exceptions] Exception <a 'com/amazon/kcfpositionmapcreator/e/b'{0x000000070bbcc168}>
 thrown in interpreter method <{method} {0x00000001327068a0} 'a' '(Lcom/amazon/kaf/c/s;)Z' in 'com/amazon/kcfpositionmapcreator/j/e'>
 at bci 1 for thread 0x00007fc978012000 (main)
[1.975s][info][exceptions] Exception <a 'com/amazon/kcfpositionmapcreator/e/b'{0x000000070bbcdf70}>
 thrown in interpreter method <{method} {0x00000001327068a0} 'a' '(Lcom/amazon/kaf/c/s;)Z' in 'com/amazon/kcfpositionmapcreator/j/e'>
 at bci 1 for thread 0x00007fc978012000 (main)
[1.976s][info][exceptions] Exception <a 'com/amazon/kcfpositionmapcreator/e/b'{0x000000070bbcfd78}>
 thrown in interpreter method <{method} {0x00000001327068a0} 'a' '(Lcom/amazon/kaf/c/s;)Z' in 'com/amazon/kcfpositionmapcreator/j/e'>
 at bci 1 for thread 0x00007fc978012000 (main)
[1.976s][info][exceptions] Exception <a 'com/amazon/kcfpositionmapcreator/e/b'{0x000000070bbd1b80}>
 thrown in interpreter method <{method} {0x00000001327068a0} 'a' '(Lcom/amazon/kaf/c/s;)Z' in 'com/amazon/kcfpositionmapcreator/j/e'>
 at bci 1 for thread 0x00007fc978012000 (main)
[1.976s][info][exceptions] Exception <a 'com/amazon/kcfpositionmapcreator/e/b'{0x000000070bbd3988}>
 thrown in interpreter method <{method} {0x00000001327068a0} 'a' '(Lcom/amazon/kaf/c/s;)Z' in 'com/amazon/kcfpositionmapcreator/j/e'>
 at bci 1 for thread 0x00007fc978012000 (main)
[1.976s][info][exceptions] Exception <a 'com/amazon/kcfpositionmapcreator/e/b'{0x000000070bbd5790}>
 thrown in interpreter method <{method} {0x00000001327068a0} 'a' '(Lcom/amazon/kaf/c/s;)Z' in 'com/amazon/kcfpositionmapcreator/j/e'>
 at bci 1 for thread 0x00007fc978012000 (main)
[1.976s][info][exceptions] Exception <a 'com/amazon/kcfpositionmapcreator/e/b'{0x000000070bbd7598}>
 thrown in interpreter method <{method} {0x00000001327068a0} 'a' '(Lcom/amazon/kaf/c/s;)Z' in 'com/amazon/kcfpositionmapcreator/j/e'>
 at bci 1 for thread 0x00007fc978012000 (main)
[1.977s][info][exceptions] Exception <a 'com/amazon/kcfpositionmapcreator/e/b'{0x000000070bbd93a0}>
 thrown in interpreter method <{method} {0x00000001327068a0} 'a' '(Lcom/amazon/kaf/c/s;)Z' in 'com/amazon/kcfpositionmapcreator/j/e'>
 at bci 1 for thread 0x00007fc978012000 (main)
[1.977s][info][exceptions] Exception <a 'com/amazon/kcfpositionmapcreator/e/b'{0x000000070bbdb330}>
 thrown in interpreter method <{method} {0x00000001327068a0} 'a' '(Lcom/amazon/kaf/c/s;)Z' in 'com/amazon/kcfpositionmapcreator/j/e'>
 at bci 1 for thread 0x00007fc978012000 (main)
[2.002s][info][exceptions] Exception <a 'com/amazon/kcfpositionmapcreator/e/b'{0x000000070b82de98}>
 thrown in interpreter method <{method} {0x00000001327068a0} 'a' '(Lcom/amazon/kaf/c/s;)Z' in 'com/amazon/kcfpositionmapcreator/j/e'>
 at bci 1 for thread 0x00007fc978012000 (main)
[2.003s][info][exceptions] Exception <a 'com/amazon/kcfpositionmapcreator/e/b'{0x000000070b834728}>
 thrown in interpreter method <{method} {0x00000001327068a0} 'a' '(Lcom/amazon/kaf/c/s;)Z' in 'com/amazon/kcfpositionmapcreator/j/e'>
 at bci 1 for thread 0x00007fc978012000 (main)
[2.025s][info][exceptions] Exception <a 'com/amazon/kcfpositionmapcreator/e/b'{0x000000070b6d6a08}>
 thrown in interpreter method <{method} {0x00000001327068a0} 'a' '(Lcom/amazon/kaf/c/s;)Z' in 'com/amazon/kcfpositionmapcreator/j/e'>
 at bci 1 for thread 0x00007fc978012000 (main)
[2.036s][info][exceptions] Exception <a 'com/amazon/kcfpositionmapcreator/e/b'{0x000000070b5b6878}>
 thrown in interpreter method <{method} {0x00000001327068a0} 'a' '(Lcom/amazon/kaf/c/s;)Z' in 'com/amazon/kcfpositionmapcreator/j/e'>
 at bci 1 for thread 0x00007fc978012000 (main)
[2.056s][info][exceptions] Exception <a 'com/amazon/kcfpositionmapcreator/e/b'{0x000000070b2a6138}>
 thrown in interpreter method <{method} {0x00000001327068a0} 'a' '(Lcom/amazon/kaf/c/s;)Z' in 'com/amazon/kcfpositionmapcreator/j/e'>
 at bci 1 for thread 0x00007fc978012000 (main)
[2.056s][info][exceptions] Exception <a 'com/amazon/kcfpositionmapcreator/e/b'{0x000000070b2acae8}>
 thrown in interpreter method <{method} {0x00000001327068a0} 'a' '(Lcom/amazon/kaf/c/s;)Z' in 'com/amazon/kcfpositionmapcreator/j/e'>
 at bci 1 for thread 0x00007fc978012000 (main)
[2.065s][info][exceptions] Exception <a 'com/amazon/kcfpositionmapcreator/e/b'{0x000000070b1f99c8}>
 thrown in interpreter method <{method} {0x00000001327068a0} 'a' '(Lcom/amazon/kaf/c/s;)Z' in 'com/amazon/kcfpositionmapcreator/j/e'>
 at bci 1 for thread 0x00007fc978012000 (main)
[2.065s][info][exceptions] Exception <a 'com/amazon/kcfpositionmapcreator/e/b'{0x000000070b1fa498}>
 thrown in interpreter method <{method} {0x00000001327068a0} 'a' '(Lcom/amazon/kaf/c/s;)Z' in 'com/amazon/kcfpositionmapcreator/j/e'>
 at bci 1 for thread 0x00007fc978012000 (main)
[2.065s][info][exceptions] Exception <a 'com/amazon/kcfpositionmapcreator/e/b'{0x000000070b1fb1a8}>
 thrown in interpreter method <{method} {0x00000001327068a0} 'a' '(Lcom/amazon/kaf/c/s;)Z' in 'com/amazon/kcfpositionmapcreator/j/e'>
 at bci 1 for thread 0x00007fc978012000 (main)
[2.065s][info][exceptions] Exception <a 'com/amazon/kcfpositionmapcreator/e/b'{0x000000070b1fbd10}>
 thrown in interpreter method <{method} {0x00000001327068a0} 'a' '(Lcom/amazon/kaf/c/s;)Z' in 'com/amazon/kcfpositionmapcreator/j/e'>
 at bci 1 for thread 0x00007fc978012000 (main)
[2.065s][info][exceptions] Exception <a 'com/amazon/kcfpositionmapcreator/e/b'{0x000000070b1fef70}>
 thrown in interpreter method <{method} {0x00000001327068a0} 'a' '(Lcom/amazon/kaf/c/s;)Z' in 'com/amazon/kcfpositionmapcreator/j/e'>
 at bci 1 for thread 0x00007fc978012000 (main)
[2.066s][info][exceptions] Exception <a 'com/amazon/kcfpositionmapcreator/e/b'{0x000000070b002148}>
 thrown in interpreter method <{method} {0x00000001327068a0} 'a' '(Lcom/amazon/kaf/c/s;)Z' in 'com/amazon/kcfpositionmapcreator/j/e'>
 at bci 1 for thread 0x00007fc978012000 (main)
[2.066s][info][exceptions] Exception <a 'com/amazon/kcfpositionmapcreator/e/b'{0x000000070b0053a8}>
 thrown in interpreter method <{method} {0x00000001327068a0} 'a' '(Lcom/amazon/kaf/c/s;)Z' in 'com/amazon/kcfpositionmapcreator/j/e'>
 at bci 1 for thread 0x00007fc978012000 (main)
[2.066s][info][exceptions] Exception <a 'com/amazon/kcfpositionmapcreator/e/b'{0x000000070b0080e8}>
 thrown in interpreter method <{method} {0x00000001327068a0} 'a' '(Lcom/amazon/kaf/c/s;)Z' in 'com/amazon/kcfpositionmapcreator/j/e'>
 at bci 1 for thread 0x00007fc978012000 (main)
[2.066s][info][exceptions] Exception <a 'com/amazon/kcfpositionmapcreator/e/b'{0x000000070b00c748}>
 thrown in interpreter method <{method} {0x00000001327068a0} 'a' '(Lcom/amazon/kaf/c/s;)Z' in 'com/amazon/kcfpositionmapcreator/j/e'>
 at bci 1 for thread 0x00007fc978012000 (main)
[2.066s][info][exceptions] Exception <a 'com/amazon/kcfpositionmapcreator/e/b'{0x000000070b00d458}>
 thrown in interpreter method <{method} {0x00000001327068a0} 'a' '(Lcom/amazon/kaf/c/s;)Z' in 'com/amazon/kcfpositionmapcreator/j/e'>
 at bci 1 for thread 0x00007fc978012000 (main)
[2.066s][info][exceptions] Exception <a 'com/amazon/kcfpositionmapcreator/e/b'{0x000000070b00dfc0}>
 thrown in interpreter method <{method} {0x00000001327068a0} 'a' '(Lcom/amazon/kaf/c/s;)Z' in 'com/amazon/kcfpositionmapcreator/j/e'>
 at bci 1 for thread 0x00007fc978012000 (main)
[2.066s][info][exceptions] Exception <a 'com/amazon/kcfpositionmapcreator/e/b'{0x000000070b012ab0}>
 thrown in interpreter method <{method} {0x00000001327068a0} 'a' '(Lcom/amazon/kaf/c/s;)Z' in 'com/amazon/kcfpositionmapcreator/j/e'>
 at bci 1 for thread 0x00007fc978012000 (main)
[2.066s][info][exceptions] Exception <a 'com/amazon/kcfpositionmapcreator/e/b'{0x000000070b015ff0}>
 thrown in interpreter method <{method} {0x00000001327068a0} 'a' '(Lcom/amazon/kaf/c/s;)Z' in 'com/amazon/kcfpositionmapcreator/j/e'>
 at bci 1 for thread 0x00007fc978012000 (main)
[2.067s][info][exceptions] Exception <a 'com/amazon/kcfpositionmapcreator/e/b'{0x000000070b018d30}>
 thrown in interpreter method <{method} {0x00000001327068a0} 'a' '(Lcom/amazon/kaf/c/s;)Z' in 'com/amazon/kcfpositionmapcreator/j/e'>
 at bci 1 for thread 0x00007fc978012000 (main)
[2.067s][info][exceptions] Exception <a 'com/amazon/kcfpositionmapcreator/e/b'{0x000000070b01bf90}>
 thrown in interpreter method <{method} {0x00000001327068a0} 'a' '(Lcom/amazon/kaf/c/s;)Z' in 'com/amazon/kcfpositionmapcreator/j/e'>
 at bci 1 for thread 0x00007fc978012000 (main)
[2.067s][info][exceptions] Exception <a 'com/amazon/kcfpositionmapcreator/e/b'{0x000000070b02b868}>
 thrown in interpreter method <{method} {0x00000001327068a0} 'a' '(Lcom/amazon/kaf/c/s;)Z' in 'com/amazon/kcfpositionmapcreator/j/e'>
 at bci 1 for thread 0x00007fc978012000 (main)
[2.067s][info][exceptions] Exception <a 'com/amazon/kcfpositionmapcreator/e/b'{0x000000070b02c3d0}>
 thrown in interpreter method <{method} {0x00000001327068a0} 'a' '(Lcom/amazon/kaf/c/s;)Z' in 'com/amazon/kcfpositionmapcreator/j/e'>
 at bci 1 for thread 0x00007fc978012000 (main)
[2.067s][info][exceptions] Exception <a 'com/amazon/kcfpositionmapcreator/e/b'{0x000000070b02f5d0}>
 thrown in interpreter method <{method} {0x00000001327068a0} 'a' '(Lcom/amazon/kaf/c/s;)Z' in 'com/amazon/kcfpositionmapcreator/j/e'>
 at bci 1 for thread 0x00007fc978012000 (main)
[2.067s][info][exceptions] Exception <a 'com/amazon/kcfpositionmapcreator/e/b'{0x000000070b031350}>
 thrown in interpreter method <{method} {0x00000001327068a0} 'a' '(Lcom/amazon/kaf/c/s;)Z' in 'com/amazon/kcfpositionmapcreator/j/e'>
 at bci 1 for thread 0x00007fc978012000 (main)
[2.067s][info][exceptions] Exception <a 'com/amazon/kcfpositionmapcreator/e/b'{0x000000070b0330d0}>
 thrown in interpreter method <{method} {0x00000001327068a0} 'a' '(Lcom/amazon/kaf/c/s;)Z' in 'com/amazon/kcfpositionmapcreator/j/e'>
 at bci 1 for thread 0x00007fc978012000 (main)
[2.068s][info][exceptions] Exception <a 'com/amazon/kcfpositionmapcreator/e/b'{0x000000070b035e10}>
 thrown in interpreter method <{method} {0x00000001327068a0} 'a' '(Lcom/amazon/kaf/c/s;)Z' in 'com/amazon/kcfpositionmapcreator/j/e'>
 at bci 1 for thread 0x00007fc978012000 (main)
[2.069s][info][exceptions] Exception <a 'com/amazon/kcfpositionmapcreator/e/b'{0x000000070b044378}>
 thrown in interpreter method <{method} {0x00000001327068a0} 'a' '(Lcom/amazon/kaf/c/s;)Z' in 'com/amazon/kcfpositionmapcreator/j/e'>
 at bci 1 for thread 0x00007fc978012000 (main)
[2.069s][info][exceptions] Exception <a 'com/amazon/kcfpositionmapcreator/e/b'{0x000000070b044ee0}>
 thrown in interpreter method <{method} {0x00000001327068a0} 'a' '(Lcom/amazon/kaf/c/s;)Z' in 'com/amazon/kcfpositionmapcreator/j/e'>
 at bci 1 for thread 0x00007fc978012000 (main)
[2.069s][info][exceptions] Exception <a 'com/amazon/kcfpositionmapcreator/e/b'{0x000000070b0480e0}>
 thrown in interpreter method <{method} {0x00000001327068a0} 'a' '(Lcom/amazon/kaf/c/s;)Z' in 'com/amazon/kcfpositionmapcreator/j/e'>
 at bci 1 for thread 0x00007fc978012000 (main)
[2.069s][info][exceptions] Exception <a 'com/amazon/kcfpositionmapcreator/e/b'{0x000000070b049e60}>
 thrown in interpreter method <{method} {0x00000001327068a0} 'a' '(Lcom/amazon/kaf/c/s;)Z' in 'com/amazon/kcfpositionmapcreator/j/e'>
 at bci 1 for thread 0x00007fc978012000 (main)
[2.069s][info][exceptions] Exception <a 'com/amazon/kcfpositionmapcreator/e/b'{0x000000070b04bbe0}>
 thrown in interpreter method <{method} {0x00000001327068a0} 'a' '(Lcom/amazon/kaf/c/s;)Z' in 'com/amazon/kcfpositionmapcreator/j/e'>
 at bci 1 for thread 0x00007fc978012000 (main)
[2.069s][info][exceptions] Exception <a 'com/amazon/kcfpositionmapcreator/e/b'{0x000000070b04e920}>
 thrown in interpreter method <{method} {0x00000001327068a0} 'a' '(Lcom/amazon/kaf/c/s;)Z' in 'com/amazon/kcfpositionmapcreator/j/e'>
 at bci 1 for thread 0x00007fc978012000 (main)
[2.079s][info][exceptions] Exception <a 'com/amazon/kcfpositionmapcreator/e/b'{0x000000070af6a570}>
 thrown in interpreter method <{method} {0x00000001327068a0} 'a' '(Lcom/amazon/kaf/c/s;)Z' in 'com/amazon/kcfpositionmapcreator/j/e'>
 at bci 1 for thread 0x00007fc978012000 (main)
[2.087s][info][exceptions] Exception <a 'com/amazon/kcfpositionmapcreator/e/b'{0x000000070ae4ed10}>
 thrown in interpreter method <{method} {0x00000001327068a0} 'a' '(Lcom/amazon/kaf/c/s;)Z' in 'com/amazon/kcfpositionmapcreator/j/e'>
 at bci 1 for thread 0x00007fc978012000 (main)
[2.088s][info][exceptions] Exception <a 'com/amazon/kcfpositionmapcreator/e/b'{0x000000070ae4f7e0}>
 thrown in interpreter method <{method} {0x00000001327068a0} 'a' '(Lcom/amazon/kaf/c/s;)Z' in 'com/amazon/kcfpositionmapcreator/j/e'>
 at bci 1 for thread 0x00007fc978012000 (main)
[2.088s][info][exceptions] Exception <a 'com/amazon/kcfpositionmapcreator/e/b'{0x000000070ae503d0}>
 thrown in interpreter method <{method} {0x00000001327068a0} 'a' '(Lcom/amazon/kaf/c/s;)Z' in 'com/amazon/kcfpositionmapcreator/j/e'>
 at bci 1 for thread 0x00007fc978012000 (main)
[2.088s][info][exceptions] Exception <a 'com/amazon/kcfpositionmapcreator/e/b'{0x000000070ae50f38}>
 thrown in interpreter method <{method} {0x00000001327068a0} 'a' '(Lcom/amazon/kaf/c/s;)Z' in 'com/amazon/kcfpositionmapcreator/j/e'>
 at bci 1 for thread 0x00007fc978012000 (main)
[2.088s][info][exceptions] Exception <a 'com/amazon/kcfpositionmapcreator/e/b'{0x000000070ae54198}>
 thrown in interpreter method <{method} {0x00000001327068a0} 'a' '(Lcom/amazon/kaf/c/s;)Z' in 'com/amazon/kcfpositionmapcreator/j/e'>
 at bci 1 for thread 0x00007fc978012000 (main)
[2.088s][info][exceptions] Exception <a 'com/amazon/kcfpositionmapcreator/e/b'{0x000000070ae591a8}>
 thrown in interpreter method <{method} {0x00000001327068a0} 'a' '(Lcom/amazon/kaf/c/s;)Z' in 'com/amazon/kcfpositionmapcreator/j/e'>
 at bci 1 for thread 0x00007fc978012000 (main)
[2.088s][info][exceptions] Exception <a 'com/amazon/kcfpositionmapcreator/e/b'{0x000000070ae5e648}>
 thrown in interpreter method <{method} {0x00000001327068a0} 'a' '(Lcom/amazon/kaf/c/s;)Z' in 'com/amazon/kcfpositionmapcreator/j/e'>
 at bci 1 for thread 0x00007fc978012000 (main)
[2.088s][info][exceptions] Exception <a 'com/amazon/kcfpositionmapcreator/e/b'{0x000000070ae5f238}>
 thrown in interpreter method <{method} {0x00000001327068a0} 'a' '(Lcom/amazon/kaf/c/s;)Z' in 'com/amazon/kcfpositionmapcreator/j/e'>
 at bci 1 for thread 0x00007fc978012000 (main)
[2.088s][info][exceptions] Exception <a 'com/amazon/kcfpositionmapcreator/e/b'{0x000000070ae5fda0}>
 thrown in interpreter method <{method} {0x00000001327068a0} 'a' '(Lcom/amazon/kaf/c/s;)Z' in 'com/amazon/kcfpositionmapcreator/j/e'>
 at bci 1 for thread 0x00007fc978012000 (main)
[2.088s][info][exceptions] Exception <a 'com/amazon/kcfpositionmapcreator/e/b'{0x000000070ae64970}>
 thrown in interpreter method <{method} {0x00000001327068a0} 'a' '(Lcom/amazon/kaf/c/s;)Z' in 'com/amazon/kcfpositionmapcreator/j/e'>
 at bci 1 for thread 0x00007fc978012000 (main)
[2.089s][info][exceptions] Exception <a 'com/amazon/kcfpositionmapcreator/e/b'{0x000000070ae680f0}>
 thrown in interpreter method <{method} {0x00000001327068a0} 'a' '(Lcom/amazon/kaf/c/s;)Z' in 'com/amazon/kcfpositionmapcreator/j/e'>
 at bci 1 for thread 0x00007fc978012000 (main)
[2.090s][info][exceptions] Exception <a 'com/amazon/kcfpositionmapcreator/e/b'{0x000000070ae91820}>
 thrown in interpreter method <{method} {0x00000001327068a0} 'a' '(Lcom/amazon/kaf/c/s;)Z' in 'com/amazon/kcfpositionmapcreator/j/e'>
 at bci 1 for thread 0x00007fc978012000 (main)
[2.090s][info][exceptions] Exception <a 'com/amazon/kcfpositionmapcreator/e/b'{0x000000070ae92388}>
 thrown in interpreter method <{method} {0x00000001327068a0} 'a' '(Lcom/amazon/kaf/c/s;)Z' in 'com/amazon/kcfpositionmapcreator/j/e'>
 at bci 1 for thread 0x00007fc978012000 (main)
[2.090s][info][exceptions] Exception <a 'com/amazon/kcfpositionmapcreator/e/b'{0x000000070ae9a048}>
 thrown in interpreter method <{method} {0x00000001327068a0} 'a' '(Lcom/amazon/kaf/c/s;)Z' in 'com/amazon/kcfpositionmapcreator/j/e'>
 at bci 1 for thread 0x00007fc978012000 (main)
[2.090s][info][exceptions] Exception <a 'com/amazon/kcfpositionmapcreator/e/b'{0x000000070ae9e738}>
 thrown in interpreter method <{method} {0x00000001327068a0} 'a' '(Lcom/amazon/kaf/c/s;)Z' in 'com/amazon/kcfpositionmapcreator/j/e'>
 at bci 1 for thread 0x00007fc978012000 (main)
[2.091s][info][exceptions] Exception <a 'com/amazon/kcfpositionmapcreator/e/b'{0x000000070aec3cc8}>
 thrown in interpreter method <{method} {0x00000001327068a0} 'a' '(Lcom/amazon/kaf/c/s;)Z' in 'com/amazon/kcfpositionmapcreator/j/e'>
 at bci 1 for thread 0x00007fc978012000 (main)
[2.091s][info][exceptions] Exception <a 'com/amazon/kcfpositionmapcreator/e/b'{0x000000070aec4830}>
 thrown in interpreter method <{method} {0x00000001327068a0} 'a' '(Lcom/amazon/kaf/c/s;)Z' in 'com/amazon/kcfpositionmapcreator/j/e'>
 at bci 1 for thread 0x00007fc978012000 (main)
[2.091s][info][exceptions] Exception <a 'com/amazon/kcfpositionmapcreator/e/b'{0x000000070aecbad8}>
 thrown in interpreter method <{method} {0x00000001327068a0} 'a' '(Lcom/amazon/kaf/c/s;)Z' in 'com/amazon/kcfpositionmapcreator/j/e'>
 at bci 1 for thread 0x00007fc978012000 (main)
[2.092s][info][exceptions] Exception <a 'com/amazon/kcfpositionmapcreator/e/b'{0x000000070aedf848}>
 thrown in interpreter method <{method} {0x00000001327068a0} 'a' '(Lcom/amazon/kaf/c/s;)Z' in 'com/amazon/kcfpositionmapcreator/j/e'>
 at bci 1 for thread 0x00007fc978012000 (main)
[2.096s][info][exceptions] Exception <a 'com/amazon/kcfpositionmapcreator/e/b'{0x000000070ad64500}>
 thrown in interpreter method <{method} {0x00000001327068a0} 'a' '(Lcom/amazon/kaf/c/s;)Z' in 'com/amazon/kcfpositionmapcreator/j/e'>
 at bci 1 for thread 0x00007fc978012000 (main)
[2.113s][info][exceptions] Exception <a 'com/amazon/kcfpositionmapcreator/e/b'{0x000000070ab9f978}>
 thrown in interpreter method <{method} {0x00000001327068a0} 'a' '(Lcom/amazon/kaf/c/s;)Z' in 'com/amazon/kcfpositionmapcreator/j/e'>
 at bci 1 for thread 0x00007fc978012000 (main)
[2.113s][info][exceptions] Exception <a 'com/amazon/kcfpositionmapcreator/e/b'{0x000000070aba6208}>
 thrown in interpreter method <{method} {0x00000001327068a0} 'a' '(Lcom/amazon/kaf/c/s;)Z' in 'com/amazon/kcfpositionmapcreator/j/e'>
 at bci 1 for thread 0x00007fc978012000 (main)
[2.152s][info][exceptions] Exception <a 'com/amazon/kcfpositionmapcreator/e/b'{0x000000070a8cb530}>
 thrown in interpreter method <{method} {0x00000001327068a0} 'a' '(Lcom/amazon/kaf/c/s;)Z' in 'com/amazon/kcfpositionmapcreator/j/e'>
 at bci 1 for thread 0x00007fc978012000 (main)
[2.165s][info][exceptions] Exception <a 'com/amazon/kcfpositionmapcreator/e/b'{0x000000070a629a40}>
 thrown in interpreter method <{method} {0x00000001327068a0} 'a' '(Lcom/amazon/kaf/c/s;)Z' in 'com/amazon/kcfpositionmapcreator/j/e'>
 at bci 1 for thread 0x00007fc978012000 (main)
[2.166s][info][exceptions] Exception <a 'com/amazon/kcfpositionmapcreator/e/b'{0x000000070a62a510}>
 thrown in compiled method <{method} {0x00000001327068a0} 'a' '(Lcom/amazon/kaf/c/s;)Z' in 'com/amazon/kcfpositionmapcreator/j/e'>
 at PC0x0000000115eccd94 for thread 0x00007fc978012000
[2.166s][info][exceptions] Thread 0x00007fc978012000 continuing at PC 0x0000000115ecce00 for exception thrown at PC 0x0000000115eccd94
[4.436s][info][exceptions] Exception <a 'com/amazon/kcfpositionmapcreator/e/b'{0x0000000715f6b588}>
 thrown in compiled method <{method} {0x00000001327068a0} 'a' '(Lcom/amazon/kaf/c/s;)Z' in 'com/amazon/kcfpositionmapcreator/j/e'>
 at PC0x0000000115f4b24c for thread 0x00007fc978012000
[4.436s][info][exceptions] Thread 0x00007fc978012000 continuing at PC 0x0000000115f4b489 for exception thrown at PC 0x0000000115f4b24c
[5.437s][info][exceptions] 1 [Exception (): a 'com/amazon/kcfpositionmapcreator/e/b'{0x00000007153e1eb0} in {method} {0x00000001326f80b8} 'g' '(Lcom/amazon/kaf/c/s;)V' in 'com/amazon/kcfpositionmapcreator/d/b' at 0x000000011d1cb838]
[5.437s][info][exceptions] 2 [Exception (): a 'com/amazon/kcfpositionmapcreator/e/b'{0x00000007153e2938} in {method} {0x00000001326f80b8} 'g' '(Lcom/amazon/kaf/c/s;)V' in 'com/amazon/kcfpositionmapcreator/d/b' at 0x000000011d1cb838]
[5.438s][info][exceptions] 3 [Exception (): a 'com/amazon/kcfpositionmapcreator/e/b'{0x00000007153e3570} in {method} {0x00000001326f80b8} 'g' '(Lcom/amazon/kaf/c/s;)V' in 'com/amazon/kcfpositionmapcreator/d/b' at 0x000000011d1cb838]
[5.439s][info][exceptions] 4 [Exception (): a 'com/amazon/kcfpositionmapcreator/e/b'{0x00000007153e4090} in {method} {0x00000001326f80b8} 'g' '(Lcom/amazon/kaf/c/s;)V' in 'com/amazon/kcfpositionmapcreator/d/b' at 0x000000011d1cb838]
[5.439s][info][exceptions] 5 [Exception (): a 'com/amazon/kcfpositionmapcreator/e/b'{0x00000007153eabb0} in {method} {0x00000001326f80b8} 'g' '(Lcom/amazon/kaf/c/s;)V' in 'com/amazon/kcfpositionmapcreator/d/b' at 0x000000011d1cb838]
[5.440s][info][exceptions] 6 [Exception (): a 'com/amazon/kcfpositionmapcreator/e/b'{0x00000007153f0210} in {method} {0x00000001326f80b8} 'g' '(Lcom/amazon/kaf/c/s;)V' in 'com/amazon/kcfpositionmapcreator/d/b' at 0x000000011d1cb838]
[5.440s][info][exceptions] 7 [Exception (): a 'com/amazon/kcfpositionmapcreator/e/b'{0x00000007153f40a0} in {method} {0x00000001326f80b8} 'g' '(Lcom/amazon/kaf/c/s;)V' in 'com/amazon/kcfpositionmapcreator/d/b' at 0x000000011d1cb838]
[5.440s][info][exceptions] 8 [Exception (): a 'com/amazon/kcfpositionmapcreator/e/b'{0x0000000715203e68} in {method} {0x00000001326f80b8} 'g' '(Lcom/amazon/kaf/c/s;)V' in 'com/amazon/kcfpositionmapcreator/d/b' at 0x000000011d1cb838]
[5.441s][info][exceptions] 9 [Exception (): a 'com/amazon/kcfpositionmapcreator/e/b'{0x0000000715204aa0} in {method} {0x00000001326f80b8} 'g' '(Lcom/amazon/kaf/c/s;)V' in 'com/amazon/kcfpositionmapcreator/d/b' at 0x000000011d1cb838]
[5.441s][info][exceptions] 10 [Exception (): a 'com/amazon/kcfpositionmapcreator/e/b'{0x00000007152055c0} in {method} {0x00000001326f80b8} 'g' '(Lcom/amazon/kaf/c/s;)V' in 'com/amazon/kcfpositionmapcreator/d/b' at 0x000000011d1cb838]
[5.441s][info][exceptions] 11 [Exception (): a 'com/amazon/kcfpositionmapcreator/e/b'{0x0000000715209f30} in {method} {0x00000001326f80b8} 'g' '(Lcom/amazon/kaf/c/s;)V' in 'com/amazon/kcfpositionmapcreator/d/b' at 0x000000011d1cb838]
[5.441s][info][exceptions] 12 [Exception (): a 'com/amazon/kcfpositionmapcreator/e/b'{0x0000000715216f50} in {method} {0x00000001326f80b8} 'g' '(Lcom/amazon/kaf/c/s;)V' in 'com/amazon/kcfpositionmapcreator/d/b' at 0x000000011d1cb838]
[5.441s][info][exceptions] 13 [Exception (): a 'com/amazon/kcfpositionmapcreator/e/b'{0x000000071521a4f0} in {method} {0x00000001326f80b8} 'g' '(Lcom/amazon/kaf/c/s;)V' in 'com/amazon/kcfpositionmapcreator/d/b' at 0x000000011d1cb838]
[5.441s][info][exceptions] 14 [Exception (): a 'com/amazon/kcfpositionmapcreator/e/b'{0x000000071521cce0} in {method} {0x00000001326f80b8} 'g' '(Lcom/amazon/kaf/c/s;)V' in 'com/amazon/kcfpositionmapcreator/d/b' at 0x000000011d1cb838]
[5.441s][info][exceptions] 15 [Exception (): a 'com/amazon/kcfpositionmapcreator/e/b'{0x000000071521d800} in {method} {0x00000001326f80b8} 'g' '(Lcom/amazon/kaf/c/s;)V' in 'com/amazon/kcfpositionmapcreator/d/b' at 0x000000011d1cb838]
[5.442s][info][exceptions] 16 [Exception (): a 'com/amazon/kcfpositionmapcreator/e/b'{0x00000007152252e0} in {method} {0x00000001326f80b8} 'g' '(Lcom/amazon/kaf/c/s;)V' in 'com/amazon/kcfpositionmapcreator/d/b' at 0x000000011d1cb838]
[5.442s][info][exceptions] 17 [Exception (): a 'com/amazon/kcfpositionmapcreator/e/b'{0x0000000715232ce0} in {method} {0x00000001326f80b8} 'g' '(Lcom/amazon/kaf/c/s;)V' in 'com/amazon/kcfpositionmapcreator/d/b' at 0x000000011d1cb838]
[5.442s][info][exceptions] 18 [Exception (): a 'com/amazon/kcfpositionmapcreator/e/b'{0x0000000715236280} in {method} {0x00000001326f80b8} 'g' '(Lcom/amazon/kaf/c/s;)V' in 'com/amazon/kcfpositionmapcreator/d/b' at 0x000000011d1cb838]
[5.442s][info][exceptions] 19 [Exception (): a 'com/amazon/kcfpositionmapcreator/e/b'{0x0000000715238a70} in {method} {0x00000001326f80b8} 'g' '(Lcom/amazon/kaf/c/s;)V' in 'com/amazon/kcfpositionmapcreator/d/b' at 0x000000011d1cb838]
[5.442s][info][exceptions] 20 [Exception (): a 'com/amazon/kcfpositionmapcreator/e/b'{0x0000000715239590} in {method} {0x00000001326f80b8} 'g' '(Lcom/amazon/kaf/c/s;)V' in 'com/amazon/kcfpositionmapcreator/d/b' at 0x000000011d1cb838]
[5.443s][info][exceptions] 21 [Exception (): a 'com/amazon/kcfpositionmapcreator/e/b'{0x000000071523d020} in {method} {0x00000001326f80b8} 'g' '(Lcom/amazon/kaf/c/s;)V' in 'com/amazon/kcfpositionmapcreator/d/b' at 0x000000011d1cb838]
[5.443s][info][exceptions] 22 [Exception (): a 'com/amazon/kcfpositionmapcreator/e/b'{0x0000000715249170} in {method} {0x00000001326f80b8} 'g' '(Lcom/amazon/kaf/c/s;)V' in 'com/amazon/kcfpositionmapcreator/d/b' at 0x000000011d1cb838]
[5.443s][info][exceptions] 23 [Exception (): a 'com/amazon/kcfpositionmapcreator/e/b'{0x000000071524c710} in {method} {0x00000001326f80b8} 'g' '(Lcom/amazon/kaf/c/s;)V' in 'com/amazon/kcfpositionmapcreator/d/b' at 0x000000011d1cb838]
[5.443s][info][exceptions] 24 [Exception (): a 'com/amazon/kcfpositionmapcreator/e/b'{0x000000071524ef00} in {method} {0x00000001326f80b8} 'g' '(Lcom/amazon/kaf/c/s;)V' in 'com/amazon/kcfpositionmapcreator/d/b' at 0x000000011d1cb838]
[5.443s][info][exceptions] 25 [Exception (): a 'com/amazon/kcfpositionmapcreator/e/b'{0x000000071524fa20} in {method} {0x00000001326f80b8} 'g' '(Lcom/amazon/kaf/c/s;)V' in 'com/amazon/kcfpositionmapcreator/d/b' at 0x000000011d1cb838]
[5.443s][info][exceptions] 26 [Exception (): a 'com/amazon/kcfpositionmapcreator/e/b'{0x00000007152534b0} in {method} {0x00000001326f80b8} 'g' '(Lcom/amazon/kaf/c/s;)V' in 'com/amazon/kcfpositionmapcreator/d/b' at 0x000000011d1cb838]
[5.444s][info][exceptions] 27 [Exception (): a 'com/amazon/kcfpositionmapcreator/e/b'{0x00000007152617b0} in {method} {0x00000001326f80b8} 'g' '(Lcom/amazon/kaf/c/s;)V' in 'com/amazon/kcfpositionmapcreator/d/b' at 0x000000011d1cb838]
[5.444s][info][exceptions] 28 [Exception (): a 'com/amazon/kcfpositionmapcreator/e/b'{0x0000000715264d50} in {method} {0x00000001326f80b8} 'g' '(Lcom/amazon/kaf/c/s;)V' in 'com/amazon/kcfpositionmapcreator/d/b' at 0x000000011d1cb838]
[5.444s][info][exceptions] 29 [Exception (): a 'com/amazon/kcfpositionmapcreator/e/b'{0x0000000715267540} in {method} {0x00000001326f80b8} 'g' '(Lcom/amazon/kaf/c/s;)V' in 'com/amazon/kcfpositionmapcreator/d/b' at 0x000000011d1cb838]
[5.444s][info][exceptions] 30 [Exception (): a 'com/amazon/kcfpositionmapcreator/e/b'{0x0000000715268060} in {method} {0x00000001326f80b8} 'g' '(Lcom/amazon/kaf/c/s;)V' in 'com/amazon/kcfpositionmapcreator/d/b' at 0x000000011d1cb838]
[5.444s][info][exceptions] 31 [Exception (): a 'com/amazon/kcfpositionmapcreator/e/b'{0x000000071526f160} in {method} {0x00000001326f80b8} 'g' '(Lcom/amazon/kaf/c/s;)V' in 'com/amazon/kcfpositionmapcreator/d/b' at 0x000000011d1cb838]
[5.445s][info][exceptions] 32 [Exception (): a 'com/amazon/kcfpositionmapcreator/e/b'{0x000000071527b0d0} in {method} {0x00000001326f80b8} 'g' '(Lcom/amazon/kaf/c/s;)V' in 'com/amazon/kcfpositionmapcreator/d/b' at 0x000000011d1cb838]
[5.445s][info][exceptions] 33 [Exception (): a 'com/amazon/kcfpositionmapcreator/e/b'{0x000000071527dc90} in {method} {0x00000001326f80b8} 'g' '(Lcom/amazon/kaf/c/s;)V' in 'com/amazon/kcfpositionmapcreator/d/b' at 0x000000011d1cb838]
[5.445s][info][exceptions] 34 [Exception (): a 'com/amazon/kcfpositionmapcreator/e/b'{0x0000000715280480} in {method} {0x00000001326f80b8} 'g' '(Lcom/amazon/kaf/c/s;)V' in 'com/amazon/kcfpositionmapcreator/d/b' at 0x000000011d1cb838]
[5.445s][info][exceptions] 35 [Exception (): a 'com/amazon/kcfpositionmapcreator/e/b'{0x00000007152811e0} in {method} {0x00000001326f80b8} 'g' '(Lcom/amazon/kaf/c/s;)V' in 'com/amazon/kcfpositionmapcreator/d/b' at 0x000000011d1cb838]
[5.445s][info][exceptions] 36 [Exception (): a 'com/amazon/kcfpositionmapcreator/e/b'{0x0000000715286a20} in {method} {0x00000001326f80b8} 'g' '(Lcom/amazon/kaf/c/s;)V' in 'com/amazon/kcfpositionmapcreator/d/b' at 0x000000011d1cb838]
[5.446s][info][exceptions] 37 [Exception (): a 'com/amazon/kcfpositionmapcreator/e/b'{0x0000000715296bb0} in {method} {0x00000001326f80b8} 'g' '(Lcom/amazon/kaf/c/s;)V' in 'com/amazon/kcfpositionmapcreator/d/b' at 0x000000011d1cb838]
[5.446s][info][exceptions] 38 [Exception (): a 'com/amazon/kcfpositionmapcreator/e/b'{0x0000000715299770} in {method} {0x00000001326f80b8} 'g' '(Lcom/amazon/kaf/c/s;)V' in 'com/amazon/kcfpositionmapcreator/d/b' at 0x000000011d1cb838]
[5.446s][info][exceptions] 39 [Exception (): a 'com/amazon/kcfpositionmapcreator/e/b'{0x000000071529bf60} in {method} {0x00000001326f80b8} 'g' '(Lcom/amazon/kaf/c/s;)V' in 'com/amazon/kcfpositionmapcreator/d/b' at 0x000000011d1cb838]
[5.446s][info][exceptions] 40 [Exception (): a 'com/amazon/kcfpositionmapcreator/e/b'{0x000000071529ca80} in {method} {0x00000001326f80b8} 'g' '(Lcom/amazon/kaf/c/s;)V' in 'com/amazon/kcfpositionmapcreator/d/b' at 0x000000011d1cb838]
[5.447s][info][exceptions] 41 [Exception (): a 'com/amazon/kcfpositionmapcreator/e/b'{0x00000007152a22c0} in {method} {0x00000001326f80b8} 'g' '(Lcom/amazon/kaf/c/s;)V' in 'com/amazon/kcfpositionmapcreator/d/b' at 0x000000011d1cb838]
[5.447s][info][exceptions] 42 [Exception (): a 'com/amazon/kcfpositionmapcreator/e/b'{0x00000007152af538} in {method} {0x00000001326f80b8} 'g' '(Lcom/amazon/kaf/c/s;)V' in 'com/amazon/kcfpositionmapcreator/d/b' at 0x000000011d1cb838]
[5.447s][info][exceptions] 43 [Exception (): a 'com/amazon/kcfpositionmapcreator/e/b'{0x00000007152b20f8} in {method} {0x00000001326f80b8} 'g' '(Lcom/amazon/kaf/c/s;)V' in 'com/amazon/kcfpositionmapcreator/d/b' at 0x000000011d1cb838]
[5.447s][info][exceptions] 44 [Exception (): a 'com/amazon/kcfpositionmapcreator/e/b'{0x00000007152b48e8} in {method} {0x00000001326f80b8} 'g' '(Lcom/amazon/kaf/c/s;)V' in 'com/amazon/kcfpositionmapcreator/d/b' at 0x000000011d1cb838]
[5.447s][info][exceptions] 45 [Exception (): a 'com/amazon/kcfpositionmapcreator/e/b'{0x00000007152b5408} in {method} {0x00000001326f80b8} 'g' '(Lcom/amazon/kaf/c/s;)V' in 'com/amazon/kcfpositionmapcreator/d/b' at 0x000000011d1cb838]
[5.448s][info][exceptions] 46 [Exception (): a 'com/amazon/kcfpositionmapcreator/e/b'{0x00000007152b9d78} in {method} {0x00000001326f80b8} 'g' '(Lcom/amazon/kaf/c/s;)V' in 'com/amazon/kcfpositionmapcreator/d/b' at 0x000000011d1cb838]
[5.448s][info][exceptions] 47 [Exception (): a 'com/amazon/kcfpositionmapcreator/e/b'{0x00000007152ca228} in {method} {0x00000001326f80b8} 'g' '(Lcom/amazon/kaf/c/s;)V' in 'com/amazon/kcfpositionmapcreator/d/b' at 0x000000011d1cb838]
[5.448s][info][exceptions] 48 [Exception (): a 'com/amazon/kcfpositionmapcreator/e/b'{0x00000007152cd7c8} in {method} {0x00000001326f80b8} 'g' '(Lcom/amazon/kaf/c/s;)V' in 'com/amazon/kcfpositionmapcreator/d/b' at 0x000000011d1cb838]
[5.449s][info][exceptions] 49 [Exception (): a 'com/amazon/kcfpositionmapcreator/e/b'{0x00000007152e1880} in {method} {0x00000001326f80b8} 'g' '(Lcom/amazon/kaf/c/s;)V' in 'com/amazon/kcfpositionmapcreator/d/b' at 0x000000011d1cb838]
[5.449s][info][exceptions] 50 [Exception (): a 'com/amazon/kcfpositionmapcreator/e/b'{0x00000007152e2308} in {method} {0x00000001326f80b8} 'g' '(Lcom/amazon/kaf/c/s;)V' in 'com/amazon/kcfpositionmapcreator/d/b' at 0x000000011d1cb838]
[5.449s][info][exceptions] 51 [Exception (): a 'com/amazon/kcfpositionmapcreator/e/b'{0x00000007152e3210} in {method} {0x00000001326f80b8} 'g' '(Lcom/amazon/kaf/c/s;)V' in 'com/amazon/kcfpositionmapcreator/d/b' at 0x000000011d1cb838]
[5.449s][info][exceptions] 52 [Exception (): a 'com/amazon/kcfpositionmapcreator/e/b'{0x00000007152e3d30} in {method} {0x00000001326f80b8} 'g' '(Lcom/amazon/kaf/c/s;)V' in 'com/amazon/kcfpositionmapcreator/d/b' at 0x000000011d1cb838]
[5.449s][info][exceptions] 53 [Exception (): a 'com/amazon/kcfpositionmapcreator/e/b'{0x00000007152e6400} in {method} {0x00000001326f80b8} 'g' '(Lcom/amazon/kaf/c/s;)V' in 'com/amazon/kcfpositionmapcreator/d/b' at 0x000000011d1cb838]
[5.449s][info][exceptions] 54 [Exception (): a 'com/amazon/kcfpositionmapcreator/e/b'{0x00000007152e8090} in {method} {0x00000001326f80b8} 'g' '(Lcom/amazon/kaf/c/s;)V' in 'com/amazon/kcfpositionmapcreator/d/b' at 0x000000011d1cb838]
[5.449s][info][exceptions] 55 [Exception (): a 'com/amazon/kcfpositionmapcreator/e/b'{0x00000007152e9d20} in {method} {0x00000001326f80b8} 'g' '(Lcom/amazon/kaf/c/s;)V' in 'com/amazon/kcfpositionmapcreator/d/b' at 0x000000011d1cb838]
[5.449s][info][exceptions] 56 [Exception (): a 'com/amazon/kcfpositionmapcreator/e/b'{0x00000007152eb9b0} in {method} {0x00000001326f80b8} 'g' '(Lcom/amazon/kaf/c/s;)V' in 'com/amazon/kcfpositionmapcreator/d/b' at 0x000000011d1cb838]
[5.450s][info][exceptions] 57 [Exception (): a 'com/amazon/kcfpositionmapcreator/e/b'{0x00000007152ed640} in {method} {0x00000001326f80b8} 'g' '(Lcom/amazon/kaf/c/s;)V' in 'com/amazon/kcfpositionmapcreator/d/b' at 0x000000011d1cb838]
[5.450s][info][exceptions] 58 [Exception (): a 'com/amazon/kcfpositionmapcreator/e/b'{0x00000007152ef2d0} in {method} {0x00000001326f80b8} 'g' '(Lcom/amazon/kaf/c/s;)V' in 'com/amazon/kcfpositionmapcreator/d/b' at 0x000000011d1cb838]
[5.450s][info][exceptions] 59 [Exception (): a 'com/amazon/kcfpositionmapcreator/e/b'{0x00000007152f0f60} in {method} {0x00000001326f80b8} 'g' '(Lcom/amazon/kaf/c/s;)V' in 'com/amazon/kcfpositionmapcreator/d/b' at 0x000000011d1cb838]
[5.450s][info][exceptions] 60 [Exception (): a 'com/amazon/kcfpositionmapcreator/e/b'{0x00000007152f2bf0} in {method} {0x00000001326f80b8} 'g' '(Lcom/amazon/kaf/c/s;)V' in 'com/amazon/kcfpositionmapcreator/d/b' at 0x000000011d1cb838]
[5.450s][info][exceptions] 61 [Exception (): a 'com/amazon/kcfpositionmapcreator/e/b'{0x00000007152f4880} in {method} {0x00000001326f80b8} 'g' '(Lcom/amazon/kaf/c/s;)V' in 'com/amazon/kcfpositionmapcreator/d/b' at 0x000000011d1cb838]
[5.450s][info][exceptions] 62 [Exception (): a 'com/amazon/kcfpositionmapcreator/e/b'{0x00000007152f5788} in {method} {0x00000001326f80b8} 'g' '(Lcom/amazon/kaf/c/s;)V' in 'com/amazon/kcfpositionmapcreator/d/b' at 0x000000011d1cb838]
[5.450s][info][exceptions] 63 [Exception (): a 'com/amazon/kcfpositionmapcreator/e/b'{0x00000007152f62a8} in {method} {0x00000001326f80b8} 'g' '(Lcom/amazon/kaf/c/s;)V' in 'com/amazon/kcfpositionmapcreator/d/b' at 0x000000011d1cb838]
[5.450s][info][exceptions] 64 [Exception (): a 'com/amazon/kcfpositionmapcreator/e/b'{0x00000007152fb018} in {method} {0x00000001326f80b8} 'g' '(Lcom/amazon/kaf/c/s;)V' in 'com/amazon/kcfpositionmapcreator/d/b' at 0x000000011d1cb838]
[5.450s][info][exceptions] 65 [Exception (): a 'com/amazon/kcfpositionmapcreator/e/b'{0x00000007152fd6e8} in {method} {0x00000001326f80b8} 'g' '(Lcom/amazon/kaf/c/s;)V' in 'com/amazon/kcfpositionmapcreator/d/b' at 0x000000011d1cb838]
[5.450s][info][exceptions] 66 [Exception (): a 'com/amazon/kcfpositionmapcreator/e/b'{0x00000007152ff8c8} in {method} {0x00000001326f80b8} 'g' '(Lcom/amazon/kaf/c/s;)V' in 'com/amazon/kcfpositionmapcreator/d/b' at 0x000000011d1cb838]
[5.450s][info][exceptions] 67 [Exception (): a 'com/amazon/kcfpositionmapcreator/e/b'{0x0000000715101f50} in {method} {0x00000001326f80b8} 'g' '(Lcom/amazon/kaf/c/s;)V' in 'com/amazon/kcfpositionmapcreator/d/b' at 0x000000011d1cb838]
[5.451s][info][exceptions] 68 [Exception (): a 'com/amazon/kcfpositionmapcreator/e/b'{0x0000000715104130} in {method} {0x00000001326f80b8} 'g' '(Lcom/amazon/kaf/c/s;)V' in 'com/amazon/kcfpositionmapcreator/d/b' at 0x000000011d1cb838]
[5.451s][info][exceptions] 69 [Exception (): a 'com/amazon/kcfpositionmapcreator/e/b'{0x0000000715105dc0} in {method} {0x00000001326f80b8} 'g' '(Lcom/amazon/kaf/c/s;)V' in 'com/amazon/kcfpositionmapcreator/d/b' at 0x000000011d1cb838]
[5.451s][info][exceptions] 70 [Exception (): a 'com/amazon/kcfpositionmapcreator/e/b'{0x0000000715107a50} in {method} {0x00000001326f80b8} 'g' '(Lcom/amazon/kaf/c/s;)V' in 'com/amazon/kcfpositionmapcreator/d/b' at 0x000000011d1cb838]
[5.451s][info][exceptions] 71 [Exception (): a 'com/amazon/kcfpositionmapcreator/e/b'{0x00000007151096e0} in {method} {0x00000001326f80b8} 'g' '(Lcom/amazon/kaf/c/s;)V' in 'com/amazon/kcfpositionmapcreator/d/b' at 0x000000011d1cb838]
[5.451s][info][exceptions] 72 [Exception (): a 'com/amazon/kcfpositionmapcreator/e/b'{0x000000071510b760} in {method} {0x00000001326f80b8} 'g' '(Lcom/amazon/kaf/c/s;)V' in 'com/amazon/kcfpositionmapcreator/d/b' at 0x000000011d1cb838]
[5.451s][info][exceptions] 73 [Exception (): a 'com/amazon/kcfpositionmapcreator/e/b'{0x000000071510c280} in {method} {0x00000001326f80b8} 'g' '(Lcom/amazon/kaf/c/s;)V' in 'com/amazon/kcfpositionmapcreator/d/b' at 0x000000011d1cb838]
[5.451s][info][exceptions] 74 [Exception (): a 'com/amazon/kcfpositionmapcreator/e/b'{0x000000071510f330} in {method} {0x00000001326f80b8} 'g' '(Lcom/amazon/kaf/c/s;)V' in 'com/amazon/kcfpositionmapcreator/d/b' at 0x000000011d1cb838]
[5.451s][info][exceptions] 75 [Exception (): a 'com/amazon/kcfpositionmapcreator/e/b'{0x0000000715110fc0} in {method} {0x00000001326f80b8} 'g' '(Lcom/amazon/kaf/c/s;)V' in 'com/amazon/kcfpositionmapcreator/d/b' at 0x000000011d1cb838]
[5.451s][info][exceptions] 76 [Exception (): a 'com/amazon/kcfpositionmapcreator/e/b'{0x0000000715112c50} in {method} {0x00000001326f80b8} 'g' '(Lcom/amazon/kaf/c/s;)V' in 'com/amazon/kcfpositionmapcreator/d/b' at 0x000000011d1cb838]
[5.451s][info][exceptions] 77 [Exception (): a 'com/amazon/kcfpositionmapcreator/e/b'{0x00000007151148e0} in {method} {0x00000001326f80b8} 'g' '(Lcom/amazon/kaf/c/s;)V' in 'com/amazon/kcfpositionmapcreator/d/b' at 0x000000011d1cb838]
[5.451s][info][exceptions] 78 [Exception (): a 'com/amazon/kcfpositionmapcreator/e/b'{0x0000000715116570} in {method} {0x00000001326f80b8} 'g' '(Lcom/amazon/kaf/c/s;)V' in 'com/amazon/kcfpositionmapcreator/d/b' at 0x000000011d1cb838]
[5.452s][info][exceptions] 79 [Exception (): a 'com/amazon/kcfpositionmapcreator/e/b'{0x0000000715118200} in {method} {0x00000001326f80b8} 'g' '(Lcom/amazon/kaf/c/s;)V' in 'com/amazon/kcfpositionmapcreator/d/b' at 0x000000011d1cb838]
[5.452s][info][exceptions] 80 [Exception (): a 'com/amazon/kcfpositionmapcreator/e/b'{0x0000000715119e90} in {method} {0x00000001326f80b8} 'g' '(Lcom/amazon/kaf/c/s;)V' in 'com/amazon/kcfpositionmapcreator/d/b' at 0x000000011d1cb838]
[5.452s][info][exceptions] 81 [Exception (): a 'com/amazon/kcfpositionmapcreator/e/b'{0x000000071511bb20} in {method} {0x00000001326f80b8} 'g' '(Lcom/amazon/kaf/c/s;)V' in 'com/amazon/kcfpositionmapcreator/d/b' at 0x000000011d1cb838]
[5.452s][info][exceptions] 82 [Exception (): a 'com/amazon/kcfpositionmapcreator/e/b'{0x000000071511d8a8} in {method} {0x00000001326f80b8} 'g' '(Lcom/amazon/kaf/c/s;)V' in 'com/amazon/kcfpositionmapcreator/d/b' at 0x000000011d1cb838]
[5.454s][info][exceptions] 83 [Exception (): a 'com/amazon/kcfpositionmapcreator/e/b'{0x0000000715155390} in {method} {0x00000001326f80b8} 'g' '(Lcom/amazon/kaf/c/s;)V' in 'com/amazon/kcfpositionmapcreator/d/b' at 0x000000011d1cb838]
[5.454s][info][exceptions] 84 [Exception (): a 'com/amazon/kcfpositionmapcreator/e/b'{0x0000000715155e18} in {method} {0x00000001326f80b8} 'g' '(Lcom/amazon/kaf/c/s;)V' in 'com/amazon/kcfpositionmapcreator/d/b' at 0x000000011d1cb838]
[5.454s][info][exceptions] 85 [Exception (): a 'com/amazon/kcfpositionmapcreator/e/b'{0x0000000715156ae0} in {method} {0x00000001326f80b8} 'g' '(Lcom/amazon/kaf/c/s;)V' in 'com/amazon/kcfpositionmapcreator/d/b' at 0x000000011d1cb838]
[5.454s][info][exceptions] 86 [Exception (): a 'com/amazon/kcfpositionmapcreator/e/b'{0x0000000715157600} in {method} {0x00000001326f80b8} 'g' '(Lcom/amazon/kaf/c/s;)V' in 'com/amazon/kcfpositionmapcreator/d/b' at 0x000000011d1cb838]
[5.454s][info][exceptions] 87 [Exception (): a 'com/amazon/kcfpositionmapcreator/e/b'{0x000000071515a6b0} in {method} {0x00000001326f80b8} 'g' '(Lcom/amazon/kaf/c/s;)V' in 'com/amazon/kcfpositionmapcreator/d/b' at 0x000000011d1cb838]
[5.455s][info][exceptions] 88 [Exception (): a 'com/amazon/kcfpositionmapcreator/e/b'{0x000000071515d760} in {method} {0x00000001326f80b8} 'g' '(Lcom/amazon/kaf/c/s;)V' in 'com/amazon/kcfpositionmapcreator/d/b' at 0x000000011d1cb838]
[5.455s][info][exceptions] 89 [Exception (): a 'com/amazon/kcfpositionmapcreator/e/b'{0x0000000715160320} in {method} {0x00000001326f80b8} 'g' '(Lcom/amazon/kaf/c/s;)V' in 'com/amazon/kcfpositionmapcreator/d/b' at 0x000000011d1cb838]
[5.455s][info][exceptions] 90 [Exception (): a 'com/amazon/kcfpositionmapcreator/e/b'{0x0000000715164cd0} in {method} {0x00000001326f80b8} 'g' '(Lcom/amazon/kaf/c/s;)V' in 'com/amazon/kcfpositionmapcreator/d/b' at 0x000000011d1cb838]
[5.455s][info][exceptions] 91 [Exception (): a 'com/amazon/kcfpositionmapcreator/e/b'{0x0000000715166d50} in {method} {0x00000001326f80b8} 'g' '(Lcom/amazon/kaf/c/s;)V' in 'com/amazon/kcfpositionmapcreator/d/b' at 0x000000011d1cb838]
[5.455s][info][exceptions] 92 [Exception (): a 'com/amazon/kcfpositionmapcreator/e/b'{0x0000000715167a18} in {method} {0x00000001326f80b8} 'g' '(Lcom/amazon/kaf/c/s;)V' in 'com/amazon/kcfpositionmapcreator/d/b' at 0x000000011d1cb838]
[5.455s][info][exceptions] 93 [Exception (): a 'com/amazon/kcfpositionmapcreator/e/b'{0x0000000715168538} in {method} {0x00000001326f80b8} 'g' '(Lcom/amazon/kaf/c/s;)V' in 'com/amazon/kcfpositionmapcreator/d/b' at 0x000000011d1cb838]
[5.455s][info][exceptions] 94 [Exception (): a 'com/amazon/kcfpositionmapcreator/e/b'{0x000000071516a1c8} in {method} {0x00000001326f80b8} 'g' '(Lcom/amazon/kaf/c/s;)V' in 'com/amazon/kcfpositionmapcreator/d/b' at 0x000000011d1cb838]
[5.455s][info][exceptions] 95 [Exception (): a 'com/amazon/kcfpositionmapcreator/e/b'{0x000000071516d278} in {method} {0x00000001326f80b8} 'g' '(Lcom/amazon/kaf/c/s;)V' in 'com/amazon/kcfpositionmapcreator/d/b' at 0x000000011d1cb838]
[5.455s][info][exceptions] 96 [Exception (): a 'com/amazon/kcfpositionmapcreator/e/b'{0x000000071516ef08} in {method} {0x00000001326f80b8} 'g' '(Lcom/amazon/kaf/c/s;)V' in 'com/amazon/kcfpositionmapcreator/d/b' at 0x000000011d1cb838]
[5.455s][info][exceptions] 97 [Exception (): a 'com/amazon/kcfpositionmapcreator/e/b'{0x00000007151738b8} in {method} {0x00000001326f80b8} 'g' '(Lcom/amazon/kaf/c/s;)V' in 'com/amazon/kcfpositionmapcreator/d/b' at 0x000000011d1cb838]
[5.456s][info][exceptions] 98 [Exception (): a 'com/amazon/kcfpositionmapcreator/e/b'{0x00000007151756f8} in {method} {0x00000001326f80b8} 'g' '(Lcom/amazon/kaf/c/s;)V' in 'com/amazon/kcfpositionmapcreator/d/b' at 0x000000011d1cb838]
[5.456s][info][exceptions] 99 [Exception (): a 'com/amazon/kcfpositionmapcreator/e/b'{0x0000000715176218} in {method} {0x00000001326f80b8} 'g' '(Lcom/amazon/kaf/c/s;)V' in 'com/amazon/kcfpositionmapcreator/d/b' at 0x000000011d1cb838]
[5.456s][info][exceptions] 100 [Exception (): a 'com/amazon/kcfpositionmapcreator/e/b'{0x0000000715177ea8} in {method} {0x00000001326f80b8} 'g' '(Lcom/amazon/kaf/c/s;)V' in 'com/amazon/kcfpositionmapcreator/d/b' at 0x000000011d1cb838]
[5.456s][info][exceptions] 101 [Exception (): a 'com/amazon/kcfpositionmapcreator/e/b'{0x000000071517af58} in {method} {0x00000001326f80b8} 'g' '(Lcom/amazon/kaf/c/s;)V' in 'com/amazon/kcfpositionmapcreator/d/b' at 0x000000011d1cb838]
[5.456s][info][exceptions] 102 [Exception (): a 'com/amazon/kcfpositionmapcreator/e/b'{0x000000071517cbe8} in {method} {0x00000001326f80b8} 'g' '(Lcom/amazon/kaf/c/s;)V' in 'com/amazon/kcfpositionmapcreator/d/b' at 0x000000011d1cb838]
[5.456s][info][exceptions] 103 [Exception (): a 'com/amazon/kcfpositionmapcreator/e/b'{0x00000007151817d8} in {method} {0x00000001326f80b8} 'g' '(Lcom/amazon/kaf/c/s;)V' in 'com/amazon/kcfpositionmapcreator/d/b' at 0x000000011d1cb838]
[5.456s][info][exceptions] 104 [Exception (): a 'com/amazon/kcfpositionmapcreator/e/b'{0x0000000715183618} in {method} {0x00000001326f80b8} 'g' '(Lcom/amazon/kaf/c/s;)V' in 'com/amazon/kcfpositionmapcreator/d/b' at 0x000000011d1cb838]
[5.456s][info][exceptions] 105 [Exception (): a 'com/amazon/kcfpositionmapcreator/e/b'{0x0000000715184138} in {method} {0x00000001326f80b8} 'g' '(Lcom/amazon/kaf/c/s;)V' in 'com/amazon/kcfpositionmapcreator/d/b' at 0x000000011d1cb838]
[5.456s][info][exceptions] 106 [Exception (): a 'com/amazon/kcfpositionmapcreator/e/b'{0x0000000715185dc8} in {method} {0x00000001326f80b8} 'g' '(Lcom/amazon/kaf/c/s;)V' in 'com/amazon/kcfpositionmapcreator/d/b' at 0x000000011d1cb838]
[5.456s][info][exceptions] 107 [Exception (): a 'com/amazon/kcfpositionmapcreator/e/b'{0x0000000715188e78} in {method} {0x00000001326f80b8} 'g' '(Lcom/amazon/kaf/c/s;)V' in 'com/amazon/kcfpositionmapcreator/d/b' at 0x000000011d1cb838]
[5.456s][info][exceptions] 108 [Exception (): a 'com/amazon/kcfpositionmapcreator/e/b'{0x000000071518ab08} in {method} {0x00000001326f80b8} 'g' '(Lcom/amazon/kaf/c/s;)V' in 'com/amazon/kcfpositionmapcreator/d/b' at 0x000000011d1cb838]
[5.457s][info][exceptions] 109 [Exception (): a 'com/amazon/kcfpositionmapcreator/e/b'{0x000000071518f4b8} in {method} {0x00000001326f80b8} 'g' '(Lcom/amazon/kaf/c/s;)V' in 'com/amazon/kcfpositionmapcreator/d/b' at 0x000000011d1cb838]
[5.457s][info][exceptions] 110 [Exception (): a 'com/amazon/kcfpositionmapcreator/e/b'{0x00000007151912f8} in {method} {0x00000001326f80b8} 'g' '(Lcom/amazon/kaf/c/s;)V' in 'com/amazon/kcfpositionmapcreator/d/b' at 0x000000011d1cb838]
[5.457s][info][exceptions] 111 [Exception (): a 'com/amazon/kcfpositionmapcreator/e/b'{0x0000000715191e18} in {method} {0x00000001326f80b8} 'g' '(Lcom/amazon/kaf/c/s;)V' in 'com/amazon/kcfpositionmapcreator/d/b' at 0x000000011d1cb838]
[5.457s][info][exceptions] 112 [Exception (): a 'com/amazon/kcfpositionmapcreator/e/b'{0x0000000715193aa8} in {method} {0x00000001326f80b8} 'g' '(Lcom/amazon/kaf/c/s;)V' in 'com/amazon/kcfpositionmapcreator/d/b' at 0x000000011d1cb838]
[5.457s][info][exceptions] 113 [Exception (): a 'com/amazon/kcfpositionmapcreator/e/b'{0x0000000715196b58} in {method} {0x00000001326f80b8} 'g' '(Lcom/amazon/kaf/c/s;)V' in 'com/amazon/kcfpositionmapcreator/d/b' at 0x000000011d1cb838]
[5.457s][info][exceptions] 114 [Exception (): a 'com/amazon/kcfpositionmapcreator/e/b'{0x00000007151987e8} in {method} {0x00000001326f80b8} 'g' '(Lcom/amazon/kaf/c/s;)V' in 'com/amazon/kcfpositionmapcreator/d/b' at 0x000000011d1cb838]
[5.457s][info][exceptions] 115 [Exception (): a 'com/amazon/kcfpositionmapcreator/e/b'{0x000000071519d198} in {method} {0x00000001326f80b8} 'g' '(Lcom/amazon/kaf/c/s;)V' in 'com/amazon/kcfpositionmapcreator/d/b' at 0x000000011d1cb838]
[5.457s][info][exceptions] 116 [Exception (): a 'com/amazon/kcfpositionmapcreator/e/b'{0x000000071519efd8} in {method} {0x00000001326f80b8} 'g' '(Lcom/amazon/kaf/c/s;)V' in 'com/amazon/kcfpositionmapcreator/d/b' at 0x000000011d1cb838]
[5.457s][info][exceptions] 117 [Exception (): a 'com/amazon/kcfpositionmapcreator/e/b'{0x000000071519faf8} in {method} {0x00000001326f80b8} 'g' '(Lcom/amazon/kaf/c/s;)V' in 'com/amazon/kcfpositionmapcreator/d/b' at 0x000000011d1cb838]
[5.457s][info][exceptions] 118 [Exception (): a 'com/amazon/kcfpositionmapcreator/e/b'{0x00000007151a1788} in {method} {0x00000001326f80b8} 'g' '(Lcom/amazon/kaf/c/s;)V' in 'com/amazon/kcfpositionmapcreator/d/b' at 0x000000011d1cb838]
[5.458s][info][exceptions] 119 [Exception (): a 'com/amazon/kcfpositionmapcreator/e/b'{0x00000007151a4838} in {method} {0x00000001326f80b8} 'g' '(Lcom/amazon/kaf/c/s;)V' in 'com/amazon/kcfpositionmapcreator/d/b' at 0x000000011d1cb838]
[5.458s][info][exceptions] 120 [Exception (): a 'com/amazon/kcfpositionmapcreator/e/b'{0x00000007151a64c8} in {method} {0x00000001326f80b8} 'g' '(Lcom/amazon/kaf/c/s;)V' in 'com/amazon/kcfpositionmapcreator/d/b' at 0x000000011d1cb838]
[5.458s][info][exceptions] 121 [Exception (): a 'com/amazon/kcfpositionmapcreator/e/b'{0x00000007151aae78} in {method} {0x00000001326f80b8} 'g' '(Lcom/amazon/kaf/c/s;)V' in 'com/amazon/kcfpositionmapcreator/d/b' at 0x000000011d1cb838]
[5.458s][info][exceptions] 122 [Exception (): a 'com/amazon/kcfpositionmapcreator/e/b'{0x00000007151accb8} in {method} {0x00000001326f80b8} 'g' '(Lcom/amazon/kaf/c/s;)V' in 'com/amazon/kcfpositionmapcreator/d/b' at 0x000000011d1cb838]
[5.458s][info][exceptions] 123 [Exception (): a 'com/amazon/kcfpositionmapcreator/e/b'{0x00000007151ad7d8} in {method} {0x00000001326f80b8} 'g' '(Lcom/amazon/kaf/c/s;)V' in 'com/amazon/kcfpositionmapcreator/d/b' at 0x000000011d1cb838]
[5.458s][info][exceptions] 124 [Exception (): a 'com/amazon/kcfpositionmapcreator/e/b'{0x00000007151af468} in {method} {0x00000001326f80b8} 'g' '(Lcom/amazon/kaf/c/s;)V' in 'com/amazon/kcfpositionmapcreator/d/b' at 0x000000011d1cb838]
[5.458s][info][exceptions] 125 [Exception (): a 'com/amazon/kcfpositionmapcreator/e/b'{0x00000007151b2518} in {method} {0x00000001326f80b8} 'g' '(Lcom/amazon/kaf/c/s;)V' in 'com/amazon/kcfpositionmapcreator/d/b' at 0x000000011d1cb838]
[5.458s][info][exceptions] 126 [Exception (): a 'com/amazon/kcfpositionmapcreator/e/b'{0x00000007151b41a8} in {method} {0x00000001326f80b8} 'g' '(Lcom/amazon/kaf/c/s;)V' in 'com/amazon/kcfpositionmapcreator/d/b' at 0x000000011d1cb838]
[5.458s][info][exceptions] 127 [Exception (): a 'com/amazon/kcfpositionmapcreator/e/b'{0x00000007151b8b58} in {method} {0x00000001326f80b8} 'g' '(Lcom/amazon/kaf/c/s;)V' in 'com/amazon/kcfpositionmapcreator/d/b' at 0x000000011d1cb838]
[5.458s][info][exceptions] 128 [Exception (): a 'com/amazon/kcfpositionmapcreator/e/b'{0x00000007151ba998} in {method} {0x00000001326f80b8} 'g' '(Lcom/amazon/kaf/c/s;)V' in 'com/amazon/kcfpositionmapcreator/d/b' at 0x000000011d1cb838]
[5.458s][info][exceptions] 129 [Exception (): a 'com/amazon/kcfpositionmapcreator/e/b'{0x00000007151bb4b8} in {method} {0x00000001326f80b8} 'g' '(Lcom/amazon/kaf/c/s;)V' in 'com/amazon/kcfpositionmapcreator/d/b' at 0x000000011d1cb838]
[5.459s][info][exceptions] 130 [Exception (): a 'com/amazon/kcfpositionmapcreator/e/b'{0x00000007151bd148} in {method} {0x00000001326f80b8} 'g' '(Lcom/amazon/kaf/c/s;)V' in 'com/amazon/kcfpositionmapcreator/d/b' at 0x000000011d1cb838]
[5.459s][info][exceptions] 131 [Exception (): a 'com/amazon/kcfpositionmapcreator/e/b'{0x00000007151bf818} in {method} {0x00000001326f80b8} 'g' '(Lcom/amazon/kaf/c/s;)V' in 'com/amazon/kcfpositionmapcreator/d/b' at 0x000000011d1cb838]
[5.459s][info][exceptions] 132 [Exception (): a 'com/amazon/kcfpositionmapcreator/e/b'{0x00000007151c14a8} in {method} {0x00000001326f80b8} 'g' '(Lcom/amazon/kaf/c/s;)V' in 'com/amazon/kcfpositionmapcreator/d/b' at 0x000000011d1cb838]
[5.459s][info][exceptions] 133 [Exception (): a 'com/amazon/kcfpositionmapcreator/e/b'{0x00000007151c5e58} in {method} {0x00000001326f80b8} 'g' '(Lcom/amazon/kaf/c/s;)V' in 'com/amazon/kcfpositionmapcreator/d/b' at 0x000000011d1cb838]
[5.459s][info][exceptions] 134 [Exception (): a 'com/amazon/kcfpositionmapcreator/e/b'{0x00000007151c7c98} in {method} {0x00000001326f80b8} 'g' '(Lcom/amazon/kaf/c/s;)V' in 'com/amazon/kcfpositionmapcreator/d/b' at 0x000000011d1cb838]
[5.459s][info][exceptions] 135 [Exception (): a 'com/amazon/kcfpositionmapcreator/e/b'{0x00000007151c87b8} in {method} {0x00000001326f80b8} 'g' '(Lcom/amazon/kaf/c/s;)V' in 'com/amazon/kcfpositionmapcreator/d/b' at 0x000000011d1cb838]
[5.459s][info][exceptions] 136 [Exception (): a 'com/amazon/kcfpositionmapcreator/e/b'{0x00000007151ca448} in {method} {0x00000001326f80b8} 'g' '(Lcom/amazon/kaf/c/s;)V' in 'com/amazon/kcfpositionmapcreator/d/b' at 0x000000011d1cb838]
[5.459s][info][exceptions] 137 [Exception (): a 'com/amazon/kcfpositionmapcreator/e/b'{0x00000007151ccb18} in {method} {0x00000001326f80b8} 'g' '(Lcom/amazon/kaf/c/s;)V' in 'com/amazon/kcfpositionmapcreator/d/b' at 0x000000011d1cb838]
[5.459s][info][exceptions] 138 [Exception (): a 'com/amazon/kcfpositionmapcreator/e/b'{0x00000007151ce7a8} in {method} {0x00000001326f80b8} 'g' '(Lcom/amazon/kaf/c/s;)V' in 'com/amazon/kcfpositionmapcreator/d/b' at 0x000000011d1cb838]
[5.459s][info][exceptions] 139 [Exception (): a 'com/amazon/kcfpositionmapcreator/e/b'{0x00000007151d3158} in {method} {0x00000001326f80b8} 'g' '(Lcom/amazon/kaf/c/s;)V' in 'com/amazon/kcfpositionmapcreator/d/b' at 0x000000011d1cb838]
[5.460s][info][exceptions] 140 [Exception (): a 'com/amazon/kcfpositionmapcreator/e/b'{0x00000007151d4f98} in {method} {0x00000001326f80b8} 'g' '(Lcom/amazon/kaf/c/s;)V' in 'com/amazon/kcfpositionmapcreator/d/b' at 0x000000011d1cb838]
[5.460s][info][exceptions] 141 [Exception (): a 'com/amazon/kcfpositionmapcreator/e/b'{0x00000007151d5ab8} in {method} {0x00000001326f80b8} 'g' '(Lcom/amazon/kaf/c/s;)V' in 'com/amazon/kcfpositionmapcreator/d/b' at 0x000000011d1cb838]
[5.460s][info][exceptions] 142 [Exception (): a 'com/amazon/kcfpositionmapcreator/e/b'{0x00000007151d7748} in {method} {0x00000001326f80b8} 'g' '(Lcom/amazon/kaf/c/s;)V' in 'com/amazon/kcfpositionmapcreator/d/b' at 0x000000011d1cb838]
[5.460s][info][exceptions] 143 [Exception (): a 'com/amazon/kcfpositionmapcreator/e/b'{0x00000007151da308} in {method} {0x00000001326f80b8} 'g' '(Lcom/amazon/kaf/c/s;)V' in 'com/amazon/kcfpositionmapcreator/d/b' at 0x000000011d1cb838]
[5.460s][info][exceptions] 144 [Exception (): a 'com/amazon/kcfpositionmapcreator/e/b'{0x00000007151dbf98} in {method} {0x00000001326f80b8} 'g' '(Lcom/amazon/kaf/c/s;)V' in 'com/amazon/kcfpositionmapcreator/d/b' at 0x000000011d1cb838]
[5.460s][info][exceptions] 145 [Exception (): a 'com/amazon/kcfpositionmapcreator/e/b'{0x00000007151e0948} in {method} {0x00000001326f80b8} 'g' '(Lcom/amazon/kaf/c/s;)V' in 'com/amazon/kcfpositionmapcreator/d/b' at 0x000000011d1cb838]
[5.461s][info][exceptions] 146 [Exception (): a 'com/amazon/kcfpositionmapcreator/e/b'{0x00000007151f87f0} in {method} {0x00000001326f80b8} 'g' '(Lcom/amazon/kaf/c/s;)V' in 'com/amazon/kcfpositionmapcreator/d/b' at 0x000000011d1cb838]
[5.461s][info][exceptions] 147 [Exception (): a 'com/amazon/kcfpositionmapcreator/e/b'{0x00000007151f9278} in {method} {0x00000001326f80b8} 'g' '(Lcom/amazon/kaf/c/s;)V' in 'com/amazon/kcfpositionmapcreator/d/b' at 0x000000011d1cb838]
[5.461s][info][exceptions] 148 [Exception (): a 'com/amazon/kcfpositionmapcreator/e/b'{0x00000007151f9e20} in {method} {0x00000001326f80b8} 'g' '(Lcom/amazon/kaf/c/s;)V' in 'com/amazon/kcfpositionmapcreator/d/b' at 0x000000011d1cb838]
[5.461s][info][exceptions] 149 [Exception (): a 'com/amazon/kcfpositionmapcreator/e/b'{0x00000007151fa940} in {method} {0x00000001326f80b8} 'g' '(Lcom/amazon/kaf/c/s;)V' in 'com/amazon/kcfpositionmapcreator/d/b' at 0x000000011d1cb838]
[5.461s][info][exceptions] 150 [Exception (): a 'com/amazon/kcfpositionmapcreator/e/b'{0x00000007151fd9f0} in {method} {0x00000001326f80b8} 'g' '(Lcom/amazon/kaf/c/s;)V' in 'com/amazon/kcfpositionmapcreator/d/b' at 0x000000011d1cb838]
[5.461s][info][exceptions] 151 [Exception (): a 'com/amazon/kcfpositionmapcreator/e/b'{0x0000000715002c00} in {method} {0x00000001326f80b8} 'g' '(Lcom/amazon/kaf/c/s;)V' in 'com/amazon/kcfpositionmapcreator/d/b' at 0x000000011d1cb838]
[5.461s][info][exceptions] 152 [Exception (): a 'com/amazon/kcfpositionmapcreator/e/b'{0x0000000715007e00} in {method} {0x00000001326f80b8} 'g' '(Lcom/amazon/kaf/c/s;)V' in 'com/amazon/kcfpositionmapcreator/d/b' at 0x000000011d1cb838]
[5.461s][info][exceptions] 153 [Exception (): a 'com/amazon/kcfpositionmapcreator/e/b'{0x00000007150089a8} in {method} {0x00000001326f80b8} 'g' '(Lcom/amazon/kaf/c/s;)V' in 'com/amazon/kcfpositionmapcreator/d/b' at 0x000000011d1cb838]
[5.461s][info][exceptions] 154 [Exception (): a 'com/amazon/kcfpositionmapcreator/e/b'{0x00000007150094c8} in {method} {0x00000001326f80b8} 'g' '(Lcom/amazon/kaf/c/s;)V' in 'com/amazon/kcfpositionmapcreator/d/b' at 0x000000011d1cb838]
[5.462s][info][exceptions] 155 [Exception (): a 'com/amazon/kcfpositionmapcreator/e/b'{0x000000071500de88} in {method} {0x00000001326f80b8} 'g' '(Lcom/amazon/kaf/c/s;)V' in 'com/amazon/kcfpositionmapcreator/d/b' at 0x000000011d1cb838]
[5.462s][info][exceptions] 156 [Exception (): a 'com/amazon/kcfpositionmapcreator/e/b'{0x0000000715011428} in {method} {0x00000001326f80b8} 'g' '(Lcom/amazon/kaf/c/s;)V' in 'com/amazon/kcfpositionmapcreator/d/b' at 0x000000011d1cb838]
[5.463s][info][exceptions] 157 [Exception (): a 'com/amazon/kcfpositionmapcreator/e/b'{0x00000007150393d8} in {method} {0x00000001326f80b8} 'g' '(Lcom/amazon/kaf/c/s;)V' in 'com/amazon/kcfpositionmapcreator/d/b' at 0x000000011d1cb838]
[5.463s][info][exceptions] 158 [Exception (): a 'com/amazon/kcfpositionmapcreator/e/b'{0x0000000715039ef8} in {method} {0x00000001326f80b8} 'g' '(Lcom/amazon/kaf/c/s;)V' in 'com/amazon/kcfpositionmapcreator/d/b' at 0x000000011d1cb838]
[5.463s][info][exceptions] 159 [Exception (): a 'com/amazon/kcfpositionmapcreator/e/b'{0x000000071503f298} in {method} {0x00000001326f80b8} 'g' '(Lcom/amazon/kaf/c/s;)V' in 'com/amazon/kcfpositionmapcreator/d/b' at 0x000000011d1cb838]
[5.464s][info][exceptions] 160 [Exception (): a 'com/amazon/kcfpositionmapcreator/e/b'{0x0000000715043718} in {method} {0x00000001326f80b8} 'g' '(Lcom/amazon/kaf/c/s;)V' in 'com/amazon/kcfpositionmapcreator/d/b' at 0x000000011d1cb838]
[5.465s][info][exceptions] 161 [Exception (): a 'com/amazon/kcfpositionmapcreator/e/b'{0x0000000715067958} in {method} {0x00000001326f80b8} 'g' '(Lcom/amazon/kaf/c/s;)V' in 'com/amazon/kcfpositionmapcreator/d/b' at 0x000000011d1cb838]
[5.465s][info][exceptions] 162 [Exception (): a 'com/amazon/kcfpositionmapcreator/e/b'{0x0000000715068478} in {method} {0x00000001326f80b8} 'g' '(Lcom/amazon/kaf/c/s;)V' in 'com/amazon/kcfpositionmapcreator/d/b' at 0x000000011d1cb838]
[5.465s][info][exceptions] 163 [Exception (): a 'com/amazon/kcfpositionmapcreator/e/b'{0x000000071506f3f0} in {method} {0x00000001326f80b8} 'g' '(Lcom/amazon/kaf/c/s;)V' in 'com/amazon/kcfpositionmapcreator/d/b' at 0x000000011d1cb838]
[5.466s][info][exceptions] 164 [Exception (): a 'com/amazon/kcfpositionmapcreator/e/b'{0x0000000715082980} in {method} {0x00000001326f80b8} 'g' '(Lcom/amazon/kaf/c/s;)V' in 'com/amazon/kcfpositionmapcreator/d/b' at 0x000000011d1cb838]
[5.468s][info][exceptions] 165 [Exception (): a 'com/amazon/kcfpositionmapcreator/e/b'{0x00000007150c73c0} in {method} {0x00000001326f80b8} 'g' '(Lcom/amazon/kaf/c/s;)V' in 'com/amazon/kcfpositionmapcreator/d/b' at 0x000000011d1cb838]
[5.469s][info][exceptions] 166 [Exception (): a 'com/amazon/kcfpositionmapcreator/e/b'{0x00000007150fe230} in {method} {0x00000001326f80b8} 'g' '(Lcom/amazon/kaf/c/s;)V' in 'com/amazon/kcfpositionmapcreator/d/b' at 0x000000011d1cb838]
[5.469s][info][exceptions] 167 [Exception (): a 'com/amazon/kcfpositionmapcreator/e/b'{0x00000007150fecb8} in {method} {0x00000001326f80b8} 'g' '(Lcom/amazon/kaf/c/s;)V' in 'com/amazon/kcfpositionmapcreator/d/b' at 0x000000011d1cb838]
[5.470s][info][exceptions] 168 [Exception (): a 'com/amazon/kcfpositionmapcreator/e/b'{0x00000007150ff980} in {method} {0x00000001326f80b8} 'g' '(Lcom/amazon/kaf/c/s;)V' in 'com/amazon/kcfpositionmapcreator/d/b' at 0x000000011d1cb838]
[5.470s][info][exceptions] 169 [Exception (): a 'com/amazon/kcfpositionmapcreator/e/b'{0x0000000714f00a20} in {method} {0x00000001326f80b8} 'g' '(Lcom/amazon/kaf/c/s;)V' in 'com/amazon/kcfpositionmapcreator/d/b' at 0x000000011d1cb838]
[5.470s][info][exceptions] 170 [Exception (): a 'com/amazon/kcfpositionmapcreator/e/b'{0x0000000714f026b0} in {method} {0x00000001326f80b8} 'g' '(Lcom/amazon/kaf/c/s;)V' in 'com/amazon/kcfpositionmapcreator/d/b' at 0x000000011d1cb838]
[5.470s][info][exceptions] 171 [Exception (): a 'com/amazon/kcfpositionmapcreator/e/b'{0x0000000714f06140} in {method} {0x00000001326f80b8} 'g' '(Lcom/amazon/kaf/c/s;)V' in 'com/amazon/kcfpositionmapcreator/d/b' at 0x000000011d1cb838]
[5.470s][info][exceptions] 172 [Exception (): a 'com/amazon/kcfpositionmapcreator/e/b'{0x0000000714f0b2b0} in {method} {0x00000001326f80b8} 'g' '(Lcom/amazon/kaf/c/s;)V' in 'com/amazon/kcfpositionmapcreator/d/b' at 0x000000011d1cb838]
[5.470s][info][exceptions] 173 [Exception (): a 'com/amazon/kcfpositionmapcreator/e/b'{0x0000000714f10600} in {method} {0x00000001326f80b8} 'g' '(Lcom/amazon/kaf/c/s;)V' in 'com/amazon/kcfpositionmapcreator/d/b' at 0x000000011d1cb838]
[5.470s][info][exceptions] 174 [Exception (): a 'com/amazon/kcfpositionmapcreator/e/b'{0x0000000714f18b80} in {method} {0x00000001326f80b8} 'g' '(Lcom/amazon/kaf/c/s;)V' in 'com/amazon/kcfpositionmapcreator/d/b' at 0x000000011d1cb838]
[5.470s][info][exceptions] 175 [Exception (): a 'com/amazon/kcfpositionmapcreator/e/b'{0x0000000714f19848} in {method} {0x00000001326f80b8} 'g' '(Lcom/amazon/kaf/c/s;)V' in 'com/amazon/kcfpositionmapcreator/d/b' at 0x000000011d1cb838]
[5.470s][info][exceptions] 176 [Exception (): a 'com/amazon/kcfpositionmapcreator/e/b'{0x0000000714f1a368} in {method} {0x00000001326f80b8} 'g' '(Lcom/amazon/kaf/c/s;)V' in 'com/amazon/kcfpositionmapcreator/d/b' at 0x000000011d1cb838]
[5.471s][info][exceptions] 177 [Exception (): a 'com/amazon/kcfpositionmapcreator/e/b'{0x0000000714f1bff8} in {method} {0x00000001326f80b8} 'g' '(Lcom/amazon/kaf/c/s;)V' in 'com/amazon/kcfpositionmapcreator/d/b' at 0x000000011d1cb838]
[5.471s][info][exceptions] 178 [Exception (): a 'com/amazon/kcfpositionmapcreator/e/b'{0x0000000714f21258} in {method} {0x00000001326f80b8} 'g' '(Lcom/amazon/kaf/c/s;)V' in 'com/amazon/kcfpositionmapcreator/d/b' at 0x000000011d1cb838]
[5.471s][info][exceptions] 179 [Exception (): a 'com/amazon/kcfpositionmapcreator/e/b'{0x0000000714f22f70} in {method} {0x00000001326f80b8} 'g' '(Lcom/amazon/kaf/c/s;)V' in 'com/amazon/kcfpositionmapcreator/d/b' at 0x000000011d1cb838]
[5.471s][info][exceptions] 180 [Exception (): a 'com/amazon/kcfpositionmapcreator/e/b'{0x0000000714f24d48} in {method} {0x00000001326f80b8} 'g' '(Lcom/amazon/kaf/c/s;)V' in 'com/amazon/kcfpositionmapcreator/d/b' at 0x000000011d1cb838]
[5.471s][info][exceptions] 181 [Exception (): a 'com/amazon/kcfpositionmapcreator/e/b'{0x0000000714f26cd0} in {method} {0x00000001326f80b8} 'g' '(Lcom/amazon/kaf/c/s;)V' in 'com/amazon/kcfpositionmapcreator/d/b' at 0x000000011d1cb838]
[5.471s][info][exceptions] 182 [Exception (): a 'com/amazon/kcfpositionmapcreator/e/b'{0x0000000714f277f0} in {method} {0x00000001326f80b8} 'g' '(Lcom/amazon/kaf/c/s;)V' in 'com/amazon/kcfpositionmapcreator/d/b' at 0x000000011d1cb838]
[5.471s][info][exceptions] 183 [Exception (): a 'com/amazon/kcfpositionmapcreator/e/b'{0x0000000714f29540} in {method} {0x00000001326f80b8} 'g' '(Lcom/amazon/kaf/c/s;)V' in 'com/amazon/kcfpositionmapcreator/d/b' at 0x000000011d1cb838]
[5.471s][info][exceptions] 184 [Exception (): a 'com/amazon/kcfpositionmapcreator/e/b'{0x0000000714f31d10} in {method} {0x00000001326f80b8} 'g' '(Lcom/amazon/kaf/c/s;)V' in 'com/amazon/kcfpositionmapcreator/d/b' at 0x000000011d1cb838]
[5.471s][info][exceptions] 185 [Exception (): a 'com/amazon/kcfpositionmapcreator/e/b'{0x0000000714f33a28} in {method} {0x00000001326f80b8} 'g' '(Lcom/amazon/kaf/c/s;)V' in 'com/amazon/kcfpositionmapcreator/d/b' at 0x000000011d1cb838]
[5.471s][info][exceptions] 186 [Exception (): a 'com/amazon/kcfpositionmapcreator/e/b'{0x0000000714f35800} in {method} {0x00000001326f80b8} 'g' '(Lcom/amazon/kaf/c/s;)V' in 'com/amazon/kcfpositionmapcreator/d/b' at 0x000000011d1cb838]
[5.472s][info][exceptions] 187 [Exception (): a 'com/amazon/kcfpositionmapcreator/e/b'{0x0000000714f37788} in {method} {0x00000001326f80b8} 'g' '(Lcom/amazon/kaf/c/s;)V' in 'com/amazon/kcfpositionmapcreator/d/b' at 0x000000011d1cb838]
[5.472s][info][exceptions] 188 [Exception (): a 'com/amazon/kcfpositionmapcreator/e/b'{0x0000000714f382a8} in {method} {0x00000001326f80b8} 'g' '(Lcom/amazon/kaf/c/s;)V' in 'com/amazon/kcfpositionmapcreator/d/b' at 0x000000011d1cb838]
[5.472s][info][exceptions] 189 [Exception (): a 'com/amazon/kcfpositionmapcreator/e/b'{0x0000000714f39ff8} in {method} {0x00000001326f80b8} 'g' '(Lcom/amazon/kaf/c/s;)V' in 'com/amazon/kcfpositionmapcreator/d/b' at 0x000000011d1cb838]
[5.472s][info][exceptions] 190 [Exception (): a 'com/amazon/kcfpositionmapcreator/e/b'{0x0000000714f42cb8} in {method} {0x00000001326f80b8} 'g' '(Lcom/amazon/kaf/c/s;)V' in 'com/amazon/kcfpositionmapcreator/d/b' at 0x000000011d1cb838]
[5.472s][info][exceptions] 191 [Exception (): a 'com/amazon/kcfpositionmapcreator/e/b'{0x0000000714f449d0} in {method} {0x00000001326f80b8} 'g' '(Lcom/amazon/kaf/c/s;)V' in 'com/amazon/kcfpositionmapcreator/d/b' at 0x000000011d1cb838]
[5.472s][info][exceptions] 192 [Exception (): a 'com/amazon/kcfpositionmapcreator/e/b'{0x0000000714f467a8} in {method} {0x00000001326f80b8} 'g' '(Lcom/amazon/kaf/c/s;)V' in 'com/amazon/kcfpositionmapcreator/d/b' at 0x000000011d1cb838]
[5.472s][info][exceptions] 193 [Exception (): a 'com/amazon/kcfpositionmapcreator/e/b'{0x0000000714f48730} in {method} {0x00000001326f80b8} 'g' '(Lcom/amazon/kaf/c/s;)V' in 'com/amazon/kcfpositionmapcreator/d/b' at 0x000000011d1cb838]
[5.472s][info][exceptions] 194 [Exception (): a 'com/amazon/kcfpositionmapcreator/e/b'{0x0000000714f49250} in {method} {0x00000001326f80b8} 'g' '(Lcom/amazon/kaf/c/s;)V' in 'com/amazon/kcfpositionmapcreator/d/b' at 0x000000011d1cb838]
[5.472s][info][exceptions] 195 [Exception (): a 'com/amazon/kcfpositionmapcreator/e/b'{0x0000000714f4afa0} in {method} {0x00000001326f80b8} 'g' '(Lcom/amazon/kaf/c/s;)V' in 'com/amazon/kcfpositionmapcreator/d/b' at 0x000000011d1cb838]
[5.473s][info][exceptions] 196 [Exception (): a 'com/amazon/kcfpositionmapcreator/e/b'{0x0000000714f61a80} in {method} {0x00000001326f80b8} 'g' '(Lcom/amazon/kaf/c/s;)V' in 'com/amazon/kcfpositionmapcreator/d/b' at 0x000000011d1cb838]
[5.473s][info][exceptions] 197 [Exception (): a 'com/amazon/kcfpositionmapcreator/e/b'{0x0000000714f63798} in {method} {0x00000001326f80b8} 'g' '(Lcom/amazon/kaf/c/s;)V' in 'com/amazon/kcfpositionmapcreator/d/b' at 0x000000011d1cb838]
[5.473s][info][exceptions] 198 [Exception (): a 'com/amazon/kcfpositionmapcreator/e/b'{0x0000000714f65570} in {method} {0x00000001326f80b8} 'g' '(Lcom/amazon/kaf/c/s;)V' in 'com/amazon/kcfpositionmapcreator/d/b' at 0x000000011d1cb838]
[5.473s][info][exceptions] 199 [Exception (): a 'com/amazon/kcfpositionmapcreator/e/b'{0x0000000714f674f8} in {method} {0x00000001326f80b8} 'g' '(Lcom/amazon/kaf/c/s;)V' in 'com/amazon/kcfpositionmapcreator/d/b' at 0x000000011d1cb838]
[5.473s][info][exceptions] 200 [Exception (): a 'com/amazon/kcfpositionmapcreator/e/b'{0x0000000714f68018} in {method} {0x00000001326f80b8} 'g' '(Lcom/amazon/kaf/c/s;)V' in 'com/amazon/kcfpositionmapcreator/d/b' at 0x000000011d1cb838]
[5.473s][info][exceptions] 201 [Exception (): a 'com/amazon/kcfpositionmapcreator/e/b'{0x0000000714f69d68} in {method} {0x00000001326f80b8} 'g' '(Lcom/amazon/kaf/c/s;)V' in 'com/amazon/kcfpositionmapcreator/d/b' at 0x000000011d1cb838]
[5.474s][info][exceptions] 202 [Exception (): a 'com/amazon/kcfpositionmapcreator/e/b'{0x0000000714f73328} in {method} {0x00000001326f80b8} 'g' '(Lcom/amazon/kaf/c/s;)V' in 'com/amazon/kcfpositionmapcreator/d/b' at 0x000000011d1cb838]
[5.474s][info][exceptions] 203 [Exception (): a 'com/amazon/kcfpositionmapcreator/e/b'{0x0000000714f75040} in {method} {0x00000001326f80b8} 'g' '(Lcom/amazon/kaf/c/s;)V' in 'com/amazon/kcfpositionmapcreator/d/b' at 0x000000011d1cb838]
[5.474s][info][exceptions] 204 [Exception (): a 'com/amazon/kcfpositionmapcreator/e/b'{0x0000000714f76e18} in {method} {0x00000001326f80b8} 'g' '(Lcom/amazon/kaf/c/s;)V' in 'com/amazon/kcfpositionmapcreator/d/b' at 0x000000011d1cb838]
[5.474s][info][exceptions] 205 [Exception (): a 'com/amazon/kcfpositionmapcreator/e/b'{0x0000000714f78bf0} in {method} {0x00000001326f80b8} 'g' '(Lcom/amazon/kaf/c/s;)V' in 'com/amazon/kcfpositionmapcreator/d/b' at 0x000000011d1cb838]
[5.475s][info][exceptions] 206 [Exception (): a 'com/amazon/kcfpositionmapcreator/e/b'{0x0000000714fad820} in {method} {0x00000001326f80b8} 'g' '(Lcom/amazon/kaf/c/s;)V' in 'com/amazon/kcfpositionmapcreator/d/b' at 0x000000011d1cb838]
[5.475s][info][exceptions] 207 [Exception (): a 'com/amazon/kcfpositionmapcreator/e/b'{0x0000000714fae2a8} in {method} {0x00000001326f80b8} 'g' '(Lcom/amazon/kaf/c/s;)V' in 'com/amazon/kcfpositionmapcreator/d/b' at 0x000000011d1cb838]
[5.476s][info][exceptions] 208 [Exception (): a 'com/amazon/kcfpositionmapcreator/e/b'{0x0000000714faeee0} in {method} {0x00000001326f80b8} 'g' '(Lcom/amazon/kaf/c/s;)V' in 'com/amazon/kcfpositionmapcreator/d/b' at 0x000000011d1cb838]
[5.476s][info][exceptions] 209 [Exception (): a 'com/amazon/kcfpositionmapcreator/e/b'{0x0000000714fafa00} in {method} {0x00000001326f80b8} 'g' '(Lcom/amazon/kaf/c/s;)V' in 'com/amazon/kcfpositionmapcreator/d/b' at 0x000000011d1cb838]
[5.476s][info][exceptions] 210 [Exception (): a 'com/amazon/kcfpositionmapcreator/e/b'{0x0000000714fb4c60} in {method} {0x00000001326f80b8} 'g' '(Lcom/amazon/kaf/c/s;)V' in 'com/amazon/kcfpositionmapcreator/d/b' at 0x000000011d1cb838]
[5.476s][info][exceptions] 211 [Exception (): a 'com/amazon/kcfpositionmapcreator/e/b'{0x0000000714fb7820} in {method} {0x00000001326f80b8} 'g' '(Lcom/amazon/kaf/c/s;)V' in 'com/amazon/kcfpositionmapcreator/d/b' at 0x000000011d1cb838]
[5.476s][info][exceptions] 212 [Exception (): a 'com/amazon/kcfpositionmapcreator/e/b'{0x0000000714fb9cd0} in {method} {0x00000001326f80b8} 'g' '(Lcom/amazon/kaf/c/s;)V' in 'com/amazon/kcfpositionmapcreator/d/b' at 0x000000011d1cb838]
[5.476s][info][exceptions] 213 [Exception (): a 'com/amazon/kcfpositionmapcreator/e/b'{0x0000000714fbfbe0} in {method} {0x00000001326f80b8} 'g' '(Lcom/amazon/kaf/c/s;)V' in 'com/amazon/kcfpositionmapcreator/d/b' at 0x000000011d1cb838]
[5.476s][info][exceptions] 214 [Exception (): a 'com/amazon/kcfpositionmapcreator/e/b'{0x0000000714fc0818} in {method} {0x00000001326f80b8} 'g' '(Lcom/amazon/kaf/c/s;)V' in 'com/amazon/kcfpositionmapcreator/d/b' at 0x000000011d1cb838]
[5.476s][info][exceptions] 215 [Exception (): a 'com/amazon/kcfpositionmapcreator/e/b'{0x0000000714fc1338} in {method} {0x00000001326f80b8} 'g' '(Lcom/amazon/kaf/c/s;)V' in 'com/amazon/kcfpositionmapcreator/d/b' at 0x000000011d1cb838]
[5.476s][info][exceptions] 216 [Exception (): a 'com/amazon/kcfpositionmapcreator/e/b'{0x0000000714fc2fc8} in {method} {0x00000001326f80b8} 'g' '(Lcom/amazon/kaf/c/s;)V' in 'com/amazon/kcfpositionmapcreator/d/b' at 0x000000011d1cb838]
[5.476s][info][exceptions] 217 [Exception (): a 'com/amazon/kcfpositionmapcreator/e/b'{0x0000000714fc5b88} in {method} {0x00000001326f80b8} 'g' '(Lcom/amazon/kaf/c/s;)V' in 'com/amazon/kcfpositionmapcreator/d/b' at 0x000000011d1cb838]
[5.476s][info][exceptions] 218 [Exception (): a 'com/amazon/kcfpositionmapcreator/e/b'{0x0000000714fc7818} in {method} {0x00000001326f80b8} 'g' '(Lcom/amazon/kaf/c/s;)V' in 'com/amazon/kcfpositionmapcreator/d/b' at 0x000000011d1cb838]
[5.477s][info][exceptions] 219 [Exception (): a 'com/amazon/kcfpositionmapcreator/e/b'{0x0000000714fca9e8} in {method} {0x00000001326f80b8} 'g' '(Lcom/amazon/kaf/c/s;)V' in 'com/amazon/kcfpositionmapcreator/d/b' at 0x000000011d1cb838]
[5.477s][info][exceptions] 220 [Exception (): a 'com/amazon/kcfpositionmapcreator/e/b'{0x0000000714fcb508} in {method} {0x00000001326f80b8} 'g' '(Lcom/amazon/kaf/c/s;)V' in 'com/amazon/kcfpositionmapcreator/d/b' at 0x000000011d1cb838]
[5.477s][info][exceptions] 221 [Exception (): a 'com/amazon/kcfpositionmapcreator/e/b'{0x0000000714fcd198} in {method} {0x00000001326f80b8} 'g' '(Lcom/amazon/kaf/c/s;)V' in 'com/amazon/kcfpositionmapcreator/d/b' at 0x000000011d1cb838]
[5.477s][info][exceptions] 222 [Exception (): a 'com/amazon/kcfpositionmapcreator/e/b'{0x0000000714fcfd58} in {method} {0x00000001326f80b8} 'g' '(Lcom/amazon/kaf/c/s;)V' in 'com/amazon/kcfpositionmapcreator/d/b' at 0x000000011d1cb838]
[5.477s][info][exceptions] 223 [Exception (): a 'com/amazon/kcfpositionmapcreator/e/b'{0x0000000714fd19e8} in {method} {0x00000001326f80b8} 'g' '(Lcom/amazon/kaf/c/s;)V' in 'com/amazon/kcfpositionmapcreator/d/b' at 0x000000011d1cb838]
[5.477s][info][exceptions] 224 [Exception (): a 'com/amazon/kcfpositionmapcreator/e/b'{0x0000000714fd4bb8} in {method} {0x00000001326f80b8} 'g' '(Lcom/amazon/kaf/c/s;)V' in 'com/amazon/kcfpositionmapcreator/d/b' at 0x000000011d1cb838]
[5.477s][info][exceptions] 225 [Exception (): a 'com/amazon/kcfpositionmapcreator/e/b'{0x0000000714fd56d8} in {method} {0x00000001326f80b8} 'g' '(Lcom/amazon/kaf/c/s;)V' in 'com/amazon/kcfpositionmapcreator/d/b' at 0x000000011d1cb838]
[5.477s][info][exceptions] 226 [Exception (): a 'com/amazon/kcfpositionmapcreator/e/b'{0x0000000714fd7368} in {method} {0x00000001326f80b8} 'g' '(Lcom/amazon/kaf/c/s;)V' in 'com/amazon/kcfpositionmapcreator/d/b' at 0x000000011d1cb838]
[5.477s][info][exceptions] 227 [Exception (): a 'com/amazon/kcfpositionmapcreator/e/b'{0x0000000714fd9f28} in {method} {0x00000001326f80b8} 'g' '(Lcom/amazon/kaf/c/s;)V' in 'com/amazon/kcfpositionmapcreator/d/b' at 0x000000011d1cb838]
[5.477s][info][exceptions] 228 [Exception (): a 'com/amazon/kcfpositionmapcreator/e/b'{0x0000000714fdbbb8} in {method} {0x00000001326f80b8} 'g' '(Lcom/amazon/kaf/c/s;)V' in 'com/amazon/kcfpositionmapcreator/d/b' at 0x000000011d1cb838]
[5.477s][info][exceptions] 229 [Exception (): a 'com/amazon/kcfpositionmapcreator/e/b'{0x0000000714fded88} in {method} {0x00000001326f80b8} 'g' '(Lcom/amazon/kaf/c/s;)V' in 'com/amazon/kcfpositionmapcreator/d/b' at 0x000000011d1cb838]
[5.477s][info][exceptions] 230 [Exception (): a 'com/amazon/kcfpositionmapcreator/e/b'{0x0000000714fdf8a8} in {method} {0x00000001326f80b8} 'g' '(Lcom/amazon/kaf/c/s;)V' in 'com/amazon/kcfpositionmapcreator/d/b' at 0x000000011d1cb838]
[5.477s][info][exceptions] 231 [Exception (): a 'com/amazon/kcfpositionmapcreator/e/b'{0x0000000714fe1538} in {method} {0x00000001326f80b8} 'g' '(Lcom/amazon/kaf/c/s;)V' in 'com/amazon/kcfpositionmapcreator/d/b' at 0x000000011d1cb838]
[5.478s][info][exceptions] 232 [Exception (): a 'com/amazon/kcfpositionmapcreator/e/b'{0x0000000714fe40f8} in {method} {0x00000001326f80b8} 'g' '(Lcom/amazon/kaf/c/s;)V' in 'com/amazon/kcfpositionmapcreator/d/b' at 0x000000011d1cb838]
[5.478s][info][exceptions] 233 [Exception (): a 'com/amazon/kcfpositionmapcreator/e/b'{0x0000000714fe5d88} in {method} {0x00000001326f80b8} 'g' '(Lcom/amazon/kaf/c/s;)V' in 'com/amazon/kcfpositionmapcreator/d/b' at 0x000000011d1cb838]
[5.478s][info][exceptions] 234 [Exception (): a 'com/amazon/kcfpositionmapcreator/e/b'{0x0000000714fe9448} in {method} {0x00000001326f80b8} 'g' '(Lcom/amazon/kaf/c/s;)V' in 'com/amazon/kcfpositionmapcreator/d/b' at 0x000000011d1cb838]
[5.478s][info][exceptions] 235 [Exception (): a 'com/amazon/kcfpositionmapcreator/e/b'{0x0000000714fe9f68} in {method} {0x00000001326f80b8} 'g' '(Lcom/amazon/kaf/c/s;)V' in 'com/amazon/kcfpositionmapcreator/d/b' at 0x000000011d1cb838]
[5.478s][info][exceptions] 236 [Exception (): a 'com/amazon/kcfpositionmapcreator/e/b'{0x0000000714febbf8} in {method} {0x00000001326f80b8} 'g' '(Lcom/amazon/kaf/c/s;)V' in 'com/amazon/kcfpositionmapcreator/d/b' at 0x000000011d1cb838]
[5.478s][info][exceptions] 237 [Exception (): a 'com/amazon/kcfpositionmapcreator/e/b'{0x0000000714fee7b8} in {method} {0x00000001326f80b8} 'g' '(Lcom/amazon/kaf/c/s;)V' in 'com/amazon/kcfpositionmapcreator/d/b' at 0x000000011d1cb838]
[5.478s][info][exceptions] 238 [Exception (): a 'com/amazon/kcfpositionmapcreator/e/b'{0x0000000714ff0998} in {method} {0x00000001326f80b8} 'g' '(Lcom/amazon/kaf/c/s;)V' in 'com/amazon/kcfpositionmapcreator/d/b' at 0x000000011d1cb838]
[5.478s][info][exceptions] 239 [Exception (): a 'com/amazon/kcfpositionmapcreator/e/b'{0x0000000714ff4058} in {method} {0x00000001326f80b8} 'g' '(Lcom/amazon/kaf/c/s;)V' in 'com/amazon/kcfpositionmapcreator/d/b' at 0x000000011d1cb838]
[5.478s][info][exceptions] 240 [Exception (): a 'com/amazon/kcfpositionmapcreator/e/b'{0x0000000714ff4b78} in {method} {0x00000001326f80b8} 'g' '(Lcom/amazon/kaf/c/s;)V' in 'com/amazon/kcfpositionmapcreator/d/b' at 0x000000011d1cb838]
[5.479s][info][exceptions] 241 [Exception (): a 'com/amazon/kcfpositionmapcreator/e/b'{0x0000000714ff6808} in {method} {0x00000001326f80b8} 'g' '(Lcom/amazon/kaf/c/s;)V' in 'com/amazon/kcfpositionmapcreator/d/b' at 0x000000011d1cb838]
[5.479s][info][exceptions] 242 [Exception (): a 'com/amazon/kcfpositionmapcreator/e/b'{0x0000000714ff93c8} in {method} {0x00000001326f80b8} 'g' '(Lcom/amazon/kaf/c/s;)V' in 'com/amazon/kcfpositionmapcreator/d/b' at 0x000000011d1cb838]
[5.479s][info][exceptions] 243 [Exception (): a 'com/amazon/kcfpositionmapcreator/e/b'{0x0000000714ffb5a8} in {method} {0x00000001326f80b8} 'g' '(Lcom/amazon/kaf/c/s;)V' in 'com/amazon/kcfpositionmapcreator/d/b' at 0x000000011d1cb838]
[5.479s][info][exceptions] 244 [Exception (): a 'com/amazon/kcfpositionmapcreator/e/b'{0x0000000714ffec68} in {method} {0x00000001326f80b8} 'g' '(Lcom/amazon/kaf/c/s;)V' in 'com/amazon/kcfpositionmapcreator/d/b' at 0x000000011d1cb838]
[5.479s][info][exceptions] 245 [Exception (): a 'com/amazon/kcfpositionmapcreator/e/b'{0x0000000714fff788} in {method} {0x00000001326f80b8} 'g' '(Lcom/amazon/kaf/c/s;)V' in 'com/amazon/kcfpositionmapcreator/d/b' at 0x000000011d1cb838]
[5.479s][info][exceptions] 246 [Exception (): a 'com/amazon/kcfpositionmapcreator/e/b'{0x0000000714e018a0} in {method} {0x00000001326f80b8} 'g' '(Lcom/amazon/kaf/c/s;)V' in 'com/amazon/kcfpositionmapcreator/d/b' at 0x000000011d1cb838]
[5.479s][info][exceptions] 247 [Exception (): a 'com/amazon/kcfpositionmapcreator/e/b'{0x0000000714e04460} in {method} {0x00000001326f80b8} 'g' '(Lcom/amazon/kaf/c/s;)V' in 'com/amazon/kcfpositionmapcreator/d/b' at 0x000000011d1cb838]
[5.479s][info][exceptions] 248 [Exception (): a 'com/amazon/kcfpositionmapcreator/e/b'{0x0000000714e06640} in {method} {0x00000001326f80b8} 'g' '(Lcom/amazon/kaf/c/s;)V' in 'com/amazon/kcfpositionmapcreator/d/b' at 0x000000011d1cb838]
[5.479s][info][exceptions] 249 [Exception (): a 'com/amazon/kcfpositionmapcreator/e/b'{0x0000000714e0a1f0} in {method} {0x00000001326f80b8} 'g' '(Lcom/amazon/kaf/c/s;)V' in 'com/amazon/kcfpositionmapcreator/d/b' at 0x000000011d1cb838]
[5.479s][info][exceptions] 250 [Exception (): a 'com/amazon/kcfpositionmapcreator/e/b'{0x0000000714e0ad10} in {method} {0x00000001326f80b8} 'g' '(Lcom/amazon/kaf/c/s;)V' in 'com/amazon/kcfpositionmapcreator/d/b' at 0x000000011d1cb838]
[5.479s][info][exceptions] 251 [Exception (): a 'com/amazon/kcfpositionmapcreator/e/b'{0x0000000714e0c9a0} in {method} {0x00000001326f80b8} 'g' '(Lcom/amazon/kaf/c/s;)V' in 'com/amazon/kcfpositionmapcreator/d/b' at 0x000000011d1cb838]
[5.480s][info][exceptions] 252 [Exception (): a 'com/amazon/kcfpositionmapcreator/e/b'{0x0000000714e0f560} in {method} {0x00000001326f80b8} 'g' '(Lcom/amazon/kaf/c/s;)V' in 'com/amazon/kcfpositionmapcreator/d/b' at 0x000000011d1cb838]
[5.480s][info][exceptions] 253 [Exception (): a 'com/amazon/kcfpositionmapcreator/e/b'{0x0000000714e11c30} in {method} {0x00000001326f80b8} 'g' '(Lcom/amazon/kaf/c/s;)V' in 'com/amazon/kcfpositionmapcreator/d/b' at 0x000000011d1cb838]
[5.480s][info][exceptions] 254 [Exception (): a 'com/amazon/kcfpositionmapcreator/e/b'{0x0000000714e157e0} in {method} {0x00000001326f80b8} 'g' '(Lcom/amazon/kaf/c/s;)V' in 'com/amazon/kcfpositionmapcreator/d/b' at 0x000000011d1cb838]
[5.480s][info][exceptions] 255 [Exception (): a 'com/amazon/kcfpositionmapcreator/e/b'{0x0000000714e16300} in {method} {0x00000001326f80b8} 'g' '(Lcom/amazon/kaf/c/s;)V' in 'com/amazon/kcfpositionmapcreator/d/b' at 0x000000011d1cb838]
[5.480s][info][exceptions] 256 [Exception (): a 'com/amazon/kcfpositionmapcreator/e/b'{0x0000000714e17f90} in {method} {0x00000001326f80b8} 'g' '(Lcom/amazon/kaf/c/s;)V' in 'com/amazon/kcfpositionmapcreator/d/b' at 0x000000011d1cb838]
[5.480s][info][exceptions] 257 [Exception (): a 'com/amazon/kcfpositionmapcreator/e/b'{0x0000000714e1ab50} in {method} {0x00000001326f80b8} 'g' '(Lcom/amazon/kaf/c/s;)V' in 'com/amazon/kcfpositionmapcreator/d/b' at 0x000000011d1cb838]
[5.480s][info][exceptions] 258 [Exception (): a 'com/amazon/kcfpositionmapcreator/e/b'{0x0000000714e1d220} in {method} {0x00000001326f80b8} 'g' '(Lcom/amazon/kaf/c/s;)V' in 'com/amazon/kcfpositionmapcreator/d/b' at 0x000000011d1cb838]
[5.480s][info][exceptions] 259 [Exception (): a 'com/amazon/kcfpositionmapcreator/e/b'{0x0000000714e20dd0} in {method} {0x00000001326f80b8} 'g' '(Lcom/amazon/kaf/c/s;)V' in 'com/amazon/kcfpositionmapcreator/d/b' at 0x000000011d1cb838]
[5.480s][info][exceptions] 260 [Exception (): a 'com/amazon/kcfpositionmapcreator/e/b'{0x0000000714e218f0} in {method} {0x00000001326f80b8} 'g' '(Lcom/amazon/kaf/c/s;)V' in 'com/amazon/kcfpositionmapcreator/d/b' at 0x000000011d1cb838]
[5.480s][info][exceptions] 261 [Exception (): a 'com/amazon/kcfpositionmapcreator/e/b'{0x0000000714e23580} in {method} {0x00000001326f80b8} 'g' '(Lcom/amazon/kaf/c/s;)V' in 'com/amazon/kcfpositionmapcreator/d/b' at 0x000000011d1cb838]
[5.481s][info][exceptions] 262 [Exception (): a 'com/amazon/kcfpositionmapcreator/e/b'{0x0000000714e26140} in {method} {0x00000001326f80b8} 'g' '(Lcom/amazon/kaf/c/s;)V' in 'com/amazon/kcfpositionmapcreator/d/b' at 0x000000011d1cb838]
[5.481s][info][exceptions] 263 [Exception (): a 'com/amazon/kcfpositionmapcreator/e/b'{0x0000000714e28810} in {method} {0x00000001326f80b8} 'g' '(Lcom/amazon/kaf/c/s;)V' in 'com/amazon/kcfpositionmapcreator/d/b' at 0x000000011d1cb838]
[5.481s][info][exceptions] 264 [Exception (): a 'com/amazon/kcfpositionmapcreator/e/b'{0x0000000714e2cdb0} in {method} {0x00000001326f80b8} 'g' '(Lcom/amazon/kaf/c/s;)V' in 'com/amazon/kcfpositionmapcreator/d/b' at 0x000000011d1cb838]
[5.481s][info][exceptions] 265 [Exception (): a 'com/amazon/kcfpositionmapcreator/e/b'{0x0000000714e2d8d0} in {method} {0x00000001326f80b8} 'g' '(Lcom/amazon/kaf/c/s;)V' in 'com/amazon/kcfpositionmapcreator/d/b' at 0x000000011d1cb838]
[5.481s][info][exceptions] 266 [Exception (): a 'com/amazon/kcfpositionmapcreator/e/b'{0x0000000714e2fab0} in {method} {0x00000001326f80b8} 'g' '(Lcom/amazon/kaf/c/s;)V' in 'com/amazon/kcfpositionmapcreator/d/b' at 0x000000011d1cb838]
[5.481s][info][exceptions] 267 [Exception (): a 'com/amazon/kcfpositionmapcreator/e/b'{0x0000000714e32670} in {method} {0x00000001326f80b8} 'g' '(Lcom/amazon/kaf/c/s;)V' in 'com/amazon/kcfpositionmapcreator/d/b' at 0x000000011d1cb838]
[5.481s][info][exceptions] 268 [Exception (): a 'com/amazon/kcfpositionmapcreator/e/b'{0x0000000714e35720} in {method} {0x00000001326f80b8} 'g' '(Lcom/amazon/kaf/c/s;)V' in 'com/amazon/kcfpositionmapcreator/d/b' at 0x000000011d1cb838]
[5.481s][info][exceptions] 269 [Exception (): a 'com/amazon/kcfpositionmapcreator/e/b'{0x0000000714e39cc0} in {method} {0x00000001326f80b8} 'g' '(Lcom/amazon/kaf/c/s;)V' in 'com/amazon/kcfpositionmapcreator/d/b' at 0x000000011d1cb838]
[5.481s][info][exceptions] 270 [Exception (): a 'com/amazon/kcfpositionmapcreator/e/b'{0x0000000714e3a7e0} in {method} {0x00000001326f80b8} 'g' '(Lcom/amazon/kaf/c/s;)V' in 'com/amazon/kcfpositionmapcreator/d/b' at 0x000000011d1cb838]
[5.481s][info][exceptions] 271 [Exception (): a 'com/amazon/kcfpositionmapcreator/e/b'{0x0000000714e3c9c0} in {method} {0x00000001326f80b8} 'g' '(Lcom/amazon/kaf/c/s;)V' in 'com/amazon/kcfpositionmapcreator/d/b' at 0x000000011d1cb838]
[5.482s][info][exceptions] 272 [Exception (): a 'com/amazon/kcfpositionmapcreator/e/b'{0x0000000714e3f580} in {method} {0x00000001326f80b8} 'g' '(Lcom/amazon/kaf/c/s;)V' in 'com/amazon/kcfpositionmapcreator/d/b' at 0x000000011d1cb838]
[5.482s][info][exceptions] 273 [Exception (): a 'com/amazon/kcfpositionmapcreator/e/b'{0x0000000714e42630} in {method} {0x00000001326f80b8} 'g' '(Lcom/amazon/kaf/c/s;)V' in 'com/amazon/kcfpositionmapcreator/d/b' at 0x000000011d1cb838]
[5.482s][info][exceptions] 274 [Exception (): a 'com/amazon/kcfpositionmapcreator/e/b'{0x0000000714e46bd0} in {method} {0x00000001326f80b8} 'g' '(Lcom/amazon/kaf/c/s;)V' in 'com/amazon/kcfpositionmapcreator/d/b' at 0x000000011d1cb838]
[5.482s][info][exceptions] 275 [Exception (): a 'com/amazon/kcfpositionmapcreator/e/b'{0x0000000714e476f0} in {method} {0x00000001326f80b8} 'g' '(Lcom/amazon/kaf/c/s;)V' in 'com/amazon/kcfpositionmapcreator/d/b' at 0x000000011d1cb838]
[5.482s][info][exceptions] 276 [Exception (): a 'com/amazon/kcfpositionmapcreator/e/b'{0x0000000714e498d0} in {method} {0x00000001326f80b8} 'g' '(Lcom/amazon/kaf/c/s;)V' in 'com/amazon/kcfpositionmapcreator/d/b' at 0x000000011d1cb838]
[5.482s][info][exceptions] 277 [Exception (): a 'com/amazon/kcfpositionmapcreator/e/b'{0x0000000714e4c490} in {method} {0x00000001326f80b8} 'g' '(Lcom/amazon/kaf/c/s;)V' in 'com/amazon/kcfpositionmapcreator/d/b' at 0x000000011d1cb838]
[5.482s][info][exceptions] 278 [Exception (): a 'com/amazon/kcfpositionmapcreator/e/b'{0x0000000714e4f540} in {method} {0x00000001326f80b8} 'g' '(Lcom/amazon/kaf/c/s;)V' in 'com/amazon/kcfpositionmapcreator/d/b' at 0x000000011d1cb838]
[5.482s][info][exceptions] 279 [Exception (): a 'com/amazon/kcfpositionmapcreator/e/b'{0x0000000714e53ae0} in {method} {0x00000001326f80b8} 'g' '(Lcom/amazon/kaf/c/s;)V' in 'com/amazon/kcfpositionmapcreator/d/b' at 0x000000011d1cb838]
[5.482s][info][exceptions] 280 [Exception (): a 'com/amazon/kcfpositionmapcreator/e/b'{0x0000000714e54600} in {method} {0x00000001326f80b8} 'g' '(Lcom/amazon/kaf/c/s;)V' in 'com/amazon/kcfpositionmapcreator/d/b' at 0x000000011d1cb838]
[5.482s][info][exceptions] 281 [Exception (): a 'com/amazon/kcfpositionmapcreator/e/b'{0x0000000714e567e0} in {method} {0x00000001326f80b8} 'g' '(Lcom/amazon/kaf/c/s;)V' in 'com/amazon/kcfpositionmapcreator/d/b' at 0x000000011d1cb838]
[5.483s][info][exceptions] 282 [Exception (): a 'com/amazon/kcfpositionmapcreator/e/b'{0x0000000714e593a0} in {method} {0x00000001326f80b8} 'g' '(Lcom/amazon/kaf/c/s;)V' in 'com/amazon/kcfpositionmapcreator/d/b' at 0x000000011d1cb838]
[5.483s][info][exceptions] 283 [Exception (): a 'com/amazon/kcfpositionmapcreator/e/b'{0x0000000714e5c450} in {method} {0x00000001326f80b8} 'g' '(Lcom/amazon/kaf/c/s;)V' in 'com/amazon/kcfpositionmapcreator/d/b' at 0x000000011d1cb838]
[5.483s][info][exceptions] 284 [Exception (): a 'com/amazon/kcfpositionmapcreator/e/b'{0x0000000714e60ee0} in {method} {0x00000001326f80b8} 'g' '(Lcom/amazon/kaf/c/s;)V' in 'com/amazon/kcfpositionmapcreator/d/b' at 0x000000011d1cb838]
[5.483s][info][exceptions] 285 [Exception (): a 'com/amazon/kcfpositionmapcreator/e/b'{0x0000000714e61a00} in {method} {0x00000001326f80b8} 'g' '(Lcom/amazon/kaf/c/s;)V' in 'com/amazon/kcfpositionmapcreator/d/b' at 0x000000011d1cb838]
[5.483s][info][exceptions] 286 [Exception (): a 'com/amazon/kcfpositionmapcreator/e/b'{0x0000000714e63be0} in {method} {0x00000001326f80b8} 'g' '(Lcom/amazon/kaf/c/s;)V' in 'com/amazon/kcfpositionmapcreator/d/b' at 0x000000011d1cb838]
[5.483s][info][exceptions] 287 [Exception (): a 'com/amazon/kcfpositionmapcreator/e/b'{0x0000000714e667a0} in {method} {0x00000001326f80b8} 'g' '(Lcom/amazon/kaf/c/s;)V' in 'com/amazon/kcfpositionmapcreator/d/b' at 0x000000011d1cb838]
[5.483s][info][exceptions] 288 [Exception (): a 'com/amazon/kcfpositionmapcreator/e/b'{0x0000000714e69d40} in {method} {0x00000001326f80b8} 'g' '(Lcom/amazon/kaf/c/s;)V' in 'com/amazon/kcfpositionmapcreator/d/b' at 0x000000011d1cb838]
[5.483s][info][exceptions] 289 [Exception (): a 'com/amazon/kcfpositionmapcreator/e/b'{0x0000000714e6e7d0} in {method} {0x00000001326f80b8} 'g' '(Lcom/amazon/kaf/c/s;)V' in 'com/amazon/kcfpositionmapcreator/d/b' at 0x000000011d1cb838]
[5.483s][info][exceptions] 290 [Exception (): a 'com/amazon/kcfpositionmapcreator/e/b'{0x0000000714e6f2f0} in {method} {0x00000001326f80b8} 'g' '(Lcom/amazon/kaf/c/s;)V' in 'com/amazon/kcfpositionmapcreator/d/b' at 0x000000011d1cb838]
[5.484s][info][exceptions] 291 [Exception (): a 'com/amazon/kcfpositionmapcreator/e/b'{0x0000000714e714d0} in {method} {0x00000001326f80b8} 'g' '(Lcom/amazon/kaf/c/s;)V' in 'com/amazon/kcfpositionmapcreator/d/b' at 0x000000011d1cb838]
[5.484s][info][exceptions] 292 [Exception (): a 'com/amazon/kcfpositionmapcreator/e/b'{0x0000000714e74090} in {method} {0x00000001326f80b8} 'g' '(Lcom/amazon/kaf/c/s;)V' in 'com/amazon/kcfpositionmapcreator/d/b' at 0x000000011d1cb838]
[5.484s][info][exceptions] 293 [Exception (): a 'com/amazon/kcfpositionmapcreator/e/b'{0x0000000714e77630} in {method} {0x00000001326f80b8} 'g' '(Lcom/amazon/kaf/c/s;)V' in 'com/amazon/kcfpositionmapcreator/d/b' at 0x000000011d1cb838]
[5.484s][info][exceptions] 294 [Exception (): a 'com/amazon/kcfpositionmapcreator/e/b'{0x0000000714e7c0c0} in {method} {0x00000001326f80b8} 'g' '(Lcom/amazon/kaf/c/s;)V' in 'com/amazon/kcfpositionmapcreator/d/b' at 0x000000011d1cb838]
[5.484s][info][exceptions] 295 [Exception (): a 'com/amazon/kcfpositionmapcreator/e/b'{0x0000000714e7cbe0} in {method} {0x00000001326f80b8} 'g' '(Lcom/amazon/kaf/c/s;)V' in 'com/amazon/kcfpositionmapcreator/d/b' at 0x000000011d1cb838]
[5.484s][info][exceptions] 296 [Exception (): a 'com/amazon/kcfpositionmapcreator/e/b'{0x0000000714e7edc0} in {method} {0x00000001326f80b8} 'g' '(Lcom/amazon/kaf/c/s;)V' in 'com/amazon/kcfpositionmapcreator/d/b' at 0x000000011d1cb838]
[5.484s][info][exceptions] 297 [Exception (): a 'com/amazon/kcfpositionmapcreator/e/b'{0x0000000714e81bc0} in {method} {0x00000001326f80b8} 'g' '(Lcom/amazon/kaf/c/s;)V' in 'com/amazon/kcfpositionmapcreator/d/b' at 0x000000011d1cb838]
[5.484s][info][exceptions] 298 [Exception (): a 'com/amazon/kcfpositionmapcreator/e/b'{0x0000000714e85160} in {method} {0x00000001326f80b8} 'g' '(Lcom/amazon/kaf/c/s;)V' in 'com/amazon/kcfpositionmapcreator/d/b' at 0x000000011d1cb838]
[5.484s][info][exceptions] 299 [Exception (): a 'com/amazon/kcfpositionmapcreator/e/b'{0x0000000714e8a0e0} in {method} {0x00000001326f80b8} 'g' '(Lcom/amazon/kaf/c/s;)V' in 'com/amazon/kcfpositionmapcreator/d/b' at 0x000000011d1cb838]
[5.484s][info][exceptions] 300 [Exception (): a 'com/amazon/kcfpositionmapcreator/e/b'{0x0000000714e8ac00} in {method} {0x00000001326f80b8} 'g' '(Lcom/amazon/kaf/c/s;)V' in 'com/amazon/kcfpositionmapcreator/d/b' at 0x000000011d1cb838]
[5.485s][info][exceptions] 301 [Exception (): a 'com/amazon/kcfpositionmapcreator/e/b'{0x0000000714e8cde0} in {method} {0x00000001326f80b8} 'g' '(Lcom/amazon/kaf/c/s;)V' in 'com/amazon/kcfpositionmapcreator/d/b' at 0x000000011d1cb838]
[5.485s][info][exceptions] 302 [Exception (): a 'com/amazon/kcfpositionmapcreator/e/b'{0x0000000714e8f9a0} in {method} {0x00000001326f80b8} 'g' '(Lcom/amazon/kaf/c/s;)V' in 'com/amazon/kcfpositionmapcreator/d/b' at 0x000000011d1cb838]
[5.485s][info][exceptions] 303 [Exception (): a 'com/amazon/kcfpositionmapcreator/e/b'{0x0000000714e93430} in {method} {0x00000001326f80b8} 'g' '(Lcom/amazon/kaf/c/s;)V' in 'com/amazon/kcfpositionmapcreator/d/b' at 0x000000011d1cb838]
[5.485s][info][exceptions] 304 [Exception (): a 'com/amazon/kcfpositionmapcreator/e/b'{0x0000000714e983b0} in {method} {0x00000001326f80b8} 'g' '(Lcom/amazon/kaf/c/s;)V' in 'com/amazon/kcfpositionmapcreator/d/b' at 0x000000011d1cb838]
[5.485s][info][exceptions] 305 [Exception (): a 'com/amazon/kcfpositionmapcreator/e/b'{0x0000000714e98ed0} in {method} {0x00000001326f80b8} 'g' '(Lcom/amazon/kaf/c/s;)V' in 'com/amazon/kcfpositionmapcreator/d/b' at 0x000000011d1cb838]
[5.485s][info][exceptions] 306 [Exception (): a 'com/amazon/kcfpositionmapcreator/e/b'{0x0000000714e9b0b0} in {method} {0x00000001326f80b8} 'g' '(Lcom/amazon/kaf/c/s;)V' in 'com/amazon/kcfpositionmapcreator/d/b' at 0x000000011d1cb838]
[5.485s][info][exceptions] 307 [Exception (): a 'com/amazon/kcfpositionmapcreator/e/b'{0x0000000714e9dc70} in {method} {0x00000001326f80b8} 'g' '(Lcom/amazon/kaf/c/s;)V' in 'com/amazon/kcfpositionmapcreator/d/b' at 0x000000011d1cb838]
[5.485s][info][exceptions] 308 [Exception (): a 'com/amazon/kcfpositionmapcreator/e/b'{0x0000000714ea1700} in {method} {0x00000001326f80b8} 'g' '(Lcom/amazon/kaf/c/s;)V' in 'com/amazon/kcfpositionmapcreator/d/b' at 0x000000011d1cb838]
[5.486s][info][exceptions] 309 [Exception (): a 'com/amazon/kcfpositionmapcreator/e/b'{0x0000000714ea6680} in {method} {0x00000001326f80b8} 'g' '(Lcom/amazon/kaf/c/s;)V' in 'com/amazon/kcfpositionmapcreator/d/b' at 0x000000011d1cb838]
[5.486s][info][exceptions] 310 [Exception (): a 'com/amazon/kcfpositionmapcreator/e/b'{0x0000000714ea71a0} in {method} {0x00000001326f80b8} 'g' '(Lcom/amazon/kaf/c/s;)V' in 'com/amazon/kcfpositionmapcreator/d/b' at 0x000000011d1cb838]
[5.486s][info][exceptions] 311 [Exception (): a 'com/amazon/kcfpositionmapcreator/e/b'{0x0000000714ea9380} in {method} {0x00000001326f80b8} 'g' '(Lcom/amazon/kaf/c/s;)V' in 'com/amazon/kcfpositionmapcreator/d/b' at 0x000000011d1cb838]
[5.486s][info][exceptions] 312 [Exception (): a 'com/amazon/kcfpositionmapcreator/e/b'{0x0000000714eabf40} in {method} {0x00000001326f80b8} 'g' '(Lcom/amazon/kaf/c/s;)V' in 'com/amazon/kcfpositionmapcreator/d/b' at 0x000000011d1cb838]
[5.486s][info][exceptions] 313 [Exception (): a 'com/amazon/kcfpositionmapcreator/e/b'{0x0000000714eaf9d0} in {method} {0x00000001326f80b8} 'g' '(Lcom/amazon/kaf/c/s;)V' in 'com/amazon/kcfpositionmapcreator/d/b' at 0x000000011d1cb838]
[5.486s][info][exceptions] 314 [Exception (): a 'com/amazon/kcfpositionmapcreator/e/b'{0x0000000714eb5330} in {method} {0x00000001326f80b8} 'g' '(Lcom/amazon/kaf/c/s;)V' in 'com/amazon/kcfpositionmapcreator/d/b' at 0x000000011d1cb838]
[5.486s][info][exceptions] 315 [Exception (): a 'com/amazon/kcfpositionmapcreator/e/b'{0x0000000714eb5e50} in {method} {0x00000001326f80b8} 'g' '(Lcom/amazon/kaf/c/s;)V' in 'com/amazon/kcfpositionmapcreator/d/b' at 0x000000011d1cb838]
[5.486s][info][exceptions] 316 [Exception (): a 'com/amazon/kcfpositionmapcreator/e/b'{0x0000000714eb8030} in {method} {0x00000001326f80b8} 'g' '(Lcom/amazon/kaf/c/s;)V' in 'com/amazon/kcfpositionmapcreator/d/b' at 0x000000011d1cb838]
[5.486s][info][exceptions] 317 [Exception (): a 'com/amazon/kcfpositionmapcreator/e/b'{0x0000000714ebabf0} in {method} {0x00000001326f80b8} 'g' '(Lcom/amazon/kaf/c/s;)V' in 'com/amazon/kcfpositionmapcreator/d/b' at 0x000000011d1cb838]
[5.486s][info][exceptions] 318 [Exception (): a 'com/amazon/kcfpositionmapcreator/e/b'{0x0000000714ebf070} in {method} {0x00000001326f80b8} 'g' '(Lcom/amazon/kaf/c/s;)V' in 'com/amazon/kcfpositionmapcreator/d/b' at 0x000000011d1cb838]
[5.487s][info][exceptions] 319 [Exception (): a 'com/amazon/kcfpositionmapcreator/e/b'{0x0000000714ec49d0} in {method} {0x00000001326f80b8} 'g' '(Lcom/amazon/kaf/c/s;)V' in 'com/amazon/kcfpositionmapcreator/d/b' at 0x000000011d1cb838]
[5.487s][info][exceptions] 320 [Exception (): a 'com/amazon/kcfpositionmapcreator/e/b'{0x0000000714ec54f0} in {method} {0x00000001326f80b8} 'g' '(Lcom/amazon/kaf/c/s;)V' in 'com/amazon/kcfpositionmapcreator/d/b' at 0x000000011d1cb838]
[5.487s][info][exceptions] 321 [Exception (): a 'com/amazon/kcfpositionmapcreator/e/b'{0x0000000714ec76d0} in {method} {0x00000001326f80b8} 'g' '(Lcom/amazon/kaf/c/s;)V' in 'com/amazon/kcfpositionmapcreator/d/b' at 0x000000011d1cb838]
[5.487s][info][exceptions] 322 [Exception (): a 'com/amazon/kcfpositionmapcreator/e/b'{0x0000000714eca290} in {method} {0x00000001326f80b8} 'g' '(Lcom/amazon/kaf/c/s;)V' in 'com/amazon/kcfpositionmapcreator/d/b' at 0x000000011d1cb838]
[5.487s][info][exceptions] 323 [Exception (): a 'com/amazon/kcfpositionmapcreator/e/b'{0x0000000714ece710} in {method} {0x00000001326f80b8} 'g' '(Lcom/amazon/kaf/c/s;)V' in 'com/amazon/kcfpositionmapcreator/d/b' at 0x000000011d1cb838]
[5.487s][info][exceptions] 324 [Exception (): a 'com/amazon/kcfpositionmapcreator/e/b'{0x0000000714ed4070} in {method} {0x00000001326f80b8} 'g' '(Lcom/amazon/kaf/c/s;)V' in 'com/amazon/kcfpositionmapcreator/d/b' at 0x000000011d1cb838]
[5.487s][info][exceptions] 325 [Exception (): a 'com/amazon/kcfpositionmapcreator/e/b'{0x0000000714ed4b90} in {method} {0x00000001326f80b8} 'g' '(Lcom/amazon/kaf/c/s;)V' in 'com/amazon/kcfpositionmapcreator/d/b' at 0x000000011d1cb838]
[5.487s][info][exceptions] 326 [Exception (): a 'com/amazon/kcfpositionmapcreator/e/b'{0x0000000714ed6d70} in {method} {0x00000001326f80b8} 'g' '(Lcom/amazon/kaf/c/s;)V' in 'com/amazon/kcfpositionmapcreator/d/b' at 0x000000011d1cb838]
[5.487s][info][exceptions] 327 [Exception (): a 'com/amazon/kcfpositionmapcreator/e/b'{0x0000000714ed9930} in {method} {0x00000001326f80b8} 'g' '(Lcom/amazon/kaf/c/s;)V' in 'com/amazon/kcfpositionmapcreator/d/b' at 0x000000011d1cb838]
[5.488s][info][exceptions] 328 [Exception (): a 'com/amazon/kcfpositionmapcreator/e/b'{0x0000000714edddb0} in {method} {0x00000001326f80b8} 'g' '(Lcom/amazon/kaf/c/s;)V' in 'com/amazon/kcfpositionmapcreator/d/b' at 0x000000011d1cb838]
[5.488s][info][exceptions] 329 [Exception (): a 'com/amazon/kcfpositionmapcreator/e/b'{0x0000000714ee3710} in {method} {0x00000001326f80b8} 'g' '(Lcom/amazon/kaf/c/s;)V' in 'com/amazon/kcfpositionmapcreator/d/b' at 0x000000011d1cb838]
[5.488s][info][exceptions] 330 [Exception (): a 'com/amazon/kcfpositionmapcreator/e/b'{0x0000000714ee4230} in {method} {0x00000001326f80b8} 'g' '(Lcom/amazon/kaf/c/s;)V' in 'com/amazon/kcfpositionmapcreator/d/b' at 0x000000011d1cb838]
[5.488s][info][exceptions] 331 [Exception (): a 'com/amazon/kcfpositionmapcreator/e/b'{0x0000000714ee6410} in {method} {0x00000001326f80b8} 'g' '(Lcom/amazon/kaf/c/s;)V' in 'com/amazon/kcfpositionmapcreator/d/b' at 0x000000011d1cb838]
[5.488s][info][exceptions] 332 [Exception (): a 'com/amazon/kcfpositionmapcreator/e/b'{0x0000000714ee8fd0} in {method} {0x00000001326f80b8} 'g' '(Lcom/amazon/kaf/c/s;)V' in 'com/amazon/kcfpositionmapcreator/d/b' at 0x000000011d1cb838]
[5.488s][info][exceptions] 333 [Exception (): a 'com/amazon/kcfpositionmapcreator/e/b'{0x0000000714eed450} in {method} {0x00000001326f80b8} 'g' '(Lcom/amazon/kaf/c/s;)V' in 'com/amazon/kcfpositionmapcreator/d/b' at 0x000000011d1cb838]
[5.488s][info][exceptions] 334 [Exception (): a 'com/amazon/kcfpositionmapcreator/e/b'{0x0000000714ef32a0} in {method} {0x00000001326f80b8} 'g' '(Lcom/amazon/kaf/c/s;)V' in 'com/amazon/kcfpositionmapcreator/d/b' at 0x000000011d1cb838]
[5.488s][info][exceptions] 335 [Exception (): a 'com/amazon/kcfpositionmapcreator/e/b'{0x0000000714ef3dc0} in {method} {0x00000001326f80b8} 'g' '(Lcom/amazon/kaf/c/s;)V' in 'com/amazon/kcfpositionmapcreator/d/b' at 0x000000011d1cb838]
[5.489s][info][exceptions] 336 [Exception (): a 'com/amazon/kcfpositionmapcreator/e/b'{0x0000000714ef5fa0} in {method} {0x00000001326f80b8} 'g' '(Lcom/amazon/kaf/c/s;)V' in 'com/amazon/kcfpositionmapcreator/d/b' at 0x000000011d1cb838]
[5.489s][info][exceptions] 337 [Exception (): a 'com/amazon/kcfpositionmapcreator/e/b'{0x0000000714ef8b60} in {method} {0x00000001326f80b8} 'g' '(Lcom/amazon/kaf/c/s;)V' in 'com/amazon/kcfpositionmapcreator/d/b' at 0x000000011d1cb838]
[5.489s][info][exceptions] 338 [Exception (): a 'com/amazon/kcfpositionmapcreator/e/b'{0x0000000714efd4d0} in {method} {0x00000001326f80b8} 'g' '(Lcom/amazon/kaf/c/s;)V' in 'com/amazon/kcfpositionmapcreator/d/b' at 0x000000011d1cb838]
[5.489s][info][exceptions] 339 [Exception (): a 'com/amazon/kcfpositionmapcreator/e/b'{0x0000000714d037d0} in {method} {0x00000001326f80b8} 'g' '(Lcom/amazon/kaf/c/s;)V' in 'com/amazon/kcfpositionmapcreator/d/b' at 0x000000011d1cb838]
[5.489s][info][exceptions] 340 [Exception (): a 'com/amazon/kcfpositionmapcreator/e/b'{0x0000000714d042f0} in {method} {0x00000001326f80b8} 'g' '(Lcom/amazon/kaf/c/s;)V' in 'com/amazon/kcfpositionmapcreator/d/b' at 0x000000011d1cb838]
[5.489s][info][exceptions] 341 [Exception (): a 'com/amazon/kcfpositionmapcreator/e/b'{0x0000000714d064d0} in {method} {0x00000001326f80b8} 'g' '(Lcom/amazon/kaf/c/s;)V' in 'com/amazon/kcfpositionmapcreator/d/b' at 0x000000011d1cb838]
[5.489s][info][exceptions] 342 [Exception (): a 'com/amazon/kcfpositionmapcreator/e/b'{0x0000000714d09090} in {method} {0x00000001326f80b8} 'g' '(Lcom/amazon/kaf/c/s;)V' in 'com/amazon/kcfpositionmapcreator/d/b' at 0x000000011d1cb838]
[5.489s][info][exceptions] 343 [Exception (): a 'com/amazon/kcfpositionmapcreator/e/b'{0x0000000714d0da00} in {method} {0x00000001326f80b8} 'g' '(Lcom/amazon/kaf/c/s;)V' in 'com/amazon/kcfpositionmapcreator/d/b' at 0x000000011d1cb838]
[5.490s][info][exceptions] 344 [Exception (): a 'com/amazon/kcfpositionmapcreator/e/b'{0x0000000714d13850} in {method} {0x00000001326f80b8} 'g' '(Lcom/amazon/kaf/c/s;)V' in 'com/amazon/kcfpositionmapcreator/d/b' at 0x000000011d1cb838]
[5.490s][info][exceptions] 345 [Exception (): a 'com/amazon/kcfpositionmapcreator/e/b'{0x0000000714d14370} in {method} {0x00000001326f80b8} 'g' '(Lcom/amazon/kaf/c/s;)V' in 'com/amazon/kcfpositionmapcreator/d/b' at 0x000000011d1cb838]
[5.490s][info][exceptions] 346 [Exception (): a 'com/amazon/kcfpositionmapcreator/e/b'{0x0000000714d16550} in {method} {0x00000001326f80b8} 'g' '(Lcom/amazon/kaf/c/s;)V' in 'com/amazon/kcfpositionmapcreator/d/b' at 0x000000011d1cb838]
[5.490s][info][exceptions] 347 [Exception (): a 'com/amazon/kcfpositionmapcreator/e/b'{0x0000000714d19110} in {method} {0x00000001326f80b8} 'g' '(Lcom/amazon/kaf/c/s;)V' in 'com/amazon/kcfpositionmapcreator/d/b' at 0x000000011d1cb838]
[5.490s][info][exceptions] 348 [Exception (): a 'com/amazon/kcfpositionmapcreator/e/b'{0x0000000714d1da80} in {method} {0x00000001326f80b8} 'g' '(Lcom/amazon/kaf/c/s;)V' in 'com/amazon/kcfpositionmapcreator/d/b' at 0x000000011d1cb838]
[5.490s][info][exceptions] 349 [Exception (): a 'com/amazon/kcfpositionmapcreator/e/b'{0x0000000714d23ca0} in {method} {0x00000001326f80b8} 'g' '(Lcom/amazon/kaf/c/s;)V' in 'com/amazon/kcfpositionmapcreator/d/b' at 0x000000011d1cb838]
[5.493s][info][exceptions] 350 [Exception (): a 'com/amazon/kcfpositionmapcreator/e/b'{0x0000000714d6a930} in {method} {0x00000001326f80b8} 'g' '(Lcom/amazon/kaf/c/s;)V' in 'com/amazon/kcfpositionmapcreator/d/b' at 0x000000011d1cb838]
[5.493s][info][exceptions] 351 [Exception (): a 'com/amazon/kcfpositionmapcreator/e/b'{0x0000000714d6b3b8} in {method} {0x00000001326f80b8} 'g' '(Lcom/amazon/kaf/c/s;)V' in 'com/amazon/kcfpositionmapcreator/d/b' at 0x000000011d1cb838]
[5.493s][info][exceptions] 352 [Exception (): a 'com/amazon/kcfpositionmapcreator/e/b'{0x0000000714d6bf60} in {method} {0x00000001326f80b8} 'g' '(Lcom/amazon/kaf/c/s;)V' in 'com/amazon/kcfpositionmapcreator/d/b' at 0x000000011d1cb838]
[5.493s][info][exceptions] 353 [Exception (): a 'com/amazon/kcfpositionmapcreator/e/b'{0x0000000714d6ca80} in {method} {0x00000001326f80b8} 'g' '(Lcom/amazon/kaf/c/s;)V' in 'com/amazon/kcfpositionmapcreator/d/b' at 0x000000011d1cb838]
[5.493s][info][exceptions] 354 [Exception (): a 'com/amazon/kcfpositionmapcreator/e/b'{0x0000000714d6fb30} in {method} {0x00000001326f80b8} 'g' '(Lcom/amazon/kaf/c/s;)V' in 'com/amazon/kcfpositionmapcreator/d/b' at 0x000000011d1cb838]
[5.493s][info][exceptions] 355 [Exception (): a 'com/amazon/kcfpositionmapcreator/e/b'{0x0000000714d75c60} in {method} {0x00000001326f80b8} 'g' '(Lcom/amazon/kaf/c/s;)V' in 'com/amazon/kcfpositionmapcreator/d/b' at 0x000000011d1cb838]
[5.493s][info][exceptions] 356 [Exception (): a 'com/amazon/kcfpositionmapcreator/e/b'{0x0000000714d79810} in {method} {0x00000001326f80b8} 'g' '(Lcom/amazon/kaf/c/s;)V' in 'com/amazon/kcfpositionmapcreator/d/b' at 0x000000011d1cb838]
[5.493s][info][exceptions] 357 [Exception (): a 'com/amazon/kcfpositionmapcreator/e/b'{0x0000000714d7a3b8} in {method} {0x00000001326f80b8} 'g' '(Lcom/amazon/kaf/c/s;)V' in 'com/amazon/kcfpositionmapcreator/d/b' at 0x000000011d1cb838]
[5.493s][info][exceptions] 358 [Exception (): a 'com/amazon/kcfpositionmapcreator/e/b'{0x0000000714d7aed8} in {method} {0x00000001326f80b8} 'g' '(Lcom/amazon/kaf/c/s;)V' in 'com/amazon/kcfpositionmapcreator/d/b' at 0x000000011d1cb838]
[5.493s][info][exceptions] 359 [Exception (): a 'com/amazon/kcfpositionmapcreator/e/b'{0x0000000714d81a60} in {method} {0x00000001326f80b8} 'g' '(Lcom/amazon/kaf/c/s;)V' in 'com/amazon/kcfpositionmapcreator/d/b' at 0x000000011d1cb838]
[5.493s][info][exceptions] 360 [Exception (): a 'com/amazon/kcfpositionmapcreator/e/b'{0x0000000714d836f0} in {method} {0x00000001326f80b8} 'g' '(Lcom/amazon/kaf/c/s;)V' in 'com/amazon/kcfpositionmapcreator/d/b' at 0x000000011d1cb838]
[5.494s][info][exceptions] 361 [Exception (): a 'com/amazon/kcfpositionmapcreator/e/b'{0x0000000714d85e50} in {method} {0x00000001326f80b8} 'g' '(Lcom/amazon/kaf/c/s;)V' in 'com/amazon/kcfpositionmapcreator/d/b' at 0x000000011d1cb838]
[5.494s][info][exceptions] 362 [Exception (): a 'com/amazon/kcfpositionmapcreator/e/b'{0x0000000714d86970} in {method} {0x00000001326f80b8} 'g' '(Lcom/amazon/kaf/c/s;)V' in 'com/amazon/kcfpositionmapcreator/d/b' at 0x000000011d1cb838]
[5.494s][info][exceptions] 363 [Exception (): a 'com/amazon/kcfpositionmapcreator/e/b'{0x0000000714d8cdb0} in {method} {0x00000001326f80b8} 'g' '(Lcom/amazon/kaf/c/s;)V' in 'com/amazon/kcfpositionmapcreator/d/b' at 0x000000011d1cb838]
[5.494s][info][exceptions] 364 [Exception (): a 'com/amazon/kcfpositionmapcreator/e/b'{0x0000000714d8ea40} in {method} {0x00000001326f80b8} 'g' '(Lcom/amazon/kaf/c/s;)V' in 'com/amazon/kcfpositionmapcreator/d/b' at 0x000000011d1cb838]
[5.494s][info][exceptions] 365 [Exception (): a 'com/amazon/kcfpositionmapcreator/e/b'{0x0000000714d911a0} in {method} {0x00000001326f80b8} 'g' '(Lcom/amazon/kaf/c/s;)V' in 'com/amazon/kcfpositionmapcreator/d/b' at 0x000000011d1cb838]
[5.494s][info][exceptions] 366 [Exception (): a 'com/amazon/kcfpositionmapcreator/e/b'{0x0000000714d91cc0} in {method} {0x00000001326f80b8} 'g' '(Lcom/amazon/kaf/c/s;)V' in 'com/amazon/kcfpositionmapcreator/d/b' at 0x000000011d1cb838]
[5.494s][info][exceptions] 367 [Exception (): a 'com/amazon/kcfpositionmapcreator/e/b'{0x0000000714d97c10} in {method} {0x00000001326f80b8} 'g' '(Lcom/amazon/kaf/c/s;)V' in 'com/amazon/kcfpositionmapcreator/d/b' at 0x000000011d1cb838]
[5.494s][info][exceptions] 368 [Exception (): a 'com/amazon/kcfpositionmapcreator/e/b'{0x0000000714d9d760} in {method} {0x00000001326f80b8} 'g' '(Lcom/amazon/kaf/c/s;)V' in 'com/amazon/kcfpositionmapcreator/d/b' at 0x000000011d1cb838]
[5.495s][info][exceptions] 369 [Exception (): a 'com/amazon/kcfpositionmapcreator/e/b'{0x0000000714da1280} in {method} {0x00000001326f80b8} 'g' '(Lcom/amazon/kaf/c/s;)V' in 'com/amazon/kcfpositionmapcreator/d/b' at 0x000000011d1cb838]
[5.495s][info][exceptions] 370 [Exception (): a 'com/amazon/kcfpositionmapcreator/e/b'{0x0000000714da1da0} in {method} {0x00000001326f80b8} 'g' '(Lcom/amazon/kaf/c/s;)V' in 'com/amazon/kcfpositionmapcreator/d/b' at 0x000000011d1cb838]
[5.495s][info][exceptions] 371 [Exception (): a 'com/amazon/kcfpositionmapcreator/e/b'{0x0000000714da7800} in {method} {0x00000001326f80b8} 'g' '(Lcom/amazon/kaf/c/s;)V' in 'com/amazon/kcfpositionmapcreator/d/b' at 0x000000011d1cb838]
[5.495s][info][exceptions] 372 [Exception (): a 'com/amazon/kcfpositionmapcreator/e/b'{0x0000000714dad350} in {method} {0x00000001326f80b8} 'g' '(Lcom/amazon/kaf/c/s;)V' in 'com/amazon/kcfpositionmapcreator/d/b' at 0x000000011d1cb838]
[5.496s][info][exceptions] 373 [Exception (): a 'com/amazon/kcfpositionmapcreator/e/b'{0x0000000714dc22d8} in {method} {0x00000001326f80b8} 'g' '(Lcom/amazon/kaf/c/s;)V' in 'com/amazon/kcfpositionmapcreator/d/b' at 0x000000011d1cb838]
[5.496s][info][exceptions] 374 [Exception (): a 'com/amazon/kcfpositionmapcreator/e/b'{0x0000000714dc2d60} in {method} {0x00000001326f80b8} 'g' '(Lcom/amazon/kaf/c/s;)V' in 'com/amazon/kcfpositionmapcreator/d/b' at 0x000000011d1cb838]
[5.496s][info][exceptions] 375 [Exception (): a 'com/amazon/kcfpositionmapcreator/e/b'{0x0000000714dc3998} in {method} {0x00000001326f80b8} 'g' '(Lcom/amazon/kaf/c/s;)V' in 'com/amazon/kcfpositionmapcreator/d/b' at 0x000000011d1cb838]
[5.496s][info][exceptions] 376 [Exception (): a 'com/amazon/kcfpositionmapcreator/e/b'{0x0000000714dc44b8} in {method} {0x00000001326f80b8} 'g' '(Lcom/amazon/kaf/c/s;)V' in 'com/amazon/kcfpositionmapcreator/d/b' at 0x000000011d1cb838]
[5.496s][info][exceptions] 377 [Exception (): a 'com/amazon/kcfpositionmapcreator/e/b'{0x0000000714dc8438} in {method} {0x00000001326f80b8} 'g' '(Lcom/amazon/kaf/c/s;)V' in 'com/amazon/kcfpositionmapcreator/d/b' at 0x000000011d1cb838]
[5.496s][info][exceptions] 378 [Exception (): a 'com/amazon/kcfpositionmapcreator/e/b'{0x0000000714dcc2c8} in {method} {0x00000001326f80b8} 'g' '(Lcom/amazon/kaf/c/s;)V' in 'com/amazon/kcfpositionmapcreator/d/b' at 0x000000011d1cb838]
[5.496s][info][exceptions] 379 [Exception (): a 'com/amazon/kcfpositionmapcreator/e/b'{0x0000000714dd1038} in {method} {0x00000001326f80b8} 'g' '(Lcom/amazon/kaf/c/s;)V' in 'com/amazon/kcfpositionmapcreator/d/b' at 0x000000011d1cb838]
[5.496s][info][exceptions] 380 [Exception (): a 'com/amazon/kcfpositionmapcreator/e/b'{0x0000000714dd5e38} in {method} {0x00000001326f80b8} 'g' '(Lcom/amazon/kaf/c/s;)V' in 'com/amazon/kcfpositionmapcreator/d/b' at 0x000000011d1cb838]
[5.497s][info][exceptions] 381 [Exception (): a 'com/amazon/kcfpositionmapcreator/e/b'{0x0000000714dd6a70} in {method} {0x00000001326f80b8} 'g' '(Lcom/amazon/kaf/c/s;)V' in 'com/amazon/kcfpositionmapcreator/d/b' at 0x000000011d1cb838]
[5.497s][info][exceptions] 382 [Exception (): a 'com/amazon/kcfpositionmapcreator/e/b'{0x0000000714dd7590} in {method} {0x00000001326f80b8} 'g' '(Lcom/amazon/kaf/c/s;)V' in 'com/amazon/kcfpositionmapcreator/d/b' at 0x000000011d1cb838]
[5.497s][info][exceptions] 383 [Exception (): a 'com/amazon/kcfpositionmapcreator/e/b'{0x0000000714ddc300} in {method} {0x00000001326f80b8} 'g' '(Lcom/amazon/kaf/c/s;)V' in 'com/amazon/kcfpositionmapcreator/d/b' at 0x000000011d1cb838]
[5.497s][info][exceptions] 384 [Exception (): a 'com/amazon/kcfpositionmapcreator/e/b'{0x0000000714ddeec0} in {method} {0x00000001326f80b8} 'g' '(Lcom/amazon/kaf/c/s;)V' in 'com/amazon/kcfpositionmapcreator/d/b' at 0x000000011d1cb838]
[5.497s][info][exceptions] 385 [Exception (): a 'com/amazon/kcfpositionmapcreator/e/b'{0x0000000714de10a0} in {method} {0x00000001326f80b8} 'g' '(Lcom/amazon/kaf/c/s;)V' in 'com/amazon/kcfpositionmapcreator/d/b' at 0x000000011d1cb838]
[5.497s][info][exceptions] 386 [Exception (): a 'com/amazon/kcfpositionmapcreator/e/b'{0x0000000714de76f0} in {method} {0x00000001326f80b8} 'g' '(Lcom/amazon/kaf/c/s;)V' in 'com/amazon/kcfpositionmapcreator/d/b' at 0x000000011d1cb838]
[5.497s][info][exceptions] 387 [Exception (): a 'com/amazon/kcfpositionmapcreator/e/b'{0x0000000714de8210} in {method} {0x00000001326f80b8} 'g' '(Lcom/amazon/kaf/c/s;)V' in 'com/amazon/kcfpositionmapcreator/d/b' at 0x000000011d1cb838]
[5.497s][info][exceptions] 388 [Exception (): a 'com/amazon/kcfpositionmapcreator/e/b'{0x0000000714de9ea0} in {method} {0x00000001326f80b8} 'g' '(Lcom/amazon/kaf/c/s;)V' in 'com/amazon/kcfpositionmapcreator/d/b' at 0x000000011d1cb838]
[5.497s][info][exceptions] 389 [Exception (): a 'com/amazon/kcfpositionmapcreator/e/b'{0x0000000714dee720} in {method} {0x00000001326f80b8} 'g' '(Lcom/amazon/kaf/c/s;)V' in 'com/amazon/kcfpositionmapcreator/d/b' at 0x000000011d1cb838]
[5.498s][info][exceptions] 390 [Exception (): a 'com/amazon/kcfpositionmapcreator/e/b'{0x0000000714df1bd0} in {method} {0x00000001326f80b8} 'g' '(Lcom/amazon/kaf/c/s;)V' in 'com/amazon/kcfpositionmapcreator/d/b' at 0x000000011d1cb838]
[5.498s][info][exceptions] 391 [Exception (): a 'com/amazon/kcfpositionmapcreator/e/b'{0x0000000714c03090} in {method} {0x00000001326f80b8} 'g' '(Lcom/amazon/kaf/c/s;)V' in 'com/amazon/kcfpositionmapcreator/d/b' at 0x000000011d1cb838]
[5.498s][info][exceptions] 392 [Exception (): a 'com/amazon/kcfpositionmapcreator/e/b'{0x0000000714c03bb0} in {method} {0x00000001326f80b8} 'g' '(Lcom/amazon/kaf/c/s;)V' in 'com/amazon/kcfpositionmapcreator/d/b' at 0x000000011d1cb838]
[5.498s][info][exceptions] 393 [Exception (): a 'com/amazon/kcfpositionmapcreator/e/b'{0x0000000714c05840} in {method} {0x00000001326f80b8} 'g' '(Lcom/amazon/kaf/c/s;)V' in 'com/amazon/kcfpositionmapcreator/d/b' at 0x000000011d1cb838]
[5.498s][info][exceptions] 394 [Exception (): a 'com/amazon/kcfpositionmapcreator/e/b'{0x0000000714c0a0c0} in {method} {0x00000001326f80b8} 'g' '(Lcom/amazon/kaf/c/s;)V' in 'com/amazon/kcfpositionmapcreator/d/b' at 0x000000011d1cb838]
[5.498s][info][exceptions] 395 [Exception (): a 'com/amazon/kcfpositionmapcreator/e/b'{0x0000000714c0d570} in {method} {0x00000001326f80b8} 'g' '(Lcom/amazon/kaf/c/s;)V' in 'com/amazon/kcfpositionmapcreator/d/b' at 0x000000011d1cb838]
[5.501s][info][exceptions] 396 [Exception (): a 'com/amazon/kcfpositionmapcreator/e/b'{0x0000000714c502f8} in {method} {0x00000001326f80b8} 'g' '(Lcom/amazon/kaf/c/s;)V' in 'com/amazon/kcfpositionmapcreator/d/b' at 0x000000011d1cb838]
[5.501s][info][exceptions] 397 [Exception (): a 'com/amazon/kcfpositionmapcreator/e/b'{0x0000000714c50d80} in {method} {0x00000001326f80b8} 'g' '(Lcom/amazon/kaf/c/s;)V' in 'com/amazon/kcfpositionmapcreator/d/b' at 0x000000011d1cb838]
[5.501s][info][exceptions] 398 [Exception (): a 'com/amazon/kcfpositionmapcreator/e/b'{0x0000000714c519b8} in {method} {0x00000001326f80b8} 'g' '(Lcom/amazon/kaf/c/s;)V' in 'com/amazon/kcfpositionmapcreator/d/b' at 0x000000011d1cb838]
[5.501s][info][exceptions] 399 [Exception (): a 'com/amazon/kcfpositionmapcreator/e/b'{0x0000000714c524d8} in {method} {0x00000001326f80b8} 'g' '(Lcom/amazon/kaf/c/s;)V' in 'com/amazon/kcfpositionmapcreator/d/b' at 0x000000011d1cb838]
[5.501s][info][exceptions] 400 [Exception (): a 'com/amazon/kcfpositionmapcreator/e/b'{0x0000000714c55a78} in {method} {0x00000001326f80b8} 'g' '(Lcom/amazon/kaf/c/s;)V' in 'com/amazon/kcfpositionmapcreator/d/b' at 0x000000011d1cb838]
[5.501s][info][exceptions] 401 [Exception (): a 'com/amazon/kcfpositionmapcreator/e/b'{0x0000000714c5b6b8} in {method} {0x00000001326f80b8} 'g' '(Lcom/amazon/kaf/c/s;)V' in 'com/amazon/kcfpositionmapcreator/d/b' at 0x000000011d1cb838]
[5.501s][info][exceptions] 402 [Exception (): a 'com/amazon/kcfpositionmapcreator/e/b'{0x0000000714c60918} in {method} {0x00000001326f80b8} 'g' '(Lcom/amazon/kaf/c/s;)V' in 'com/amazon/kcfpositionmapcreator/d/b' at 0x000000011d1cb838]
[5.501s][info][exceptions] 403 [Exception (): a 'com/amazon/kcfpositionmapcreator/e/b'{0x0000000714c639c8} in {method} {0x00000001326f80b8} 'g' '(Lcom/amazon/kaf/c/s;)V' in 'com/amazon/kcfpositionmapcreator/d/b' at 0x000000011d1cb838]
[5.501s][info][exceptions] 404 [Exception (): a 'com/amazon/kcfpositionmapcreator/e/b'{0x0000000714c64600} in {method} {0x00000001326f80b8} 'g' '(Lcom/amazon/kaf/c/s;)V' in 'com/amazon/kcfpositionmapcreator/d/b' at 0x000000011d1cb838]
[5.501s][info][exceptions] 405 [Exception (): a 'com/amazon/kcfpositionmapcreator/e/b'{0x0000000714c65120} in {method} {0x00000001326f80b8} 'g' '(Lcom/amazon/kaf/c/s;)V' in 'com/amazon/kcfpositionmapcreator/d/b' at 0x000000011d1cb838]
[5.502s][info][exceptions] 406 [Exception (): a 'com/amazon/kcfpositionmapcreator/e/b'{0x0000000714c6b740} in {method} {0x00000001326f80b8} 'g' '(Lcom/amazon/kaf/c/s;)V' in 'com/amazon/kcfpositionmapcreator/d/b' at 0x000000011d1cb838]
[5.502s][info][exceptions] 407 [Exception (): a 'com/amazon/kcfpositionmapcreator/e/b'{0x0000000714c6d920} in {method} {0x00000001326f80b8} 'g' '(Lcom/amazon/kaf/c/s;)V' in 'com/amazon/kcfpositionmapcreator/d/b' at 0x000000011d1cb838]
[5.502s][info][exceptions] 408 [Exception (): a 'com/amazon/kcfpositionmapcreator/e/b'{0x0000000714c6fb00} in {method} {0x00000001326f80b8} 'g' '(Lcom/amazon/kaf/c/s;)V' in 'com/amazon/kcfpositionmapcreator/d/b' at 0x000000011d1cb838]
[5.502s][info][exceptions] 409 [Exception (): a 'com/amazon/kcfpositionmapcreator/e/b'{0x0000000714c71e00} in {method} {0x00000001326f80b8} 'g' '(Lcom/amazon/kaf/c/s;)V' in 'com/amazon/kcfpositionmapcreator/d/b' at 0x000000011d1cb838]
[5.502s][info][exceptions] 410 [Exception (): a 'com/amazon/kcfpositionmapcreator/e/b'{0x0000000714c72920} in {method} {0x00000001326f80b8} 'g' '(Lcom/amazon/kaf/c/s;)V' in 'com/amazon/kcfpositionmapcreator/d/b' at 0x000000011d1cb838]
[5.502s][info][exceptions] 411 [Exception (): a 'com/amazon/kcfpositionmapcreator/e/b'{0x0000000714c79440} in {method} {0x00000001326f80b8} 'g' '(Lcom/amazon/kaf/c/s;)V' in 'com/amazon/kcfpositionmapcreator/d/b' at 0x000000011d1cb838]
[5.502s][info][exceptions] 412 [Exception (): a 'com/amazon/kcfpositionmapcreator/e/b'{0x0000000714c7b620} in {method} {0x00000001326f80b8} 'g' '(Lcom/amazon/kaf/c/s;)V' in 'com/amazon/kcfpositionmapcreator/d/b' at 0x000000011d1cb838]
[5.502s][info][exceptions] 413 [Exception (): a 'com/amazon/kcfpositionmapcreator/e/b'{0x0000000714c7d800} in {method} {0x00000001326f80b8} 'g' '(Lcom/amazon/kaf/c/s;)V' in 'com/amazon/kcfpositionmapcreator/d/b' at 0x000000011d1cb838]
[5.509s][info][exceptions] 414 [Exception (): a 'com/amazon/kcfpositionmapcreator/e/b'{0x0000000714b4c788} in {method} {0x00000001326f80b8} 'g' '(Lcom/amazon/kaf/c/s;)V' in 'com/amazon/kcfpositionmapcreator/d/b' at 0x000000011d1cb838]
[5.509s][info][exceptions] 415 [Exception (): a 'com/amazon/kcfpositionmapcreator/e/b'{0x0000000714b4d210} in {method} {0x00000001326f80b8} 'g' '(Lcom/amazon/kaf/c/s;)V' in 'com/amazon/kcfpositionmapcreator/d/b' at 0x000000011d1cb838]
[5.509s][info][exceptions] 416 [Exception (): a 'com/amazon/kcfpositionmapcreator/e/b'{0x0000000714b4de48} in {method} {0x00000001326f80b8} 'g' '(Lcom/amazon/kaf/c/s;)V' in 'com/amazon/kcfpositionmapcreator/d/b' at 0x000000011d1cb838]
[5.509s][info][exceptions] 417 [Exception (): a 'com/amazon/kcfpositionmapcreator/e/b'{0x0000000714b4e968} in {method} {0x00000001326f80b8} 'g' '(Lcom/amazon/kaf/c/s;)V' in 'com/amazon/kcfpositionmapcreator/d/b' at 0x000000011d1cb838]
[5.509s][info][exceptions] 418 [Exception (): a 'com/amazon/kcfpositionmapcreator/e/b'{0x0000000714b54e98} in {method} {0x00000001326f80b8} 'g' '(Lcom/amazon/kaf/c/s;)V' in 'com/amazon/kcfpositionmapcreator/d/b' at 0x000000011d1cb838]
[5.509s][info][exceptions] 419 [Exception (): a 'com/amazon/kcfpositionmapcreator/e/b'{0x0000000714b57f48} in {method} {0x00000001326f80b8} 'g' '(Lcom/amazon/kaf/c/s;)V' in 'com/amazon/kcfpositionmapcreator/d/b' at 0x000000011d1cb838]
[5.509s][info][exceptions] 420 [Exception (): a 'com/amazon/kcfpositionmapcreator/e/b'{0x0000000714b5b4e8} in {method} {0x00000001326f80b8} 'g' '(Lcom/amazon/kaf/c/s;)V' in 'com/amazon/kcfpositionmapcreator/d/b' at 0x000000011d1cb838]
[5.509s][info][exceptions] 421 [Exception (): a 'com/amazon/kcfpositionmapcreator/e/b'{0x0000000714b5e628} in {method} {0x00000001326f80b8} 'g' '(Lcom/amazon/kaf/c/s;)V' in 'com/amazon/kcfpositionmapcreator/d/b' at 0x000000011d1cb838]
[5.509s][info][exceptions] 422 [Exception (): a 'com/amazon/kcfpositionmapcreator/e/b'{0x0000000714b5f260} in {method} {0x00000001326f80b8} 'g' '(Lcom/amazon/kaf/c/s;)V' in 'com/amazon/kcfpositionmapcreator/d/b' at 0x000000011d1cb838]
[5.509s][info][exceptions] 423 [Exception (): a 'com/amazon/kcfpositionmapcreator/e/b'{0x0000000714b5fd80} in {method} {0x00000001326f80b8} 'g' '(Lcom/amazon/kaf/c/s;)V' in 'com/amazon/kcfpositionmapcreator/d/b' at 0x000000011d1cb838]
[5.509s][info][exceptions] 424 [Exception (): a 'com/amazon/kcfpositionmapcreator/e/b'{0x0000000714b62e30} in {method} {0x00000001326f80b8} 'g' '(Lcom/amazon/kaf/c/s;)V' in 'com/amazon/kcfpositionmapcreator/d/b' at 0x000000011d1cb838]
[5.510s][info][exceptions] 425 [Exception (): a 'com/amazon/kcfpositionmapcreator/e/b'{0x0000000714b65010} in {method} {0x00000001326f80b8} 'g' '(Lcom/amazon/kaf/c/s;)V' in 'com/amazon/kcfpositionmapcreator/d/b' at 0x000000011d1cb838]
[5.510s][info][exceptions] 426 [Exception (): a 'com/amazon/kcfpositionmapcreator/e/b'{0x0000000714b671f0} in {method} {0x00000001326f80b8} 'g' '(Lcom/amazon/kaf/c/s;)V' in 'com/amazon/kcfpositionmapcreator/d/b' at 0x000000011d1cb838]
[5.510s][info][exceptions] 427 [Exception (): a 'com/amazon/kcfpositionmapcreator/e/b'{0x0000000714b694f0} in {method} {0x00000001326f80b8} 'g' '(Lcom/amazon/kaf/c/s;)V' in 'com/amazon/kcfpositionmapcreator/d/b' at 0x000000011d1cb838]
[5.510s][info][exceptions] 428 [Exception (): a 'com/amazon/kcfpositionmapcreator/e/b'{0x0000000714b6a010} in {method} {0x00000001326f80b8} 'g' '(Lcom/amazon/kaf/c/s;)V' in 'com/amazon/kcfpositionmapcreator/d/b' at 0x000000011d1cb838]
[5.510s][info][exceptions] 429 [Exception (): a 'com/amazon/kcfpositionmapcreator/e/b'{0x0000000714b6d5b0} in {method} {0x00000001326f80b8} 'g' '(Lcom/amazon/kaf/c/s;)V' in 'com/amazon/kcfpositionmapcreator/d/b' at 0x000000011d1cb838]
[5.510s][info][exceptions] 430 [Exception (): a 'com/amazon/kcfpositionmapcreator/e/b'{0x0000000714b6f790} in {method} {0x00000001326f80b8} 'g' '(Lcom/amazon/kaf/c/s;)V' in 'com/amazon/kcfpositionmapcreator/d/b' at 0x000000011d1cb838]
[5.510s][info][exceptions] 431 [Exception (): a 'com/amazon/kcfpositionmapcreator/e/b'{0x0000000714b71970} in {method} {0x00000001326f80b8} 'g' '(Lcom/amazon/kaf/c/s;)V' in 'com/amazon/kcfpositionmapcreator/d/b' at 0x000000011d1cb838]
[5.510s][info][exceptions] 432 [Exception (): a 'com/amazon/kcfpositionmapcreator/e/b'{0x0000000714b73c70} in {method} {0x00000001326f80b8} 'g' '(Lcom/amazon/kaf/c/s;)V' in 'com/amazon/kcfpositionmapcreator/d/b' at 0x000000011d1cb838]
[5.510s][info][exceptions] 433 [Exception (): a 'com/amazon/kcfpositionmapcreator/e/b'{0x0000000714b74790} in {method} {0x00000001326f80b8} 'g' '(Lcom/amazon/kaf/c/s;)V' in 'com/amazon/kcfpositionmapcreator/d/b' at 0x000000011d1cb838]
[5.510s][info][exceptions] 434 [Exception (): a 'com/amazon/kcfpositionmapcreator/e/b'{0x0000000714b77840} in {method} {0x00000001326f80b8} 'g' '(Lcom/amazon/kaf/c/s;)V' in 'com/amazon/kcfpositionmapcreator/d/b' at 0x000000011d1cb838]
[5.510s][info][exceptions] 435 [Exception (): a 'com/amazon/kcfpositionmapcreator/e/b'{0x0000000714b79a20} in {method} {0x00000001326f80b8} 'g' '(Lcom/amazon/kaf/c/s;)V' in 'com/amazon/kcfpositionmapcreator/d/b' at 0x000000011d1cb838]
[5.510s][info][exceptions] 436 [Exception (): a 'com/amazon/kcfpositionmapcreator/e/b'{0x0000000714b7bc00} in {method} {0x00000001326f80b8} 'g' '(Lcom/amazon/kaf/c/s;)V' in 'com/amazon/kcfpositionmapcreator/d/b' at 0x000000011d1cb838]
[5.511s][info][exceptions] 437 [Exception (): a 'com/amazon/kcfpositionmapcreator/e/b'{0x0000000714b8de30} in {method} {0x00000001326f80b8} 'g' '(Lcom/amazon/kaf/c/s;)V' in 'com/amazon/kcfpositionmapcreator/d/b' at 0x000000011d1cb838]
[5.511s][info][exceptions] 438 [Exception (): a 'com/amazon/kcfpositionmapcreator/e/b'{0x0000000714b8e8b8} in {method} {0x00000001326f80b8} 'g' '(Lcom/amazon/kaf/c/s;)V' in 'com/amazon/kcfpositionmapcreator/d/b' at 0x000000011d1cb838]
[5.511s][info][exceptions] 439 [Exception (): a 'com/amazon/kcfpositionmapcreator/e/b'{0x0000000714b8f4f0} in {method} {0x00000001326f80b8} 'g' '(Lcom/amazon/kaf/c/s;)V' in 'com/amazon/kcfpositionmapcreator/d/b' at 0x000000011d1cb838]
[5.511s][info][exceptions] 440 [Exception (): a 'com/amazon/kcfpositionmapcreator/e/b'{0x0000000714b90010} in {method} {0x00000001326f80b8} 'g' '(Lcom/amazon/kaf/c/s;)V' in 'com/amazon/kcfpositionmapcreator/d/b' at 0x000000011d1cb838]
[5.511s][info][exceptions] 441 [Exception (): a 'com/amazon/kcfpositionmapcreator/e/b'{0x0000000714b91ca0} in {method} {0x00000001326f80b8} 'g' '(Lcom/amazon/kaf/c/s;)V' in 'com/amazon/kcfpositionmapcreator/d/b' at 0x000000011d1cb838]
[5.512s][info][exceptions] 442 [Exception (): a 'com/amazon/kcfpositionmapcreator/e/b'{0x0000000714b95730} in {method} {0x00000001326f80b8} 'g' '(Lcom/amazon/kaf/c/s;)V' in 'com/amazon/kcfpositionmapcreator/d/b' at 0x000000011d1cb838]
[5.512s][info][exceptions] 443 [Exception (): a 'com/amazon/kcfpositionmapcreator/e/b'{0x0000000714b982f0} in {method} {0x00000001326f80b8} 'g' '(Lcom/amazon/kaf/c/s;)V' in 'com/amazon/kcfpositionmapcreator/d/b' at 0x000000011d1cb838]
[5.512s][info][exceptions] 444 [Exception (): a 'com/amazon/kcfpositionmapcreator/e/b'{0x0000000714b9bea0} in {method} {0x00000001326f80b8} 'g' '(Lcom/amazon/kaf/c/s;)V' in 'com/amazon/kcfpositionmapcreator/d/b' at 0x000000011d1cb838]
[5.512s][info][exceptions] 445 [Exception (): a 'com/amazon/kcfpositionmapcreator/e/b'{0x0000000714b9cad8} in {method} {0x00000001326f80b8} 'g' '(Lcom/amazon/kaf/c/s;)V' in 'com/amazon/kcfpositionmapcreator/d/b' at 0x000000011d1cb838]
[5.512s][info][exceptions] 446 [Exception (): a 'com/amazon/kcfpositionmapcreator/e/b'{0x0000000714b9d5f8} in {method} {0x00000001326f80b8} 'g' '(Lcom/amazon/kaf/c/s;)V' in 'com/amazon/kcfpositionmapcreator/d/b' at 0x000000011d1cb838]
[5.512s][info][exceptions] 447 [Exception (): a 'com/amazon/kcfpositionmapcreator/e/b'{0x0000000714b9f288} in {method} {0x00000001326f80b8} 'g' '(Lcom/amazon/kaf/c/s;)V' in 'com/amazon/kcfpositionmapcreator/d/b' at 0x000000011d1cb838]
[5.512s][info][exceptions] 448 [Exception (): a 'com/amazon/kcfpositionmapcreator/e/b'{0x0000000714baaee8} in {method} {0x00000001326f80b8} 'g' '(Lcom/amazon/kaf/c/s;)V' in 'com/amazon/kcfpositionmapcreator/d/b' at 0x000000011d1cb838]
[5.513s][info][exceptions] 449 [Exception (): a 'com/amazon/kcfpositionmapcreator/e/b'{0x0000000714bacc00} in {method} {0x00000001326f80b8} 'g' '(Lcom/amazon/kaf/c/s;)V' in 'com/amazon/kcfpositionmapcreator/d/b' at 0x000000011d1cb838]
[5.513s][info][exceptions] 450 [Exception (): a 'com/amazon/kcfpositionmapcreator/e/b'{0x0000000714baeaf8} in {method} {0x00000001326f80b8} 'g' '(Lcom/amazon/kaf/c/s;)V' in 'com/amazon/kcfpositionmapcreator/d/b' at 0x000000011d1cb838]
[5.513s][info][exceptions] 451 [Exception (): a 'com/amazon/kcfpositionmapcreator/e/b'{0x0000000714baf618} in {method} {0x00000001326f80b8} 'g' '(Lcom/amazon/kaf/c/s;)V' in 'com/amazon/kcfpositionmapcreator/d/b' at 0x000000011d1cb838]
[5.513s][info][exceptions] 452 [Exception (): a 'com/amazon/kcfpositionmapcreator/e/b'{0x0000000714bb1368} in {method} {0x00000001326f80b8} 'g' '(Lcom/amazon/kaf/c/s;)V' in 'com/amazon/kcfpositionmapcreator/d/b' at 0x000000011d1cb838]
[5.513s][info][exceptions] 453 [Exception (): a 'com/amazon/kcfpositionmapcreator/e/b'{0x0000000714bbde98} in {method} {0x00000001326f80b8} 'g' '(Lcom/amazon/kaf/c/s;)V' in 'com/amazon/kcfpositionmapcreator/d/b' at 0x000000011d1cb838]
[5.513s][info][exceptions] 454 [Exception (): a 'com/amazon/kcfpositionmapcreator/e/b'{0x0000000714bbfbb0} in {method} {0x00000001326f80b8} 'g' '(Lcom/amazon/kaf/c/s;)V' in 'com/amazon/kcfpositionmapcreator/d/b' at 0x000000011d1cb838]
[5.513s][info][exceptions] 455 [Exception (): a 'com/amazon/kcfpositionmapcreator/e/b'{0x0000000714bc1aa8} in {method} {0x00000001326f80b8} 'g' '(Lcom/amazon/kaf/c/s;)V' in 'com/amazon/kcfpositionmapcreator/d/b' at 0x000000011d1cb838]
[5.513s][info][exceptions] 456 [Exception (): a 'com/amazon/kcfpositionmapcreator/e/b'{0x0000000714bc25c8} in {method} {0x00000001326f80b8} 'g' '(Lcom/amazon/kaf/c/s;)V' in 'com/amazon/kcfpositionmapcreator/d/b' at 0x000000011d1cb838]
[5.513s][info][exceptions] 457 [Exception (): a 'com/amazon/kcfpositionmapcreator/e/b'{0x0000000714bc4318} in {method} {0x00000001326f80b8} 'g' '(Lcom/amazon/kaf/c/s;)V' in 'com/amazon/kcfpositionmapcreator/d/b' at 0x000000011d1cb838]
[5.514s][info][exceptions] 458 [Exception (): a 'com/amazon/kcfpositionmapcreator/e/b'{0x0000000714bcf188} in {method} {0x00000001326f80b8} 'g' '(Lcom/amazon/kaf/c/s;)V' in 'com/amazon/kcfpositionmapcreator/d/b' at 0x000000011d1cb838]
[5.514s][info][exceptions] 459 [Exception (): a 'com/amazon/kcfpositionmapcreator/e/b'{0x0000000714bd0ea0} in {method} {0x00000001326f80b8} 'g' '(Lcom/amazon/kaf/c/s;)V' in 'com/amazon/kcfpositionmapcreator/d/b' at 0x000000011d1cb838]
[5.514s][info][exceptions] 460 [Exception (): a 'com/amazon/kcfpositionmapcreator/e/b'{0x0000000714bd2d98} in {method} {0x00000001326f80b8} 'g' '(Lcom/amazon/kaf/c/s;)V' in 'com/amazon/kcfpositionmapcreator/d/b' at 0x000000011d1cb838]
[5.515s][info][exceptions] 461 [Exception (): a 'com/amazon/kcfpositionmapcreator/e/b'{0x0000000714bd38b8} in {method} {0x00000001326f80b8} 'g' '(Lcom/amazon/kaf/c/s;)V' in 'com/amazon/kcfpositionmapcreator/d/b' at 0x000000011d1cb838]
[5.515s][info][exceptions] 462 [Exception (): a 'com/amazon/kcfpositionmapcreator/e/b'{0x0000000714bd5608} in {method} {0x00000001326f80b8} 'g' '(Lcom/amazon/kaf/c/s;)V' in 'com/amazon/kcfpositionmapcreator/d/b' at 0x000000011d1cb838]
[5.515s][info][exceptions] 463 [Exception (): a 'com/amazon/kcfpositionmapcreator/e/b'{0x0000000714be1a68} in {method} {0x00000001326f80b8} 'g' '(Lcom/amazon/kaf/c/s;)V' in 'com/amazon/kcfpositionmapcreator/d/b' at 0x000000011d1cb838]
[5.515s][info][exceptions] 464 [Exception (): a 'com/amazon/kcfpositionmapcreator/e/b'{0x0000000714be3780} in {method} {0x00000001326f80b8} 'g' '(Lcom/amazon/kaf/c/s;)V' in 'com/amazon/kcfpositionmapcreator/d/b' at 0x000000011d1cb838]
[5.515s][info][exceptions] 465 [Exception (): a 'com/amazon/kcfpositionmapcreator/e/b'{0x0000000714be5558} in {method} {0x00000001326f80b8} 'g' '(Lcom/amazon/kaf/c/s;)V' in 'com/amazon/kcfpositionmapcreator/d/b' at 0x000000011d1cb838]
[5.517s][info][exceptions] 466 [Exception (): a 'com/amazon/kcfpositionmapcreator/e/b'{0x0000000714a149f0} in {method} {0x00000001326f80b8} 'g' '(Lcom/amazon/kaf/c/s;)V' in 'com/amazon/kcfpositionmapcreator/d/b' at 0x000000011d1cb838]
[5.517s][info][exceptions] 467 [Exception (): a 'com/amazon/kcfpositionmapcreator/e/b'{0x0000000714a15478} in {method} {0x00000001326f80b8} 'g' '(Lcom/amazon/kaf/c/s;)V' in 'com/amazon/kcfpositionmapcreator/d/b' at 0x000000011d1cb838]
[5.517s][info][exceptions] 468 [Exception (): a 'com/amazon/kcfpositionmapcreator/e/b'{0x0000000714a161d0} in {method} {0x00000001326f80b8} 'g' '(Lcom/amazon/kaf/c/s;)V' in 'com/amazon/kcfpositionmapcreator/d/b' at 0x000000011d1cb838]
[5.517s][info][exceptions] 469 [Exception (): a 'com/amazon/kcfpositionmapcreator/e/b'{0x0000000714a16cf0} in {method} {0x00000001326f80b8} 'g' '(Lcom/amazon/kaf/c/s;)V' in 'com/amazon/kcfpositionmapcreator/d/b' at 0x000000011d1cb838]
[5.517s][info][exceptions] 470 [Exception (): a 'com/amazon/kcfpositionmapcreator/e/b'{0x0000000714a18980} in {method} {0x00000001326f80b8} 'g' '(Lcom/amazon/kaf/c/s;)V' in 'com/amazon/kcfpositionmapcreator/d/b' at 0x000000011d1cb838]
[5.517s][info][exceptions] 471 [Exception (): a 'com/amazon/kcfpositionmapcreator/e/b'{0x0000000714a1ba30} in {method} {0x00000001326f80b8} 'g' '(Lcom/amazon/kaf/c/s;)V' in 'com/amazon/kcfpositionmapcreator/d/b' at 0x000000011d1cb838]
[5.517s][info][exceptions] 472 [Exception (): a 'com/amazon/kcfpositionmapcreator/e/b'{0x0000000714a226d8} in {method} {0x00000001326f80b8} 'g' '(Lcom/amazon/kaf/c/s;)V' in 'com/amazon/kcfpositionmapcreator/d/b' at 0x000000011d1cb838]
[5.518s][info][exceptions] 473 [Exception (): a 'com/amazon/kcfpositionmapcreator/e/b'{0x0000000714a2b368} in {method} {0x00000001326f80b8} 'g' '(Lcom/amazon/kaf/c/s;)V' in 'com/amazon/kcfpositionmapcreator/d/b' at 0x000000011d1cb838]
[5.518s][info][exceptions] 474 [Exception (): a 'com/amazon/kcfpositionmapcreator/e/b'{0x0000000714a31988} in {method} {0x00000001326f80b8} 'g' '(Lcom/amazon/kaf/c/s;)V' in 'com/amazon/kcfpositionmapcreator/d/b' at 0x000000011d1cb838]
[5.518s][info][exceptions] 475 [Exception (): a 'com/amazon/kcfpositionmapcreator/e/b'{0x0000000714a34b58} in {method} {0x00000001326f80b8} 'g' '(Lcom/amazon/kaf/c/s;)V' in 'com/amazon/kcfpositionmapcreator/d/b' at 0x000000011d1cb838]
[5.518s][info][exceptions] 476 [Exception (): a 'com/amazon/kcfpositionmapcreator/e/b'{0x0000000714a358b0} in {method} {0x00000001326f80b8} 'g' '(Lcom/amazon/kaf/c/s;)V' in 'com/amazon/kcfpositionmapcreator/d/b' at 0x000000011d1cb838]
[5.518s][info][exceptions] 477 [Exception (): a 'com/amazon/kcfpositionmapcreator/e/b'{0x0000000714a363d0} in {method} {0x00000001326f80b8} 'g' '(Lcom/amazon/kaf/c/s;)V' in 'com/amazon/kcfpositionmapcreator/d/b' at 0x000000011d1cb838]
[5.518s][info][exceptions] 478 [Exception (): a 'com/amazon/kcfpositionmapcreator/e/b'{0x0000000714a38060} in {method} {0x00000001326f80b8} 'g' '(Lcom/amazon/kaf/c/s;)V' in 'com/amazon/kcfpositionmapcreator/d/b' at 0x000000011d1cb838]
[5.519s][info][exceptions] 479 [Exception (): a 'com/amazon/kcfpositionmapcreator/e/b'{0x0000000714a44398} in {method} {0x00000001326f80b8} 'g' '(Lcom/amazon/kaf/c/s;)V' in 'com/amazon/kcfpositionmapcreator/d/b' at 0x000000011d1cb838]
[5.519s][info][exceptions] 480 [Exception (): a 'com/amazon/kcfpositionmapcreator/e/b'{0x0000000714a46170} in {method} {0x00000001326f80b8} 'g' '(Lcom/amazon/kaf/c/s;)V' in 'com/amazon/kcfpositionmapcreator/d/b' at 0x000000011d1cb838]
[5.519s][info][exceptions] 481 [Exception (): a 'com/amazon/kcfpositionmapcreator/e/b'{0x0000000714a47f48} in {method} {0x00000001326f80b8} 'g' '(Lcom/amazon/kaf/c/s;)V' in 'com/amazon/kcfpositionmapcreator/d/b' at 0x000000011d1cb838]
[5.519s][info][exceptions] 482 [Exception (): a 'com/amazon/kcfpositionmapcreator/e/b'{0x0000000714a49d20} in {method} {0x00000001326f80b8} 'g' '(Lcom/amazon/kaf/c/s;)V' in 'com/amazon/kcfpositionmapcreator/d/b' at 0x000000011d1cb838]
[5.519s][info][exceptions] 483 [Exception (): a 'com/amazon/kcfpositionmapcreator/e/b'{0x0000000714a4cbe0} in {method} {0x00000001326f80b8} 'g' '(Lcom/amazon/kaf/c/s;)V' in 'com/amazon/kcfpositionmapcreator/d/b' at 0x000000011d1cb838]
[5.519s][info][exceptions] 484 [Exception (): a 'com/amazon/kcfpositionmapcreator/e/b'{0x0000000714a4d700} in {method} {0x00000001326f80b8} 'g' '(Lcom/amazon/kaf/c/s;)V' in 'com/amazon/kcfpositionmapcreator/d/b' at 0x000000011d1cb838]
[5.519s][info][exceptions] 485 [Exception (): a 'com/amazon/kcfpositionmapcreator/e/b'{0x0000000714a4f390} in {method} {0x00000001326f80b8} 'g' '(Lcom/amazon/kaf/c/s;)V' in 'com/amazon/kcfpositionmapcreator/d/b' at 0x000000011d1cb838]
[5.519s][info][exceptions] 486 [Exception (): a 'com/amazon/kcfpositionmapcreator/e/b'{0x0000000714a596d8} in {method} {0x00000001326f80b8} 'g' '(Lcom/amazon/kaf/c/s;)V' in 'com/amazon/kcfpositionmapcreator/d/b' at 0x000000011d1cb838]
[5.520s][info][exceptions] 487 [Exception (): a 'com/amazon/kcfpositionmapcreator/e/b'{0x0000000714a5b4b0} in {method} {0x00000001326f80b8} 'g' '(Lcom/amazon/kaf/c/s;)V' in 'com/amazon/kcfpositionmapcreator/d/b' at 0x000000011d1cb838]
[5.520s][info][exceptions] 488 [Exception (): a 'com/amazon/kcfpositionmapcreator/e/b'{0x0000000714a5d288} in {method} {0x00000001326f80b8} 'g' '(Lcom/amazon/kaf/c/s;)V' in 'com/amazon/kcfpositionmapcreator/d/b' at 0x000000011d1cb838]
[5.520s][info][exceptions] 489 [Exception (): a 'com/amazon/kcfpositionmapcreator/e/b'{0x0000000714a5f060} in {method} {0x00000001326f80b8} 'g' '(Lcom/amazon/kaf/c/s;)V' in 'com/amazon/kcfpositionmapcreator/d/b' at 0x000000011d1cb838]
[5.520s][info][exceptions] 490 [Exception (): a 'com/amazon/kcfpositionmapcreator/e/b'{0x0000000714a62900} in {method} {0x00000001326f80b8} 'g' '(Lcom/amazon/kaf/c/s;)V' in 'com/amazon/kcfpositionmapcreator/d/b' at 0x000000011d1cb838]
[5.520s][info][exceptions] 491 [Exception (): a 'com/amazon/kcfpositionmapcreator/e/b'{0x0000000714a63420} in {method} {0x00000001326f80b8} 'g' '(Lcom/amazon/kaf/c/s;)V' in 'com/amazon/kcfpositionmapcreator/d/b' at 0x000000011d1cb838]
[5.520s][info][exceptions] 492 [Exception (): a 'com/amazon/kcfpositionmapcreator/e/b'{0x0000000714a650b0} in {method} {0x00000001326f80b8} 'g' '(Lcom/amazon/kaf/c/s;)V' in 'com/amazon/kcfpositionmapcreator/d/b' at 0x000000011d1cb838]
[5.521s][info][exceptions] 493 [Exception (): a 'com/amazon/kcfpositionmapcreator/e/b'{0x0000000714a77638} in {method} {0x00000001326f80b8} 'g' '(Lcom/amazon/kaf/c/s;)V' in 'com/amazon/kcfpositionmapcreator/d/b' at 0x000000011d1cb838]
[5.521s][info][exceptions] 494 [Exception (): a 'com/amazon/kcfpositionmapcreator/e/b'{0x0000000714a79410} in {method} {0x00000001326f80b8} 'g' '(Lcom/amazon/kaf/c/s;)V' in 'com/amazon/kcfpositionmapcreator/d/b' at 0x000000011d1cb838]
[5.521s][info][exceptions] 495 [Exception (): a 'com/amazon/kcfpositionmapcreator/e/b'{0x0000000714a7b1e8} in {method} {0x00000001326f80b8} 'g' '(Lcom/amazon/kaf/c/s;)V' in 'com/amazon/kcfpositionmapcreator/d/b' at 0x000000011d1cb838]
[5.521s][info][exceptions] 496 [Exception (): a 'com/amazon/kcfpositionmapcreator/e/b'{0x0000000714a7cfc0} in {method} {0x00000001326f80b8} 'g' '(Lcom/amazon/kaf/c/s;)V' in 'com/amazon/kcfpositionmapcreator/d/b' at 0x000000011d1cb838]
[5.521s][info][exceptions] 497 [Exception (): a 'com/amazon/kcfpositionmapcreator/e/b'{0x0000000714a7fe80} in {method} {0x00000001326f80b8} 'g' '(Lcom/amazon/kaf/c/s;)V' in 'com/amazon/kcfpositionmapcreator/d/b' at 0x000000011d1cb838]
[5.521s][info][exceptions] 498 [Exception (): a 'com/amazon/kcfpositionmapcreator/e/b'{0x0000000714a80bf0} in {method} {0x00000001326f80b8} 'g' '(Lcom/amazon/kaf/c/s;)V' in 'com/amazon/kcfpositionmapcreator/d/b' at 0x000000011d1cb838]
[5.521s][info][exceptions] 499 [Exception (): a 'com/amazon/kcfpositionmapcreator/e/b'{0x0000000714a82880} in {method} {0x00000001326f80b8} 'g' '(Lcom/amazon/kaf/c/s;)V' in 'com/amazon/kcfpositionmapcreator/d/b' at 0x000000011d1cb838]
[5.522s][info][exceptions] 500 [Exception (): a 'com/amazon/kcfpositionmapcreator/e/b'{0x0000000714a8eb28} in {method} {0x00000001326f80b8} 'g' '(Lcom/amazon/kaf/c/s;)V' in 'com/amazon/kcfpositionmapcreator/d/b' at 0x000000011d1cb838]
[5.522s][info][exceptions] 501 [Exception (): a 'com/amazon/kcfpositionmapcreator/e/b'{0x0000000714a90900} in {method} {0x00000001326f80b8} 'g' '(Lcom/amazon/kaf/c/s;)V' in 'com/amazon/kcfpositionmapcreator/d/b' at 0x000000011d1cb838]
[5.522s][info][exceptions] 502 [Exception (): a 'com/amazon/kcfpositionmapcreator/e/b'{0x0000000714a926d8} in {method} {0x00000001326f80b8} 'g' '(Lcom/amazon/kaf/c/s;)V' in 'com/amazon/kcfpositionmapcreator/d/b' at 0x000000011d1cb838]
[5.522s][info][exceptions] 503 [Exception (): a 'com/amazon/kcfpositionmapcreator/e/b'{0x0000000714a944b0} in {method} {0x00000001326f80b8} 'g' '(Lcom/amazon/kaf/c/s;)V' in 'com/amazon/kcfpositionmapcreator/d/b' at 0x000000011d1cb838]
[5.523s][info][exceptions] 504 [Exception (): a 'com/amazon/kcfpositionmapcreator/e/b'{0x0000000714aa9ed8} in {method} {0x00000001326f80b8} 'g' '(Lcom/amazon/kaf/c/s;)V' in 'com/amazon/kcfpositionmapcreator/d/b' at 0x000000011d1cb838]
[5.523s][info][exceptions] 505 [Exception (): a 'com/amazon/kcfpositionmapcreator/e/b'{0x0000000714aaa960} in {method} {0x00000001326f80b8} 'g' '(Lcom/amazon/kaf/c/s;)V' in 'com/amazon/kcfpositionmapcreator/d/b' at 0x000000011d1cb838]
[5.523s][info][exceptions] 506 [Exception (): a 'com/amazon/kcfpositionmapcreator/e/b'{0x0000000714aab628} in {method} {0x00000001326f80b8} 'g' '(Lcom/amazon/kaf/c/s;)V' in 'com/amazon/kcfpositionmapcreator/d/b' at 0x000000011d1cb838]
[5.523s][info][exceptions] 507 [Exception (): a 'com/amazon/kcfpositionmapcreator/e/b'{0x0000000714aac148} in {method} {0x00000001326f80b8} 'g' '(Lcom/amazon/kaf/c/s;)V' in 'com/amazon/kcfpositionmapcreator/d/b' at 0x000000011d1cb838]
[5.523s][info][exceptions] 508 [Exception (): a 'com/amazon/kcfpositionmapcreator/e/b'{0x0000000714aaddd8} in {method} {0x00000001326f80b8} 'g' '(Lcom/amazon/kaf/c/s;)V' in 'com/amazon/kcfpositionmapcreator/d/b' at 0x000000011d1cb838]
[5.523s][info][exceptions] 509 [Exception (): a 'com/amazon/kcfpositionmapcreator/e/b'{0x0000000714ab1868} in {method} {0x00000001326f80b8} 'g' '(Lcom/amazon/kaf/c/s;)V' in 'com/amazon/kcfpositionmapcreator/d/b' at 0x000000011d1cb838]
[5.523s][info][exceptions] 510 [Exception (): a 'com/amazon/kcfpositionmapcreator/e/b'{0x0000000714ab61d8} in {method} {0x00000001326f80b8} 'g' '(Lcom/amazon/kaf/c/s;)V' in 'com/amazon/kcfpositionmapcreator/d/b' at 0x000000011d1cb838]
[5.523s][info][exceptions] 511 [Exception (): a 'com/amazon/kcfpositionmapcreator/e/b'{0x0000000714abb528} in {method} {0x00000001326f80b8} 'g' '(Lcom/amazon/kaf/c/s;)V' in 'com/amazon/kcfpositionmapcreator/d/b' at 0x000000011d1cb838]
[5.524s][info][exceptions] 512 [Exception (): a 'com/amazon/kcfpositionmapcreator/e/b'{0x0000000714ac0fa8} in {method} {0x00000001326f80b8} 'g' '(Lcom/amazon/kaf/c/s;)V' in 'com/amazon/kcfpositionmapcreator/d/b' at 0x000000011d1cb838]
[5.524s][info][exceptions] 513 [Exception (): a 'com/amazon/kcfpositionmapcreator/e/b'{0x0000000714ac1c70} in {method} {0x00000001326f80b8} 'g' '(Lcom/amazon/kaf/c/s;)V' in 'com/amazon/kcfpositionmapcreator/d/b' at 0x000000011d1cb838]
[5.524s][info][exceptions] 514 [Exception (): a 'com/amazon/kcfpositionmapcreator/e/b'{0x0000000714ac2790} in {method} {0x00000001326f80b8} 'g' '(Lcom/amazon/kaf/c/s;)V' in 'com/amazon/kcfpositionmapcreator/d/b' at 0x000000011d1cb838]
[5.524s][info][exceptions] 515 [Exception (): a 'com/amazon/kcfpositionmapcreator/e/b'{0x0000000714ac4420} in {method} {0x00000001326f80b8} 'g' '(Lcom/amazon/kaf/c/s;)V' in 'com/amazon/kcfpositionmapcreator/d/b' at 0x000000011d1cb838]
[5.524s][info][exceptions] 516 [Exception (): a 'com/amazon/kcfpositionmapcreator/e/b'{0x0000000714ad2b20} in {method} {0x00000001326f80b8} 'g' '(Lcom/amazon/kaf/c/s;)V' in 'com/amazon/kcfpositionmapcreator/d/b' at 0x000000011d1cb838]
[5.524s][info][exceptions] 517 [Exception (): a 'com/amazon/kcfpositionmapcreator/e/b'{0x0000000714ad4838} in {method} {0x00000001326f80b8} 'g' '(Lcom/amazon/kaf/c/s;)V' in 'com/amazon/kcfpositionmapcreator/d/b' at 0x000000011d1cb838]
[5.524s][info][exceptions] 518 [Exception (): a 'com/amazon/kcfpositionmapcreator/e/b'{0x0000000714ad6610} in {method} {0x00000001326f80b8} 'g' '(Lcom/amazon/kaf/c/s;)V' in 'com/amazon/kcfpositionmapcreator/d/b' at 0x000000011d1cb838]
[5.524s][info][exceptions] 519 [Exception (): a 'com/amazon/kcfpositionmapcreator/e/b'{0x0000000714ad8598} in {method} {0x00000001326f80b8} 'g' '(Lcom/amazon/kaf/c/s;)V' in 'com/amazon/kcfpositionmapcreator/d/b' at 0x000000011d1cb838]
[5.525s][info][exceptions] 520 [Exception (): a 'com/amazon/kcfpositionmapcreator/e/b'{0x0000000714ad90b8} in {method} {0x00000001326f80b8} 'g' '(Lcom/amazon/kaf/c/s;)V' in 'com/amazon/kcfpositionmapcreator/d/b' at 0x000000011d1cb838]
[5.525s][info][exceptions] 521 [Exception (): a 'com/amazon/kcfpositionmapcreator/e/b'{0x0000000714adae08} in {method} {0x00000001326f80b8} 'g' '(Lcom/amazon/kaf/c/s;)V' in 'com/amazon/kcfpositionmapcreator/d/b' at 0x000000011d1cb838]
[5.525s][info][exceptions] 522 [Exception (): a 'com/amazon/kcfpositionmapcreator/e/b'{0x0000000714ae6168} in {method} {0x00000001326f80b8} 'g' '(Lcom/amazon/kaf/c/s;)V' in 'com/amazon/kcfpositionmapcreator/d/b' at 0x000000011d1cb838]
[5.525s][info][exceptions] 523 [Exception (): a 'com/amazon/kcfpositionmapcreator/e/b'{0x0000000714ae7e80} in {method} {0x00000001326f80b8} 'g' '(Lcom/amazon/kaf/c/s;)V' in 'com/amazon/kcfpositionmapcreator/d/b' at 0x000000011d1cb838]
[5.525s][info][exceptions] 524 [Exception (): a 'com/amazon/kcfpositionmapcreator/e/b'{0x0000000714ae9c58} in {method} {0x00000001326f80b8} 'g' '(Lcom/amazon/kaf/c/s;)V' in 'com/amazon/kcfpositionmapcreator/d/b' at 0x000000011d1cb838]
[5.525s][info][exceptions] 525 [Exception (): a 'com/amazon/kcfpositionmapcreator/e/b'{0x0000000714aebbe0} in {method} {0x00000001326f80b8} 'g' '(Lcom/amazon/kaf/c/s;)V' in 'com/amazon/kcfpositionmapcreator/d/b' at 0x000000011d1cb838]
[5.525s][info][exceptions] 526 [Exception (): a 'com/amazon/kcfpositionmapcreator/e/b'{0x0000000714aec700} in {method} {0x00000001326f80b8} 'g' '(Lcom/amazon/kaf/c/s;)V' in 'com/amazon/kcfpositionmapcreator/d/b' at 0x000000011d1cb838]
[5.525s][info][exceptions] 527 [Exception (): a 'com/amazon/kcfpositionmapcreator/e/b'{0x0000000714aee450} in {method} {0x00000001326f80b8} 'g' '(Lcom/amazon/kaf/c/s;)V' in 'com/amazon/kcfpositionmapcreator/d/b' at 0x000000011d1cb838]
[5.526s][info][exceptions] 528 [Exception (): a 'com/amazon/kcfpositionmapcreator/e/b'{0x0000000714afc970} in {method} {0x00000001326f80b8} 'g' '(Lcom/amazon/kaf/c/s;)V' in 'com/amazon/kcfpositionmapcreator/d/b' at 0x000000011d1cb838]
[5.526s][info][exceptions] 529 [Exception (): a 'com/amazon/kcfpositionmapcreator/e/b'{0x0000000714afe688} in {method} {0x00000001326f80b8} 'g' '(Lcom/amazon/kaf/c/s;)V' in 'com/amazon/kcfpositionmapcreator/d/b' at 0x000000011d1cb838]
[5.526s][info][exceptions] 530 [Exception (): a 'com/amazon/kcfpositionmapcreator/e/b'{0x0000000714900900} in {method} {0x00000001326f80b8} 'g' '(Lcom/amazon/kaf/c/s;)V' in 'com/amazon/kcfpositionmapcreator/d/b' at 0x000000011d1cb838]
[5.526s][info][exceptions] 531 [Exception (): a 'com/amazon/kcfpositionmapcreator/e/b'{0x0000000714902888} in {method} {0x00000001326f80b8} 'g' '(Lcom/amazon/kaf/c/s;)V' in 'com/amazon/kcfpositionmapcreator/d/b' at 0x000000011d1cb838]
[5.526s][info][exceptions] 532 [Exception (): a 'com/amazon/kcfpositionmapcreator/e/b'{0x00000007149033a8} in {method} {0x00000001326f80b8} 'g' '(Lcom/amazon/kaf/c/s;)V' in 'com/amazon/kcfpositionmapcreator/d/b' at 0x000000011d1cb838]
[5.526s][info][exceptions] 533 [Exception (): a 'com/amazon/kcfpositionmapcreator/e/b'{0x00000007149050f8} in {method} {0x00000001326f80b8} 'g' '(Lcom/amazon/kaf/c/s;)V' in 'com/amazon/kcfpositionmapcreator/d/b' at 0x000000011d1cb838]
[5.527s][info][exceptions] 534 [Exception (): a 'com/amazon/kcfpositionmapcreator/e/b'{0x00000007149150a8} in {method} {0x00000001326f80b8} 'g' '(Lcom/amazon/kaf/c/s;)V' in 'com/amazon/kcfpositionmapcreator/d/b' at 0x000000011d1cb838]
[5.527s][info][exceptions] 535 [Exception (): a 'com/amazon/kcfpositionmapcreator/e/b'{0x0000000714916dc0} in {method} {0x00000001326f80b8} 'g' '(Lcom/amazon/kaf/c/s;)V' in 'com/amazon/kcfpositionmapcreator/d/b' at 0x000000011d1cb838]
[5.527s][info][exceptions] 536 [Exception (): a 'com/amazon/kcfpositionmapcreator/e/b'{0x0000000714918b98} in {method} {0x00000001326f80b8} 'g' '(Lcom/amazon/kaf/c/s;)V' in 'com/amazon/kcfpositionmapcreator/d/b' at 0x000000011d1cb838]
[5.527s][info][exceptions] 537 [Exception (): a 'com/amazon/kcfpositionmapcreator/e/b'{0x000000071491ab20} in {method} {0x00000001326f80b8} 'g' '(Lcom/amazon/kaf/c/s;)V' in 'com/amazon/kcfpositionmapcreator/d/b' at 0x000000011d1cb838]
[5.527s][info][exceptions] 538 [Exception (): a 'com/amazon/kcfpositionmapcreator/e/b'{0x000000071491b640} in {method} {0x00000001326f80b8} 'g' '(Lcom/amazon/kaf/c/s;)V' in 'com/amazon/kcfpositionmapcreator/d/b' at 0x000000011d1cb838]
[5.527s][info][exceptions] 539 [Exception (): a 'com/amazon/kcfpositionmapcreator/e/b'{0x000000071491d390} in {method} {0x00000001326f80b8} 'g' '(Lcom/amazon/kaf/c/s;)V' in 'com/amazon/kcfpositionmapcreator/d/b' at 0x000000011d1cb838]
[5.531s][info][exceptions] 540 [Exception (): a 'com/amazon/kcfpositionmapcreator/e/b'{0x000000071492da48} in {method} {0x00000001326f80b8} 'g' '(Lcom/amazon/kaf/c/s;)V' in 'com/amazon/kcfpositionmapcreator/d/b' at 0x000000011d1cb838]
[5.532s][info][exceptions] 541 [Exception (): a 'com/amazon/kcfpositionmapcreator/e/b'{0x000000071492f730} in {method} {0x00000001326f80b8} 'g' '(Lcom/amazon/kaf/c/s;)V' in 'com/amazon/kcfpositionmapcreator/d/b' at 0x000000011d1cb838]
[5.532s][info][exceptions] 542 [Exception (): a 'com/amazon/kcfpositionmapcreator/e/b'{0x00000007149314d8} in {method} {0x00000001326f80b8} 'g' '(Lcom/amazon/kaf/c/s;)V' in 'com/amazon/kcfpositionmapcreator/d/b' at 0x000000011d1cb838]
[5.532s][info][exceptions] 543 [Exception (): a 'com/amazon/kcfpositionmapcreator/e/b'{0x0000000714933448} in {method} {0x00000001326f80b8} 'g' '(Lcom/amazon/kaf/c/s;)V' in 'com/amazon/kcfpositionmapcreator/d/b' at 0x000000011d1cb838]
[5.532s][info][exceptions] 544 [Exception (): a 'com/amazon/kcfpositionmapcreator/e/b'{0x0000000714933f50} in {method} {0x00000001326f80b8} 'g' '(Lcom/amazon/kaf/c/s;)V' in 'com/amazon/kcfpositionmapcreator/d/b' at 0x000000011d1cb838]
[5.532s][info][exceptions] 545 [Exception (): a 'com/amazon/kcfpositionmapcreator/e/b'{0x0000000714935c70} in {method} {0x00000001326f80b8} 'g' '(Lcom/amazon/kaf/c/s;)V' in 'com/amazon/kcfpositionmapcreator/d/b' at 0x000000011d1cb838]
[5.533s][info][exceptions] 546 [Exception (): a 'com/amazon/kcfpositionmapcreator/e/b'{0x00000007149418a0} in {method} {0x00000001326f80b8} 'g' '(Lcom/amazon/kaf/c/s;)V' in 'com/amazon/kcfpositionmapcreator/d/b' at 0x000000011d1cb838]
[5.533s][info][exceptions] 547 [Exception (): a 'com/amazon/kcfpositionmapcreator/e/b'{0x0000000714943588} in {method} {0x00000001326f80b8} 'g' '(Lcom/amazon/kaf/c/s;)V' in 'com/amazon/kcfpositionmapcreator/d/b' at 0x000000011d1cb838]
[5.533s][info][exceptions] 548 [Exception (): a 'com/amazon/kcfpositionmapcreator/e/b'{0x0000000714945330} in {method} {0x00000001326f80b8} 'g' '(Lcom/amazon/kaf/c/s;)V' in 'com/amazon/kcfpositionmapcreator/d/b' at 0x000000011d1cb838]
[5.533s][info][exceptions] 549 [Exception (): a 'com/amazon/kcfpositionmapcreator/e/b'{0x00000007149470d8} in {method} {0x00000001326f80b8} 'g' '(Lcom/amazon/kaf/c/s;)V' in 'com/amazon/kcfpositionmapcreator/d/b' at 0x000000011d1cb838]
[5.535s][info][exceptions] 550 [Exception (): a 'com/amazon/kcfpositionmapcreator/e/b'{0x0000000714977dd8} in {method} {0x00000001326f80b8} 'g' '(Lcom/amazon/kaf/c/s;)V' in 'com/amazon/kcfpositionmapcreator/d/b' at 0x000000011d1cb838]
[5.535s][info][exceptions] 551 [Exception (): a 'com/amazon/kcfpositionmapcreator/e/b'{0x0000000714978860} in {method} {0x00000001326f80b8} 'g' '(Lcom/amazon/kaf/c/s;)V' in 'com/amazon/kcfpositionmapcreator/d/b' at 0x000000011d1cb838]
[5.535s][info][exceptions] 552 [Exception (): a 'com/amazon/kcfpositionmapcreator/e/b'{0x0000000714979528} in {method} {0x00000001326f80b8} 'g' '(Lcom/amazon/kaf/c/s;)V' in 'com/amazon/kcfpositionmapcreator/d/b' at 0x000000011d1cb838]
[5.535s][info][exceptions] 553 [Exception (): a 'com/amazon/kcfpositionmapcreator/e/b'{0x000000071497a030} in {method} {0x00000001326f80b8} 'g' '(Lcom/amazon/kaf/c/s;)V' in 'com/amazon/kcfpositionmapcreator/d/b' at 0x000000011d1cb838]
[5.535s][info][exceptions] 554 [Exception (): a 'com/amazon/kcfpositionmapcreator/e/b'{0x000000071497bc90} in {method} {0x00000001326f80b8} 'g' '(Lcom/amazon/kaf/c/s;)V' in 'com/amazon/kcfpositionmapcreator/d/b' at 0x000000011d1cb838]
[5.535s][info][exceptions] 555 [Exception (): a 'com/amazon/kcfpositionmapcreator/e/b'{0x000000071497d8f0} in {method} {0x00000001326f80b8} 'g' '(Lcom/amazon/kaf/c/s;)V' in 'com/amazon/kcfpositionmapcreator/d/b' at 0x000000011d1cb838]
[5.535s][info][exceptions] 556 [Exception (): a 'com/amazon/kcfpositionmapcreator/e/b'{0x000000071497f550} in {method} {0x00000001326f80b8} 'g' '(Lcom/amazon/kaf/c/s;)V' in 'com/amazon/kcfpositionmapcreator/d/b' at 0x000000011d1cb838]
[5.535s][info][exceptions] 557 [Exception (): a 'com/amazon/kcfpositionmapcreator/e/b'{0x0000000714982320} in {method} {0x00000001326f80b8} 'g' '(Lcom/amazon/kaf/c/s;)V' in 'com/amazon/kcfpositionmapcreator/d/b' at 0x000000011d1cb838]
[5.535s][info][exceptions] 558 [Exception (): a 'com/amazon/kcfpositionmapcreator/e/b'{0x0000000714986678} in {method} {0x00000001326f80b8} 'g' '(Lcom/amazon/kaf/c/s;)V' in 'com/amazon/kcfpositionmapcreator/d/b' at 0x000000011d1cb838]
[5.535s][info][exceptions] 559 [Exception (): a 'com/amazon/kcfpositionmapcreator/e/b'{0x0000000714987340} in {method} {0x00000001326f80b8} 'g' '(Lcom/amazon/kaf/c/s;)V' in 'com/amazon/kcfpositionmapcreator/d/b' at 0x000000011d1cb838]
[5.535s][info][exceptions] 560 [Exception (): a 'com/amazon/kcfpositionmapcreator/e/b'{0x0000000714987e48} in {method} {0x00000001326f80b8} 'g' '(Lcom/amazon/kaf/c/s;)V' in 'com/amazon/kcfpositionmapcreator/d/b' at 0x000000011d1cb838]
[5.536s][info][exceptions] 561 [Exception (): a 'com/amazon/kcfpositionmapcreator/e/b'{0x0000000714989aa8} in {method} {0x00000001326f80b8} 'g' '(Lcom/amazon/kaf/c/s;)V' in 'com/amazon/kcfpositionmapcreator/d/b' at 0x000000011d1cb838]
[5.536s][info][exceptions] 562 [Exception (): a 'com/amazon/kcfpositionmapcreator/e/b'{0x000000071498b708} in {method} {0x00000001326f80b8} 'g' '(Lcom/amazon/kaf/c/s;)V' in 'com/amazon/kcfpositionmapcreator/d/b' at 0x000000011d1cb838]
[5.536s][info][exceptions] 563 [Exception (): a 'com/amazon/kcfpositionmapcreator/e/b'{0x000000071498dda8} in {method} {0x00000001326f80b8} 'g' '(Lcom/amazon/kaf/c/s;)V' in 'com/amazon/kcfpositionmapcreator/d/b' at 0x000000011d1cb838]
[5.536s][info][exceptions] 564 [Exception (): a 'com/amazon/kcfpositionmapcreator/e/b'{0x0000000714990938} in {method} {0x00000001326f80b8} 'g' '(Lcom/amazon/kaf/c/s;)V' in 'com/amazon/kcfpositionmapcreator/d/b' at 0x000000011d1cb838]
[5.536s][info][exceptions] 565 [Exception (): a 'com/amazon/kcfpositionmapcreator/e/b'{0x0000000714993690} in {method} {0x00000001326f80b8} 'g' '(Lcom/amazon/kaf/c/s;)V' in 'com/amazon/kcfpositionmapcreator/d/b' at 0x000000011d1cb838]
[5.536s][info][exceptions] 566 [Exception (): a 'com/amazon/kcfpositionmapcreator/e/b'{0x0000000714994198} in {method} {0x00000001326f80b8} 'g' '(Lcom/amazon/kaf/c/s;)V' in 'com/amazon/kcfpositionmapcreator/d/b' at 0x000000011d1cb838]
[5.536s][info][exceptions] 567 [Exception (): a 'com/amazon/kcfpositionmapcreator/e/b'{0x0000000714995df8} in {method} {0x00000001326f80b8} 'g' '(Lcom/amazon/kaf/c/s;)V' in 'com/amazon/kcfpositionmapcreator/d/b' at 0x000000011d1cb838]
[5.536s][info][exceptions] 568 [Exception (): a 'com/amazon/kcfpositionmapcreator/e/b'{0x0000000714997a58} in {method} {0x00000001326f80b8} 'g' '(Lcom/amazon/kaf/c/s;)V' in 'com/amazon/kcfpositionmapcreator/d/b' at 0x000000011d1cb838]
[5.536s][info][exceptions] 569 [Exception (): a 'com/amazon/kcfpositionmapcreator/e/b'{0x000000071499a0f8} in {method} {0x00000001326f80b8} 'g' '(Lcom/amazon/kaf/c/s;)V' in 'com/amazon/kcfpositionmapcreator/d/b' at 0x000000011d1cb838]
[5.536s][info][exceptions] 570 [Exception (): a 'com/amazon/kcfpositionmapcreator/e/b'{0x000000071499cc88} in {method} {0x00000001326f80b8} 'g' '(Lcom/amazon/kaf/c/s;)V' in 'com/amazon/kcfpositionmapcreator/d/b' at 0x000000011d1cb838]
[5.536s][info][exceptions] 571 [Exception (): a 'com/amazon/kcfpositionmapcreator/e/b'{0x000000071499f9e0} in {method} {0x00000001326f80b8} 'g' '(Lcom/amazon/kaf/c/s;)V' in 'com/amazon/kcfpositionmapcreator/d/b' at 0x000000011d1cb838]
[5.536s][info][exceptions] 572 [Exception (): a 'com/amazon/kcfpositionmapcreator/e/b'{0x00000007149a04e8} in {method} {0x00000001326f80b8} 'g' '(Lcom/amazon/kaf/c/s;)V' in 'com/amazon/kcfpositionmapcreator/d/b' at 0x000000011d1cb838]
[5.537s][info][exceptions] 573 [Exception (): a 'com/amazon/kcfpositionmapcreator/e/b'{0x00000007149a2148} in {method} {0x00000001326f80b8} 'g' '(Lcom/amazon/kaf/c/s;)V' in 'com/amazon/kcfpositionmapcreator/d/b' at 0x000000011d1cb838]
[5.537s][info][exceptions] 574 [Exception (): a 'com/amazon/kcfpositionmapcreator/e/b'{0x00000007149a3da8} in {method} {0x00000001326f80b8} 'g' '(Lcom/amazon/kaf/c/s;)V' in 'com/amazon/kcfpositionmapcreator/d/b' at 0x000000011d1cb838]
[5.537s][info][exceptions] 575 [Exception (): a 'com/amazon/kcfpositionmapcreator/e/b'{0x00000007149a6448} in {method} {0x00000001326f80b8} 'g' '(Lcom/amazon/kaf/c/s;)V' in 'com/amazon/kcfpositionmapcreator/d/b' at 0x000000011d1cb838]
[5.537s][info][exceptions] 576 [Exception (): a 'com/amazon/kcfpositionmapcreator/e/b'{0x00000007149a8fd8} in {method} {0x00000001326f80b8} 'g' '(Lcom/amazon/kaf/c/s;)V' in 'com/amazon/kcfpositionmapcreator/d/b' at 0x000000011d1cb838]
[5.537s][info][exceptions] 577 [Exception (): a 'com/amazon/kcfpositionmapcreator/e/b'{0x00000007149ac220} in {method} {0x00000001326f80b8} 'g' '(Lcom/amazon/kaf/c/s;)V' in 'com/amazon/kcfpositionmapcreator/d/b' at 0x000000011d1cb838]
[5.537s][info][exceptions] 578 [Exception (): a 'com/amazon/kcfpositionmapcreator/e/b'{0x00000007149acd28} in {method} {0x00000001326f80b8} 'g' '(Lcom/amazon/kaf/c/s;)V' in 'com/amazon/kcfpositionmapcreator/d/b' at 0x000000011d1cb838]
[5.537s][info][exceptions] 579 [Exception (): a 'com/amazon/kcfpositionmapcreator/e/b'{0x00000007149ae988} in {method} {0x00000001326f80b8} 'g' '(Lcom/amazon/kaf/c/s;)V' in 'com/amazon/kcfpositionmapcreator/d/b' at 0x000000011d1cb838]
[5.537s][info][exceptions] 580 [Exception (): a 'com/amazon/kcfpositionmapcreator/e/b'{0x00000007149b05e8} in {method} {0x00000001326f80b8} 'g' '(Lcom/amazon/kaf/c/s;)V' in 'com/amazon/kcfpositionmapcreator/d/b' at 0x000000011d1cb838]
[5.537s][info][exceptions] 581 [Exception (): a 'com/amazon/kcfpositionmapcreator/e/b'{0x00000007149b2c88} in {method} {0x00000001326f80b8} 'g' '(Lcom/amazon/kaf/c/s;)V' in 'com/amazon/kcfpositionmapcreator/d/b' at 0x000000011d1cb838]
[5.537s][info][exceptions] 582 [Exception (): a 'com/amazon/kcfpositionmapcreator/e/b'{0x00000007149b5818} in {method} {0x00000001326f80b8} 'g' '(Lcom/amazon/kaf/c/s;)V' in 'com/amazon/kcfpositionmapcreator/d/b' at 0x000000011d1cb838]
[5.537s][info][exceptions] 583 [Exception (): a 'com/amazon/kcfpositionmapcreator/e/b'{0x00000007149b8570} in {method} {0x00000001326f80b8} 'g' '(Lcom/amazon/kaf/c/s;)V' in 'com/amazon/kcfpositionmapcreator/d/b' at 0x000000011d1cb838]
[5.538s][info][exceptions] 584 [Exception (): a 'com/amazon/kcfpositionmapcreator/e/b'{0x00000007149b9078} in {method} {0x00000001326f80b8} 'g' '(Lcom/amazon/kaf/c/s;)V' in 'com/amazon/kcfpositionmapcreator/d/b' at 0x000000011d1cb838]
[5.538s][info][exceptions] 585 [Exception (): a 'com/amazon/kcfpositionmapcreator/e/b'{0x00000007149bacd8} in {method} {0x00000001326f80b8} 'g' '(Lcom/amazon/kaf/c/s;)V' in 'com/amazon/kcfpositionmapcreator/d/b' at 0x000000011d1cb838]
[5.538s][info][exceptions] 586 [Exception (): a 'com/amazon/kcfpositionmapcreator/e/b'{0x00000007149bc938} in {method} {0x00000001326f80b8} 'g' '(Lcom/amazon/kaf/c/s;)V' in 'com/amazon/kcfpositionmapcreator/d/b' at 0x000000011d1cb838]
[5.538s][info][exceptions] 587 [Exception (): a 'com/amazon/kcfpositionmapcreator/e/b'{0x00000007149befd8} in {method} {0x00000001326f80b8} 'g' '(Lcom/amazon/kaf/c/s;)V' in 'com/amazon/kcfpositionmapcreator/d/b' at 0x000000011d1cb838]
[5.538s][info][exceptions] 588 [Exception (): a 'com/amazon/kcfpositionmapcreator/e/b'{0x00000007149c1b68} in {method} {0x00000001326f80b8} 'g' '(Lcom/amazon/kaf/c/s;)V' in 'com/amazon/kcfpositionmapcreator/d/b' at 0x000000011d1cb838]
[5.538s][info][exceptions] 589 [Exception (): a 'com/amazon/kcfpositionmapcreator/e/b'{0x00000007149c4db0} in {method} {0x00000001326f80b8} 'g' '(Lcom/amazon/kaf/c/s;)V' in 'com/amazon/kcfpositionmapcreator/d/b' at 0x000000011d1cb838]
[5.538s][info][exceptions] 590 [Exception (): a 'com/amazon/kcfpositionmapcreator/e/b'{0x00000007149c58b8} in {method} {0x00000001326f80b8} 'g' '(Lcom/amazon/kaf/c/s;)V' in 'com/amazon/kcfpositionmapcreator/d/b' at 0x000000011d1cb838]
[5.538s][info][exceptions] 591 [Exception (): a 'com/amazon/kcfpositionmapcreator/e/b'{0x00000007149c7518} in {method} {0x00000001326f80b8} 'g' '(Lcom/amazon/kaf/c/s;)V' in 'com/amazon/kcfpositionmapcreator/d/b' at 0x000000011d1cb838]
[5.538s][info][exceptions] 592 [Exception (): a 'com/amazon/kcfpositionmapcreator/e/b'{0x00000007149c9178} in {method} {0x00000001326f80b8} 'g' '(Lcom/amazon/kaf/c/s;)V' in 'com/amazon/kcfpositionmapcreator/d/b' at 0x000000011d1cb838]
[5.538s][info][exceptions] 593 [Exception (): a 'com/amazon/kcfpositionmapcreator/e/b'{0x00000007149cb818} in {method} {0x00000001326f80b8} 'g' '(Lcom/amazon/kaf/c/s;)V' in 'com/amazon/kcfpositionmapcreator/d/b' at 0x000000011d1cb838]
[5.538s][info][exceptions] 594 [Exception (): a 'com/amazon/kcfpositionmapcreator/e/b'{0x00000007149ce3a8} in {method} {0x00000001326f80b8} 'g' '(Lcom/amazon/kaf/c/s;)V' in 'com/amazon/kcfpositionmapcreator/d/b' at 0x000000011d1cb838]
[5.538s][info][exceptions] 595 [Exception (): a 'com/amazon/kcfpositionmapcreator/e/b'{0x00000007149d1100} in {method} {0x00000001326f80b8} 'g' '(Lcom/amazon/kaf/c/s;)V' in 'com/amazon/kcfpositionmapcreator/d/b' at 0x000000011d1cb838]
[5.539s][info][exceptions] 596 [Exception (): a 'com/amazon/kcfpositionmapcreator/e/b'{0x00000007149d1c08} in {method} {0x00000001326f80b8} 'g' '(Lcom/amazon/kaf/c/s;)V' in 'com/amazon/kcfpositionmapcreator/d/b' at 0x000000011d1cb838]
[5.539s][info][exceptions] 597 [Exception (): a 'com/amazon/kcfpositionmapcreator/e/b'{0x00000007149d3868} in {method} {0x00000001326f80b8} 'g' '(Lcom/amazon/kaf/c/s;)V' in 'com/amazon/kcfpositionmapcreator/d/b' at 0x000000011d1cb838]
[5.539s][info][exceptions] 598 [Exception (): a 'com/amazon/kcfpositionmapcreator/e/b'{0x00000007149d54c8} in {method} {0x00000001326f80b8} 'g' '(Lcom/amazon/kaf/c/s;)V' in 'com/amazon/kcfpositionmapcreator/d/b' at 0x000000011d1cb838]
[5.539s][info][exceptions] 599 [Exception (): a 'com/amazon/kcfpositionmapcreator/e/b'{0x00000007149d7b68} in {method} {0x00000001326f80b8} 'g' '(Lcom/amazon/kaf/c/s;)V' in 'com/amazon/kcfpositionmapcreator/d/b' at 0x000000011d1cb838]
[5.539s][info][exceptions] 600 [Exception (): a 'com/amazon/kcfpositionmapcreator/e/b'{0x00000007149da6f8} in {method} {0x00000001326f80b8} 'g' '(Lcom/amazon/kaf/c/s;)V' in 'com/amazon/kcfpositionmapcreator/d/b' at 0x000000011d1cb838]
[5.539s][info][exceptions] 601 [Exception (): a 'com/amazon/kcfpositionmapcreator/e/b'{0x00000007149dd940} in {method} {0x00000001326f80b8} 'g' '(Lcom/amazon/kaf/c/s;)V' in 'com/amazon/kcfpositionmapcreator/d/b' at 0x000000011d1cb838]
[5.539s][info][exceptions] 602 [Exception (): a 'com/amazon/kcfpositionmapcreator/e/b'{0x00000007149de448} in {method} {0x00000001326f80b8} 'g' '(Lcom/amazon/kaf/c/s;)V' in 'com/amazon/kcfpositionmapcreator/d/b' at 0x000000011d1cb838]
[5.539s][info][exceptions] 603 [Exception (): a 'com/amazon/kcfpositionmapcreator/e/b'{0x00000007149e00a8} in {method} {0x00000001326f80b8} 'g' '(Lcom/amazon/kaf/c/s;)V' in 'com/amazon/kcfpositionmapcreator/d/b' at 0x000000011d1cb838]
[5.539s][info][exceptions] 604 [Exception (): a 'com/amazon/kcfpositionmapcreator/e/b'{0x00000007149e1d08} in {method} {0x00000001326f80b8} 'g' '(Lcom/amazon/kaf/c/s;)V' in 'com/amazon/kcfpositionmapcreator/d/b' at 0x000000011d1cb838]
[5.539s][info][exceptions] 605 [Exception (): a 'com/amazon/kcfpositionmapcreator/e/b'{0x00000007149e43a8} in {method} {0x00000001326f80b8} 'g' '(Lcom/amazon/kaf/c/s;)V' in 'com/amazon/kcfpositionmapcreator/d/b' at 0x000000011d1cb838]
[5.539s][info][exceptions] 606 [Exception (): a 'com/amazon/kcfpositionmapcreator/e/b'{0x00000007149e6f38} in {method} {0x00000001326f80b8} 'g' '(Lcom/amazon/kaf/c/s;)V' in 'com/amazon/kcfpositionmapcreator/d/b' at 0x000000011d1cb838]
[5.539s][info][exceptions] 607 [Exception (): a 'com/amazon/kcfpositionmapcreator/e/b'{0x00000007149e9c90} in {method} {0x00000001326f80b8} 'g' '(Lcom/amazon/kaf/c/s;)V' in 'com/amazon/kcfpositionmapcreator/d/b' at 0x000000011d1cb838]
[5.540s][info][exceptions] 608 [Exception (): a 'com/amazon/kcfpositionmapcreator/e/b'{0x00000007149ea798} in {method} {0x00000001326f80b8} 'g' '(Lcom/amazon/kaf/c/s;)V' in 'com/amazon/kcfpositionmapcreator/d/b' at 0x000000011d1cb838]
[5.540s][info][exceptions] 609 [Exception (): a 'com/amazon/kcfpositionmapcreator/e/b'{0x00000007149ec3f8} in {method} {0x00000001326f80b8} 'g' '(Lcom/amazon/kaf/c/s;)V' in 'com/amazon/kcfpositionmapcreator/d/b' at 0x000000011d1cb838]
[5.540s][info][exceptions] 610 [Exception (): a 'com/amazon/kcfpositionmapcreator/e/b'{0x00000007149ee058} in {method} {0x00000001326f80b8} 'g' '(Lcom/amazon/kaf/c/s;)V' in 'com/amazon/kcfpositionmapcreator/d/b' at 0x000000011d1cb838]
[5.540s][info][exceptions] 611 [Exception (): a 'com/amazon/kcfpositionmapcreator/e/b'{0x00000007149f06f8} in {method} {0x00000001326f80b8} 'g' '(Lcom/amazon/kaf/c/s;)V' in 'com/amazon/kcfpositionmapcreator/d/b' at 0x000000011d1cb838]
[5.540s][info][exceptions] 612 [Exception (): a 'com/amazon/kcfpositionmapcreator/e/b'{0x00000007149f3288} in {method} {0x00000001326f80b8} 'g' '(Lcom/amazon/kaf/c/s;)V' in 'com/amazon/kcfpositionmapcreator/d/b' at 0x000000011d1cb838]
[5.541s][info][exceptions] 613 [Exception (): a 'com/amazon/kcfpositionmapcreator/e/b'{0x0000000714820458} in {method} {0x00000001326f80b8} 'g' '(Lcom/amazon/kaf/c/s;)V' in 'com/amazon/kcfpositionmapcreator/d/b' at 0x000000011d1cb838]
[5.541s][info][exceptions] 614 [Exception (): a 'com/amazon/kcfpositionmapcreator/e/b'{0x0000000714820ee0} in {method} {0x00000001326f80b8} 'g' '(Lcom/amazon/kaf/c/s;)V' in 'com/amazon/kcfpositionmapcreator/d/b' at 0x000000011d1cb838]
[5.541s][info][exceptions] 615 [Exception (): a 'com/amazon/kcfpositionmapcreator/e/b'{0x00000007148219f8} in {method} {0x00000001326f80b8} 'g' '(Lcom/amazon/kaf/c/s;)V' in 'com/amazon/kcfpositionmapcreator/d/b' at 0x000000011d1cb838]
[5.541s][info][exceptions] 616 [Exception (): a 'com/amazon/kcfpositionmapcreator/e/b'{0x0000000714822500} in {method} {0x00000001326f80b8} 'g' '(Lcom/amazon/kaf/c/s;)V' in 'com/amazon/kcfpositionmapcreator/d/b' at 0x000000011d1cb838]
[5.542s][info][exceptions] 617 [Exception (): a 'com/amazon/kcfpositionmapcreator/e/b'{0x0000000714825580} in {method} {0x00000001326f80b8} 'g' '(Lcom/amazon/kaf/c/s;)V' in 'com/amazon/kcfpositionmapcreator/d/b' at 0x000000011d1cb838]
[5.542s][info][exceptions] 618 [Exception (): a 'com/amazon/kcfpositionmapcreator/e/b'{0x0000000714828b08} in {method} {0x00000001326f80b8} 'g' '(Lcom/amazon/kaf/c/s;)V' in 'com/amazon/kcfpositionmapcreator/d/b' at 0x000000011d1cb838]
[5.542s][info][exceptions] 619 [Exception (): a 'com/amazon/kcfpositionmapcreator/e/b'{0x0000000714829620} in {method} {0x00000001326f80b8} 'g' '(Lcom/amazon/kaf/c/s;)V' in 'com/amazon/kcfpositionmapcreator/d/b' at 0x000000011d1cb838]
[5.542s][info][exceptions] 620 [Exception (): a 'com/amazon/kcfpositionmapcreator/e/b'{0x000000071482a128} in {method} {0x00000001326f80b8} 'g' '(Lcom/amazon/kaf/c/s;)V' in 'com/amazon/kcfpositionmapcreator/d/b' at 0x000000011d1cb838]
[5.542s][info][exceptions] 621 [Exception (): a 'com/amazon/kcfpositionmapcreator/e/b'{0x000000071482ccb8} in {method} {0x00000001326f80b8} 'g' '(Lcom/amazon/kaf/c/s;)V' in 'com/amazon/kcfpositionmapcreator/d/b' at 0x000000011d1cb838]
[5.542s][info][exceptions] 622 [Exception (): a 'com/amazon/kcfpositionmapcreator/e/b'{0x000000071483e730} in {method} {0x00000001326f80b8} 'g' '(Lcom/amazon/kaf/c/s;)V' in 'com/amazon/kcfpositionmapcreator/d/b' at 0x000000011d1cb838]
[5.542s][info][exceptions] 623 [Exception (): a 'com/amazon/kcfpositionmapcreator/e/b'{0x000000071483f238} in {method} {0x00000001326f80b8} 'g' '(Lcom/amazon/kaf/c/s;)V' in 'com/amazon/kcfpositionmapcreator/d/b' at 0x000000011d1cb838]
[5.543s][info][exceptions] 624 [Exception (): a 'com/amazon/kcfpositionmapcreator/e/b'{0x00000007148427a8} in {method} {0x00000001326f80b8} 'g' '(Lcom/amazon/kaf/c/s;)V' in 'com/amazon/kcfpositionmapcreator/d/b' at 0x000000011d1cb838]
[5.545s][info][exceptions] 625 [Exception (): a 'com/amazon/kcfpositionmapcreator/e/b'{0x0000000714883f58} in {method} {0x00000001326f80b8} 'g' '(Lcom/amazon/kaf/c/s;)V' in 'com/amazon/kcfpositionmapcreator/d/b' at 0x000000011d1cb838]
[5.545s][info][exceptions] 626 [Exception (): a 'com/amazon/kcfpositionmapcreator/e/b'{0x00000007148849e0} in {method} {0x00000001326f80b8} 'g' '(Lcom/amazon/kaf/c/s;)V' in 'com/amazon/kcfpositionmapcreator/d/b' at 0x000000011d1cb838]
[5.545s][info][exceptions] 627 [Exception (): a 'com/amazon/kcfpositionmapcreator/e/b'{0x00000007148856a8} in {method} {0x00000001326f80b8} 'g' '(Lcom/amazon/kaf/c/s;)V' in 'com/amazon/kcfpositionmapcreator/d/b' at 0x000000011d1cb838]
[5.545s][info][exceptions] 628 [Exception (): a 'com/amazon/kcfpositionmapcreator/e/b'{0x00000007148861b0} in {method} {0x00000001326f80b8} 'g' '(Lcom/amazon/kaf/c/s;)V' in 'com/amazon/kcfpositionmapcreator/d/b' at 0x000000011d1cb838]
[5.545s][info][exceptions] 629 [Exception (): a 'com/amazon/kcfpositionmapcreator/e/b'{0x0000000714887e10} in {method} {0x00000001326f80b8} 'g' '(Lcom/amazon/kaf/c/s;)V' in 'com/amazon/kcfpositionmapcreator/d/b' at 0x000000011d1cb838]
[5.545s][info][exceptions] 630 [Exception (): a 'com/amazon/kcfpositionmapcreator/e/b'{0x000000071488ae90} in {method} {0x00000001326f80b8} 'g' '(Lcom/amazon/kaf/c/s;)V' in 'com/amazon/kcfpositionmapcreator/d/b' at 0x000000011d1cb838]
[5.545s][info][exceptions] 631 [Exception (): a 'com/amazon/kcfpositionmapcreator/e/b'{0x00000007148904c0} in {method} {0x00000001326f80b8} 'g' '(Lcom/amazon/kaf/c/s;)V' in 'com/amazon/kcfpositionmapcreator/d/b' at 0x000000011d1cb838]
[5.545s][info][exceptions] 632 [Exception (): a 'com/amazon/kcfpositionmapcreator/e/b'{0x0000000714895af0} in {method} {0x00000001326f80b8} 'g' '(Lcom/amazon/kaf/c/s;)V' in 'com/amazon/kcfpositionmapcreator/d/b' at 0x000000011d1cb838]
[5.545s][info][exceptions] 633 [Exception (): a 'com/amazon/kcfpositionmapcreator/e/b'{0x0000000714899b18} in {method} {0x00000001326f80b8} 'g' '(Lcom/amazon/kaf/c/s;)V' in 'com/amazon/kcfpositionmapcreator/d/b' at 0x000000011d1cb838]
[5.545s][info][exceptions] 634 [Exception (): a 'com/amazon/kcfpositionmapcreator/e/b'{0x000000071489a7e0} in {method} {0x00000001326f80b8} 'g' '(Lcom/amazon/kaf/c/s;)V' in 'com/amazon/kcfpositionmapcreator/d/b' at 0x000000011d1cb838]
[5.546s][info][exceptions] 635 [Exception (): a 'com/amazon/kcfpositionmapcreator/e/b'{0x000000071489b2e8} in {method} {0x00000001326f80b8} 'g' '(Lcom/amazon/kaf/c/s;)V' in 'com/amazon/kcfpositionmapcreator/d/b' at 0x000000011d1cb838]
[5.546s][info][exceptions] 636 [Exception (): a 'com/amazon/kcfpositionmapcreator/e/b'{0x000000071489cf48} in {method} {0x00000001326f80b8} 'g' '(Lcom/amazon/kaf/c/s;)V' in 'com/amazon/kcfpositionmapcreator/d/b' at 0x000000011d1cb838]
[5.546s][info][exceptions] 637 [Exception (): a 'com/amazon/kcfpositionmapcreator/e/b'{0x00000007148a1798} in {method} {0x00000001326f80b8} 'g' '(Lcom/amazon/kaf/c/s;)V' in 'com/amazon/kcfpositionmapcreator/d/b' at 0x000000011d1cb838]
[5.546s][info][exceptions] 638 [Exception (): a 'com/amazon/kcfpositionmapcreator/e/b'{0x00000007148a4328} in {method} {0x00000001326f80b8} 'g' '(Lcom/amazon/kaf/c/s;)V' in 'com/amazon/kcfpositionmapcreator/d/b' at 0x000000011d1cb838]
[5.546s][info][exceptions] 639 [Exception (): a 'com/amazon/kcfpositionmapcreator/e/b'{0x00000007148a6eb8} in {method} {0x00000001326f80b8} 'g' '(Lcom/amazon/kaf/c/s;)V' in 'com/amazon/kcfpositionmapcreator/d/b' at 0x000000011d1cb838]
[5.546s][info][exceptions] 640 [Exception (): a 'com/amazon/kcfpositionmapcreator/e/b'{0x00000007148a8ce0} in {method} {0x00000001326f80b8} 'g' '(Lcom/amazon/kaf/c/s;)V' in 'com/amazon/kcfpositionmapcreator/d/b' at 0x000000011d1cb838]
[5.546s][info][exceptions] 641 [Exception (): a 'com/amazon/kcfpositionmapcreator/e/b'{0x00000007148a97e8} in {method} {0x00000001326f80b8} 'g' '(Lcom/amazon/kaf/c/s;)V' in 'com/amazon/kcfpositionmapcreator/d/b' at 0x000000011d1cb838]
[5.546s][info][exceptions] 642 [Exception (): a 'com/amazon/kcfpositionmapcreator/e/b'{0x00000007148ab448} in {method} {0x00000001326f80b8} 'g' '(Lcom/amazon/kaf/c/s;)V' in 'com/amazon/kcfpositionmapcreator/d/b' at 0x000000011d1cb838]
[5.546s][info][exceptions] 643 [Exception (): a 'com/amazon/kcfpositionmapcreator/e/b'{0x00000007148af2a8} in {method} {0x00000001326f80b8} 'g' '(Lcom/amazon/kaf/c/s;)V' in 'com/amazon/kcfpositionmapcreator/d/b' at 0x000000011d1cb838]
[5.547s][info][exceptions] 644 [Exception (): a 'com/amazon/kcfpositionmapcreator/e/b'{0x00000007148b1e38} in {method} {0x00000001326f80b8} 'g' '(Lcom/amazon/kaf/c/s;)V' in 'com/amazon/kcfpositionmapcreator/d/b' at 0x000000011d1cb838]
[5.547s][info][exceptions] 645 [Exception (): a 'com/amazon/kcfpositionmapcreator/e/b'{0x00000007148b49c8} in {method} {0x00000001326f80b8} 'g' '(Lcom/amazon/kaf/c/s;)V' in 'com/amazon/kcfpositionmapcreator/d/b' at 0x000000011d1cb838]
[5.547s][info][exceptions] 646 [Exception (): a 'com/amazon/kcfpositionmapcreator/e/b'{0x00000007148b67f0} in {method} {0x00000001326f80b8} 'g' '(Lcom/amazon/kaf/c/s;)V' in 'com/amazon/kcfpositionmapcreator/d/b' at 0x000000011d1cb838]
[5.547s][info][exceptions] 647 [Exception (): a 'com/amazon/kcfpositionmapcreator/e/b'{0x00000007148b72f8} in {method} {0x00000001326f80b8} 'g' '(Lcom/amazon/kaf/c/s;)V' in 'com/amazon/kcfpositionmapcreator/d/b' at 0x000000011d1cb838]
[5.547s][info][exceptions] 648 [Exception (): a 'com/amazon/kcfpositionmapcreator/e/b'{0x00000007148b8f58} in {method} {0x00000001326f80b8} 'g' '(Lcom/amazon/kaf/c/s;)V' in 'com/amazon/kcfpositionmapcreator/d/b' at 0x000000011d1cb838]
[5.547s][info][exceptions] 649 [Exception (): a 'com/amazon/kcfpositionmapcreator/e/b'{0x00000007148bcdb8} in {method} {0x00000001326f80b8} 'g' '(Lcom/amazon/kaf/c/s;)V' in 'com/amazon/kcfpositionmapcreator/d/b' at 0x000000011d1cb838]
[5.547s][info][exceptions] 650 [Exception (): a 'com/amazon/kcfpositionmapcreator/e/b'{0x00000007148bf948} in {method} {0x00000001326f80b8} 'g' '(Lcom/amazon/kaf/c/s;)V' in 'com/amazon/kcfpositionmapcreator/d/b' at 0x000000011d1cb838]
[5.547s][info][exceptions] 651 [Exception (): a 'com/amazon/kcfpositionmapcreator/e/b'{0x00000007148c24d8} in {method} {0x00000001326f80b8} 'g' '(Lcom/amazon/kaf/c/s;)V' in 'com/amazon/kcfpositionmapcreator/d/b' at 0x000000011d1cb838]
[5.547s][info][exceptions] 652 [Exception (): a 'com/amazon/kcfpositionmapcreator/e/b'{0x00000007148c4300} in {method} {0x00000001326f80b8} 'g' '(Lcom/amazon/kaf/c/s;)V' in 'com/amazon/kcfpositionmapcreator/d/b' at 0x000000011d1cb838]
[5.547s][info][exceptions] 653 [Exception (): a 'com/amazon/kcfpositionmapcreator/e/b'{0x00000007148c4e08} in {method} {0x00000001326f80b8} 'g' '(Lcom/amazon/kaf/c/s;)V' in 'com/amazon/kcfpositionmapcreator/d/b' at 0x000000011d1cb838]
[5.547s][info][exceptions] 654 [Exception (): a 'com/amazon/kcfpositionmapcreator/e/b'{0x00000007148c6a68} in {method} {0x00000001326f80b8} 'g' '(Lcom/amazon/kaf/c/s;)V' in 'com/amazon/kcfpositionmapcreator/d/b' at 0x000000011d1cb838]
[5.548s][info][exceptions] 655 [Exception (): a 'com/amazon/kcfpositionmapcreator/e/b'{0x00000007148cb2b8} in {method} {0x00000001326f80b8} 'g' '(Lcom/amazon/kaf/c/s;)V' in 'com/amazon/kcfpositionmapcreator/d/b' at 0x000000011d1cb838]
[5.548s][info][exceptions] 656 [Exception (): a 'com/amazon/kcfpositionmapcreator/e/b'{0x00000007148cde48} in {method} {0x00000001326f80b8} 'g' '(Lcom/amazon/kaf/c/s;)V' in 'com/amazon/kcfpositionmapcreator/d/b' at 0x000000011d1cb838]
[5.548s][info][exceptions] 657 [Exception (): a 'com/amazon/kcfpositionmapcreator/e/b'{0x00000007148d09d8} in {method} {0x00000001326f80b8} 'g' '(Lcom/amazon/kaf/c/s;)V' in 'com/amazon/kcfpositionmapcreator/d/b' at 0x000000011d1cb838]
[5.548s][info][exceptions] 658 [Exception (): a 'com/amazon/kcfpositionmapcreator/e/b'{0x00000007148d2800} in {method} {0x00000001326f80b8} 'g' '(Lcom/amazon/kaf/c/s;)V' in 'com/amazon/kcfpositionmapcreator/d/b' at 0x000000011d1cb838]
[5.548s][info][exceptions] 659 [Exception (): a 'com/amazon/kcfpositionmapcreator/e/b'{0x00000007148d3308} in {method} {0x00000001326f80b8} 'g' '(Lcom/amazon/kaf/c/s;)V' in 'com/amazon/kcfpositionmapcreator/d/b' at 0x000000011d1cb838]
[5.548s][info][exceptions] 660 [Exception (): a 'com/amazon/kcfpositionmapcreator/e/b'{0x00000007148d4f68} in {method} {0x00000001326f80b8} 'g' '(Lcom/amazon/kaf/c/s;)V' in 'com/amazon/kcfpositionmapcreator/d/b' at 0x000000011d1cb838]
[5.548s][info][exceptions] 661 [Exception (): a 'com/amazon/kcfpositionmapcreator/e/b'{0x00000007148d8dc8} in {method} {0x00000001326f80b8} 'g' '(Lcom/amazon/kaf/c/s;)V' in 'com/amazon/kcfpositionmapcreator/d/b' at 0x000000011d1cb838]
[5.548s][info][exceptions] 662 [Exception (): a 'com/amazon/kcfpositionmapcreator/e/b'{0x00000007148db958} in {method} {0x00000001326f80b8} 'g' '(Lcom/amazon/kaf/c/s;)V' in 'com/amazon/kcfpositionmapcreator/d/b' at 0x000000011d1cb838]
[5.548s][info][exceptions] 663 [Exception (): a 'com/amazon/kcfpositionmapcreator/e/b'{0x00000007148de4e8} in {method} {0x00000001326f80b8} 'g' '(Lcom/amazon/kaf/c/s;)V' in 'com/amazon/kcfpositionmapcreator/d/b' at 0x000000011d1cb838]
[5.549s][info][exceptions] 664 [Exception (): a 'com/amazon/kcfpositionmapcreator/e/b'{0x00000007148e0310} in {method} {0x00000001326f80b8} 'g' '(Lcom/amazon/kaf/c/s;)V' in 'com/amazon/kcfpositionmapcreator/d/b' at 0x000000011d1cb838]
[5.549s][info][exceptions] 665 [Exception (): a 'com/amazon/kcfpositionmapcreator/e/b'{0x00000007148e0e18} in {method} {0x00000001326f80b8} 'g' '(Lcom/amazon/kaf/c/s;)V' in 'com/amazon/kcfpositionmapcreator/d/b' at 0x000000011d1cb838]
[5.549s][info][exceptions] 666 [Exception (): a 'com/amazon/kcfpositionmapcreator/e/b'{0x00000007148e2a78} in {method} {0x00000001326f80b8} 'g' '(Lcom/amazon/kaf/c/s;)V' in 'com/amazon/kcfpositionmapcreator/d/b' at 0x000000011d1cb838]
[5.549s][info][exceptions] 667 [Exception (): a 'com/amazon/kcfpositionmapcreator/e/b'{0x00000007148e72c8} in {method} {0x00000001326f80b8} 'g' '(Lcom/amazon/kaf/c/s;)V' in 'com/amazon/kcfpositionmapcreator/d/b' at 0x000000011d1cb838]
[5.549s][info][exceptions] 668 [Exception (): a 'com/amazon/kcfpositionmapcreator/e/b'{0x00000007148e9e58} in {method} {0x00000001326f80b8} 'g' '(Lcom/amazon/kaf/c/s;)V' in 'com/amazon/kcfpositionmapcreator/d/b' at 0x000000011d1cb838]
[5.549s][info][exceptions] 669 [Exception (): a 'com/amazon/kcfpositionmapcreator/e/b'{0x00000007148ec9e8} in {method} {0x00000001326f80b8} 'g' '(Lcom/amazon/kaf/c/s;)V' in 'com/amazon/kcfpositionmapcreator/d/b' at 0x000000011d1cb838]
[5.549s][info][exceptions] 670 [Exception (): a 'com/amazon/kcfpositionmapcreator/e/b'{0x00000007148ee810} in {method} {0x00000001326f80b8} 'g' '(Lcom/amazon/kaf/c/s;)V' in 'com/amazon/kcfpositionmapcreator/d/b' at 0x000000011d1cb838]
[5.549s][info][exceptions] 671 [Exception (): a 'com/amazon/kcfpositionmapcreator/e/b'{0x00000007148ef318} in {method} {0x00000001326f80b8} 'g' '(Lcom/amazon/kaf/c/s;)V' in 'com/amazon/kcfpositionmapcreator/d/b' at 0x000000011d1cb838]
[5.549s][info][exceptions] 672 [Exception (): a 'com/amazon/kcfpositionmapcreator/e/b'{0x00000007148f0f78} in {method} {0x00000001326f80b8} 'g' '(Lcom/amazon/kaf/c/s;)V' in 'com/amazon/kcfpositionmapcreator/d/b' at 0x000000011d1cb838]
[5.549s][info][exceptions] 673 [Exception (): a 'com/amazon/kcfpositionmapcreator/e/b'{0x00000007148f57c8} in {method} {0x00000001326f80b8} 'g' '(Lcom/amazon/kaf/c/s;)V' in 'com/amazon/kcfpositionmapcreator/d/b' at 0x000000011d1cb838]
[5.550s][info][exceptions] 674 [Exception (): a 'com/amazon/kcfpositionmapcreator/e/b'{0x00000007148f8358} in {method} {0x00000001326f80b8} 'g' '(Lcom/amazon/kaf/c/s;)V' in 'com/amazon/kcfpositionmapcreator/d/b' at 0x000000011d1cb838]
[5.550s][info][exceptions] 675 [Exception (): a 'com/amazon/kcfpositionmapcreator/e/b'{0x00000007148faee8} in {method} {0x00000001326f80b8} 'g' '(Lcom/amazon/kaf/c/s;)V' in 'com/amazon/kcfpositionmapcreator/d/b' at 0x000000011d1cb838]
[5.550s][info][exceptions] 676 [Exception (): a 'com/amazon/kcfpositionmapcreator/e/b'{0x00000007148fcd10} in {method} {0x00000001326f80b8} 'g' '(Lcom/amazon/kaf/c/s;)V' in 'com/amazon/kcfpositionmapcreator/d/b' at 0x000000011d1cb838]
[5.550s][info][exceptions] 677 [Exception (): a 'com/amazon/kcfpositionmapcreator/e/b'{0x00000007148fd818} in {method} {0x00000001326f80b8} 'g' '(Lcom/amazon/kaf/c/s;)V' in 'com/amazon/kcfpositionmapcreator/d/b' at 0x000000011d1cb838]
[5.550s][info][exceptions] 678 [Exception (): a 'com/amazon/kcfpositionmapcreator/e/b'{0x00000007148ff478} in {method} {0x00000001326f80b8} 'g' '(Lcom/amazon/kaf/c/s;)V' in 'com/amazon/kcfpositionmapcreator/d/b' at 0x000000011d1cb838]
[5.550s][info][exceptions] 679 [Exception (): a 'com/amazon/kcfpositionmapcreator/e/b'{0x0000000714704170} in {method} {0x00000001326f80b8} 'g' '(Lcom/amazon/kaf/c/s;)V' in 'com/amazon/kcfpositionmapcreator/d/b' at 0x000000011d1cb838]
[5.550s][info][exceptions] 680 [Exception (): a 'com/amazon/kcfpositionmapcreator/e/b'{0x0000000714706d00} in {method} {0x00000001326f80b8} 'g' '(Lcom/amazon/kaf/c/s;)V' in 'com/amazon/kcfpositionmapcreator/d/b' at 0x000000011d1cb838]
[5.550s][info][exceptions] 681 [Exception (): a 'com/amazon/kcfpositionmapcreator/e/b'{0x0000000714709890} in {method} {0x00000001326f80b8} 'g' '(Lcom/amazon/kaf/c/s;)V' in 'com/amazon/kcfpositionmapcreator/d/b' at 0x000000011d1cb838]
[5.550s][info][exceptions] 682 [Exception (): a 'com/amazon/kcfpositionmapcreator/e/b'{0x000000071470b6b8} in {method} {0x00000001326f80b8} 'g' '(Lcom/amazon/kaf/c/s;)V' in 'com/amazon/kcfpositionmapcreator/d/b' at 0x000000011d1cb838]
[5.550s][info][exceptions] 683 [Exception (): a 'com/amazon/kcfpositionmapcreator/e/b'{0x000000071470c1c0} in {method} {0x00000001326f80b8} 'g' '(Lcom/amazon/kaf/c/s;)V' in 'com/amazon/kcfpositionmapcreator/d/b' at 0x000000011d1cb838]
[5.551s][info][exceptions] 684 [Exception (): a 'com/amazon/kcfpositionmapcreator/e/b'{0x000000071470de20} in {method} {0x00000001326f80b8} 'g' '(Lcom/amazon/kaf/c/s;)V' in 'com/amazon/kcfpositionmapcreator/d/b' at 0x000000011d1cb838]
[5.551s][info][exceptions] 685 [Exception (): a 'com/amazon/kcfpositionmapcreator/e/b'{0x0000000714711c80} in {method} {0x00000001326f80b8} 'g' '(Lcom/amazon/kaf/c/s;)V' in 'com/amazon/kcfpositionmapcreator/d/b' at 0x000000011d1cb838]
[5.551s][info][exceptions] 686 [Exception (): a 'com/amazon/kcfpositionmapcreator/e/b'{0x0000000714714810} in {method} {0x00000001326f80b8} 'g' '(Lcom/amazon/kaf/c/s;)V' in 'com/amazon/kcfpositionmapcreator/d/b' at 0x000000011d1cb838]
[5.551s][info][exceptions] 687 [Exception (): a 'com/amazon/kcfpositionmapcreator/e/b'{0x00000007147173a0} in {method} {0x00000001326f80b8} 'g' '(Lcom/amazon/kaf/c/s;)V' in 'com/amazon/kcfpositionmapcreator/d/b' at 0x000000011d1cb838]
[5.551s][info][exceptions] 688 [Exception (): a 'com/amazon/kcfpositionmapcreator/e/b'{0x00000007147191c8} in {method} {0x00000001326f80b8} 'g' '(Lcom/amazon/kaf/c/s;)V' in 'com/amazon/kcfpositionmapcreator/d/b' at 0x000000011d1cb838]
[5.551s][info][exceptions] 689 [Exception (): a 'com/amazon/kcfpositionmapcreator/e/b'{0x0000000714719cd0} in {method} {0x00000001326f80b8} 'g' '(Lcom/amazon/kaf/c/s;)V' in 'com/amazon/kcfpositionmapcreator/d/b' at 0x000000011d1cb838]
[5.551s][info][exceptions] 690 [Exception (): a 'com/amazon/kcfpositionmapcreator/e/b'{0x000000071471be80} in {method} {0x00000001326f80b8} 'g' '(Lcom/amazon/kaf/c/s;)V' in 'com/amazon/kcfpositionmapcreator/d/b' at 0x000000011d1cb838]
[5.551s][info][exceptions] 691 [Exception (): a 'com/amazon/kcfpositionmapcreator/e/b'{0x000000071471fce0} in {method} {0x00000001326f80b8} 'g' '(Lcom/amazon/kaf/c/s;)V' in 'com/amazon/kcfpositionmapcreator/d/b' at 0x000000011d1cb838]
[5.551s][info][exceptions] 692 [Exception (): a 'com/amazon/kcfpositionmapcreator/e/b'{0x0000000714722870} in {method} {0x00000001326f80b8} 'g' '(Lcom/amazon/kaf/c/s;)V' in 'com/amazon/kcfpositionmapcreator/d/b' at 0x000000011d1cb838]
[5.552s][info][exceptions] 693 [Exception (): a 'com/amazon/kcfpositionmapcreator/e/b'{0x0000000714725400} in {method} {0x00000001326f80b8} 'g' '(Lcom/amazon/kaf/c/s;)V' in 'com/amazon/kcfpositionmapcreator/d/b' at 0x000000011d1cb838]
[5.552s][info][exceptions] 694 [Exception (): a 'com/amazon/kcfpositionmapcreator/e/b'{0x0000000714727228} in {method} {0x00000001326f80b8} 'g' '(Lcom/amazon/kaf/c/s;)V' in 'com/amazon/kcfpositionmapcreator/d/b' at 0x000000011d1cb838]
[5.552s][info][exceptions] 695 [Exception (): a 'com/amazon/kcfpositionmapcreator/e/b'{0x0000000714727d30} in {method} {0x00000001326f80b8} 'g' '(Lcom/amazon/kaf/c/s;)V' in 'com/amazon/kcfpositionmapcreator/d/b' at 0x000000011d1cb838]
[5.552s][info][exceptions] 696 [Exception (): a 'com/amazon/kcfpositionmapcreator/e/b'{0x0000000714729ee0} in {method} {0x00000001326f80b8} 'g' '(Lcom/amazon/kaf/c/s;)V' in 'com/amazon/kcfpositionmapcreator/d/b' at 0x000000011d1cb838]
[5.552s][info][exceptions] 697 [Exception (): a 'com/amazon/kcfpositionmapcreator/e/b'{0x000000071472dd40} in {method} {0x00000001326f80b8} 'g' '(Lcom/amazon/kaf/c/s;)V' in 'com/amazon/kcfpositionmapcreator/d/b' at 0x000000011d1cb838]
[5.552s][info][exceptions] 698 [Exception (): a 'com/amazon/kcfpositionmapcreator/e/b'{0x00000007147308d0} in {method} {0x00000001326f80b8} 'g' '(Lcom/amazon/kaf/c/s;)V' in 'com/amazon/kcfpositionmapcreator/d/b' at 0x000000011d1cb838]
[5.552s][info][exceptions] 699 [Exception (): a 'com/amazon/kcfpositionmapcreator/e/b'{0x0000000714733460} in {method} {0x00000001326f80b8} 'g' '(Lcom/amazon/kaf/c/s;)V' in 'com/amazon/kcfpositionmapcreator/d/b' at 0x000000011d1cb838]
[5.554s][info][exceptions] 700 [Exception (): a 'com/amazon/kcfpositionmapcreator/e/b'{0x00000007147755f0} in {method} {0x00000001326f80b8} 'g' '(Lcom/amazon/kaf/c/s;)V' in 'com/amazon/kcfpositionmapcreator/d/b' at 0x000000011d1cb838]
[5.554s][info][exceptions] 701 [Exception (): a 'com/amazon/kcfpositionmapcreator/e/b'{0x0000000714776078} in {method} {0x00000001326f80b8} 'g' '(Lcom/amazon/kaf/c/s;)V' in 'com/amazon/kcfpositionmapcreator/d/b' at 0x000000011d1cb838]
[5.554s][info][exceptions] 702 [Exception (): a 'com/amazon/kcfpositionmapcreator/e/b'{0x0000000714776cb0} in {method} {0x00000001326f80b8} 'g' '(Lcom/amazon/kaf/c/s;)V' in 'com/amazon/kcfpositionmapcreator/d/b' at 0x000000011d1cb838]
[5.554s][info][exceptions] 703 [Exception (): a 'com/amazon/kcfpositionmapcreator/e/b'{0x00000007147777b8} in {method} {0x00000001326f80b8} 'g' '(Lcom/amazon/kaf/c/s;)V' in 'com/amazon/kcfpositionmapcreator/d/b' at 0x000000011d1cb838]
[5.554s][info][exceptions] 704 [Exception (): a 'com/amazon/kcfpositionmapcreator/e/b'{0x000000071477a348} in {method} {0x00000001326f80b8} 'g' '(Lcom/amazon/kaf/c/s;)V' in 'com/amazon/kcfpositionmapcreator/d/b' at 0x000000011d1cb838]
[5.554s][info][exceptions] 705 [Exception (): a 'com/amazon/kcfpositionmapcreator/e/b'{0x000000071477bfa8} in {method} {0x00000001326f80b8} 'g' '(Lcom/amazon/kaf/c/s;)V' in 'com/amazon/kcfpositionmapcreator/d/b' at 0x000000011d1cb838]
[5.554s][info][exceptions] 706 [Exception (): a 'com/amazon/kcfpositionmapcreator/e/b'{0x000000071477eb38} in {method} {0x00000001326f80b8} 'g' '(Lcom/amazon/kaf/c/s;)V' in 'com/amazon/kcfpositionmapcreator/d/b' at 0x000000011d1cb838]
[5.555s][info][exceptions] 707 [Exception (): a 'com/amazon/kcfpositionmapcreator/e/b'{0x00000007147820e0} in {method} {0x00000001326f80b8} 'g' '(Lcom/amazon/kaf/c/s;)V' in 'com/amazon/kcfpositionmapcreator/d/b' at 0x000000011d1cb838]
[5.555s][info][exceptions] 708 [Exception (): a 'com/amazon/kcfpositionmapcreator/e/b'{0x0000000714782d18} in {method} {0x00000001326f80b8} 'g' '(Lcom/amazon/kaf/c/s;)V' in 'com/amazon/kcfpositionmapcreator/d/b' at 0x000000011d1cb838]
[5.555s][info][exceptions] 709 [Exception (): a 'com/amazon/kcfpositionmapcreator/e/b'{0x0000000714783820} in {method} {0x00000001326f80b8} 'g' '(Lcom/amazon/kaf/c/s;)V' in 'com/amazon/kcfpositionmapcreator/d/b' at 0x000000011d1cb838]
[5.555s][info][exceptions] 710 [Exception (): a 'com/amazon/kcfpositionmapcreator/e/b'{0x0000000714785480} in {method} {0x00000001326f80b8} 'g' '(Lcom/amazon/kaf/c/s;)V' in 'com/amazon/kcfpositionmapcreator/d/b' at 0x000000011d1cb838]
[5.555s][info][exceptions] 711 [Exception (): a 'com/amazon/kcfpositionmapcreator/e/b'{0x0000000714788010} in {method} {0x00000001326f80b8} 'g' '(Lcom/amazon/kaf/c/s;)V' in 'com/amazon/kcfpositionmapcreator/d/b' at 0x000000011d1cb838]
[5.555s][info][exceptions] 712 [Exception (): a 'com/amazon/kcfpositionmapcreator/e/b'{0x000000071478aba0} in {method} {0x00000001326f80b8} 'g' '(Lcom/amazon/kaf/c/s;)V' in 'com/amazon/kcfpositionmapcreator/d/b' at 0x000000011d1cb838]
[5.555s][info][exceptions] 713 [Exception (): a 'com/amazon/kcfpositionmapcreator/e/b'{0x000000071478dd58} in {method} {0x00000001326f80b8} 'g' '(Lcom/amazon/kaf/c/s;)V' in 'com/amazon/kcfpositionmapcreator/d/b' at 0x000000011d1cb838]
[5.555s][info][exceptions] 714 [Exception (): a 'com/amazon/kcfpositionmapcreator/e/b'{0x000000071478e860} in {method} {0x00000001326f80b8} 'g' '(Lcom/amazon/kaf/c/s;)V' in 'com/amazon/kcfpositionmapcreator/d/b' at 0x000000011d1cb838]
[5.555s][info][exceptions] 715 [Exception (): a 'com/amazon/kcfpositionmapcreator/e/b'{0x00000007147904c0} in {method} {0x00000001326f80b8} 'g' '(Lcom/amazon/kaf/c/s;)V' in 'com/amazon/kcfpositionmapcreator/d/b' at 0x000000011d1cb838]
[5.555s][info][exceptions] 716 [Exception (): a 'com/amazon/kcfpositionmapcreator/e/b'{0x0000000714793050} in {method} {0x00000001326f80b8} 'g' '(Lcom/amazon/kaf/c/s;)V' in 'com/amazon/kcfpositionmapcreator/d/b' at 0x000000011d1cb838]
[5.555s][info][exceptions] 717 [Exception (): a 'com/amazon/kcfpositionmapcreator/e/b'{0x0000000714795be0} in {method} {0x00000001326f80b8} 'g' '(Lcom/amazon/kaf/c/s;)V' in 'com/amazon/kcfpositionmapcreator/d/b' at 0x000000011d1cb838]
[5.556s][info][exceptions] 718 [Exception (): a 'com/amazon/kcfpositionmapcreator/e/b'{0x0000000714798d98} in {method} {0x00000001326f80b8} 'g' '(Lcom/amazon/kaf/c/s;)V' in 'com/amazon/kcfpositionmapcreator/d/b' at 0x000000011d1cb838]
[5.556s][info][exceptions] 719 [Exception (): a 'com/amazon/kcfpositionmapcreator/e/b'{0x00000007147998a0} in {method} {0x00000001326f80b8} 'g' '(Lcom/amazon/kaf/c/s;)V' in 'com/amazon/kcfpositionmapcreator/d/b' at 0x000000011d1cb838]
[5.556s][info][exceptions] 720 [Exception (): a 'com/amazon/kcfpositionmapcreator/e/b'{0x000000071479b500} in {method} {0x00000001326f80b8} 'g' '(Lcom/amazon/kaf/c/s;)V' in 'com/amazon/kcfpositionmapcreator/d/b' at 0x000000011d1cb838]
[5.556s][info][exceptions] 721 [Exception (): a 'com/amazon/kcfpositionmapcreator/e/b'{0x000000071479e090} in {method} {0x00000001326f80b8} 'g' '(Lcom/amazon/kaf/c/s;)V' in 'com/amazon/kcfpositionmapcreator/d/b' at 0x000000011d1cb838]
[5.556s][info][exceptions] 722 [Exception (): a 'com/amazon/kcfpositionmapcreator/e/b'{0x00000007147a0c20} in {method} {0x00000001326f80b8} 'g' '(Lcom/amazon/kaf/c/s;)V' in 'com/amazon/kcfpositionmapcreator/d/b' at 0x000000011d1cb838]
[5.556s][info][exceptions] 723 [Exception (): a 'com/amazon/kcfpositionmapcreator/e/b'{0x00000007147a3dd8} in {method} {0x00000001326f80b8} 'g' '(Lcom/amazon/kaf/c/s;)V' in 'com/amazon/kcfpositionmapcreator/d/b' at 0x000000011d1cb838]
[5.556s][info][exceptions] 724 [Exception (): a 'com/amazon/kcfpositionmapcreator/e/b'{0x00000007147a48e0} in {method} {0x00000001326f80b8} 'g' '(Lcom/amazon/kaf/c/s;)V' in 'com/amazon/kcfpositionmapcreator/d/b' at 0x000000011d1cb838]
[5.556s][info][exceptions] 725 [Exception (): a 'com/amazon/kcfpositionmapcreator/e/b'{0x00000007147a6540} in {method} {0x00000001326f80b8} 'g' '(Lcom/amazon/kaf/c/s;)V' in 'com/amazon/kcfpositionmapcreator/d/b' at 0x000000011d1cb838]
[5.556s][info][exceptions] 726 [Exception (): a 'com/amazon/kcfpositionmapcreator/e/b'{0x00000007147a90d0} in {method} {0x00000001326f80b8} 'g' '(Lcom/amazon/kaf/c/s;)V' in 'com/amazon/kcfpositionmapcreator/d/b' at 0x000000011d1cb838]
[5.556s][info][exceptions] 727 [Exception (): a 'com/amazon/kcfpositionmapcreator/e/b'{0x00000007147abc60} in {method} {0x00000001326f80b8} 'g' '(Lcom/amazon/kaf/c/s;)V' in 'com/amazon/kcfpositionmapcreator/d/b' at 0x000000011d1cb838]
[5.556s][info][exceptions] 728 [Exception (): a 'com/amazon/kcfpositionmapcreator/e/b'{0x00000007147aee18} in {method} {0x00000001326f80b8} 'g' '(Lcom/amazon/kaf/c/s;)V' in 'com/amazon/kcfpositionmapcreator/d/b' at 0x000000011d1cb838]
[5.556s][info][exceptions] 729 [Exception (): a 'com/amazon/kcfpositionmapcreator/e/b'{0x00000007147af920} in {method} {0x00000001326f80b8} 'g' '(Lcom/amazon/kaf/c/s;)V' in 'com/amazon/kcfpositionmapcreator/d/b' at 0x000000011d1cb838]
[5.557s][info][exceptions] 730 [Exception (): a 'com/amazon/kcfpositionmapcreator/e/b'{0x00000007147b1580} in {method} {0x00000001326f80b8} 'g' '(Lcom/amazon/kaf/c/s;)V' in 'com/amazon/kcfpositionmapcreator/d/b' at 0x000000011d1cb838]
[5.557s][info][exceptions] 731 [Exception (): a 'com/amazon/kcfpositionmapcreator/e/b'{0x00000007147b4110} in {method} {0x00000001326f80b8} 'g' '(Lcom/amazon/kaf/c/s;)V' in 'com/amazon/kcfpositionmapcreator/d/b' at 0x000000011d1cb838]
[5.557s][info][exceptions] 732 [Exception (): a 'com/amazon/kcfpositionmapcreator/e/b'{0x00000007147b6ca0} in {method} {0x00000001326f80b8} 'g' '(Lcom/amazon/kaf/c/s;)V' in 'com/amazon/kcfpositionmapcreator/d/b' at 0x000000011d1cb838]
[5.557s][info][exceptions] 733 [Exception (): a 'com/amazon/kcfpositionmapcreator/e/b'{0x00000007147b9e58} in {method} {0x00000001326f80b8} 'g' '(Lcom/amazon/kaf/c/s;)V' in 'com/amazon/kcfpositionmapcreator/d/b' at 0x000000011d1cb838]
[5.557s][info][exceptions] 734 [Exception (): a 'com/amazon/kcfpositionmapcreator/e/b'{0x00000007147ba960} in {method} {0x00000001326f80b8} 'g' '(Lcom/amazon/kaf/c/s;)V' in 'com/amazon/kcfpositionmapcreator/d/b' at 0x000000011d1cb838]
[5.557s][info][exceptions] 735 [Exception (): a 'com/amazon/kcfpositionmapcreator/e/b'{0x00000007147bc5c0} in {method} {0x00000001326f80b8} 'g' '(Lcom/amazon/kaf/c/s;)V' in 'com/amazon/kcfpositionmapcreator/d/b' at 0x000000011d1cb838]
[5.557s][info][exceptions] 736 [Exception (): a 'com/amazon/kcfpositionmapcreator/e/b'{0x00000007147bf150} in {method} {0x00000001326f80b8} 'g' '(Lcom/amazon/kaf/c/s;)V' in 'com/amazon/kcfpositionmapcreator/d/b' at 0x000000011d1cb838]
[5.557s][info][exceptions] 737 [Exception (): a 'com/amazon/kcfpositionmapcreator/e/b'{0x00000007147c1ce0} in {method} {0x00000001326f80b8} 'g' '(Lcom/amazon/kaf/c/s;)V' in 'com/amazon/kcfpositionmapcreator/d/b' at 0x000000011d1cb838]
[5.557s][info][exceptions] 738 [Exception (): a 'com/amazon/kcfpositionmapcreator/e/b'{0x00000007147c4e98} in {method} {0x00000001326f80b8} 'g' '(Lcom/amazon/kaf/c/s;)V' in 'com/amazon/kcfpositionmapcreator/d/b' at 0x000000011d1cb838]
[5.557s][info][exceptions] 739 [Exception (): a 'com/amazon/kcfpositionmapcreator/e/b'{0x00000007147c59a0} in {method} {0x00000001326f80b8} 'g' '(Lcom/amazon/kaf/c/s;)V' in 'com/amazon/kcfpositionmapcreator/d/b' at 0x000000011d1cb838]
[5.557s][info][exceptions] 740 [Exception (): a 'com/amazon/kcfpositionmapcreator/e/b'{0x00000007147c7600} in {method} {0x00000001326f80b8} 'g' '(Lcom/amazon/kaf/c/s;)V' in 'com/amazon/kcfpositionmapcreator/d/b' at 0x000000011d1cb838]
[5.558s][info][exceptions] 741 [Exception (): a 'com/amazon/kcfpositionmapcreator/e/b'{0x00000007147ca190} in {method} {0x00000001326f80b8} 'g' '(Lcom/amazon/kaf/c/s;)V' in 'com/amazon/kcfpositionmapcreator/d/b' at 0x000000011d1cb838]
[5.558s][info][exceptions] 742 [Exception (): a 'com/amazon/kcfpositionmapcreator/e/b'{0x00000007147ccd20} in {method} {0x00000001326f80b8} 'g' '(Lcom/amazon/kaf/c/s;)V' in 'com/amazon/kcfpositionmapcreator/d/b' at 0x000000011d1cb838]
[5.558s][info][exceptions] 743 [Exception (): a 'com/amazon/kcfpositionmapcreator/e/b'{0x00000007147d98f0} in {method} {0x00000001326f80b8} 'g' '(Lcom/amazon/kaf/c/s;)V' in 'com/amazon/kcfpositionmapcreator/d/b' at 0x000000011d1cb838]
[5.558s][info][exceptions] 744 [Exception (): a 'com/amazon/kcfpositionmapcreator/e/b'{0x00000007147da378} in {method} {0x00000001326f80b8} 'g' '(Lcom/amazon/kaf/c/s;)V' in 'com/amazon/kcfpositionmapcreator/d/b' at 0x000000011d1cb838]
[5.558s][info][exceptions] 745 [Exception (): a 'com/amazon/kcfpositionmapcreator/e/b'{0x00000007147dafb0} in {method} {0x00000001326f80b8} 'g' '(Lcom/amazon/kaf/c/s;)V' in 'com/amazon/kcfpositionmapcreator/d/b' at 0x000000011d1cb838]
[5.558s][info][exceptions] 746 [Exception (): a 'com/amazon/kcfpositionmapcreator/e/b'{0x00000007147dbab8} in {method} {0x00000001326f80b8} 'g' '(Lcom/amazon/kaf/c/s;)V' in 'com/amazon/kcfpositionmapcreator/d/b' at 0x000000011d1cb838]
[5.558s][info][exceptions] 747 [Exception (): a 'com/amazon/kcfpositionmapcreator/e/b'{0x00000007147de648} in {method} {0x00000001326f80b8} 'g' '(Lcom/amazon/kaf/c/s;)V' in 'com/amazon/kcfpositionmapcreator/d/b' at 0x000000011d1cb838]
[5.558s][info][exceptions] 748 [Exception (): a 'com/amazon/kcfpositionmapcreator/e/b'{0x00000007147e02a8} in {method} {0x00000001326f80b8} 'g' '(Lcom/amazon/kaf/c/s;)V' in 'com/amazon/kcfpositionmapcreator/d/b' at 0x000000011d1cb838]
[5.559s][info][exceptions] 749 [Exception (): a 'com/amazon/kcfpositionmapcreator/e/b'{0x00000007147e2e38} in {method} {0x00000001326f80b8} 'g' '(Lcom/amazon/kaf/c/s;)V' in 'com/amazon/kcfpositionmapcreator/d/b' at 0x000000011d1cb838]
[5.559s][info][exceptions] 750 [Exception (): a 'com/amazon/kcfpositionmapcreator/e/b'{0x00000007147e61a0} in {method} {0x00000001326f80b8} 'g' '(Lcom/amazon/kaf/c/s;)V' in 'com/amazon/kcfpositionmapcreator/d/b' at 0x000000011d1cb838]
[5.559s][info][exceptions] 751 [Exception (): a 'com/amazon/kcfpositionmapcreator/e/b'{0x00000007147e6dd8} in {method} {0x00000001326f80b8} 'g' '(Lcom/amazon/kaf/c/s;)V' in 'com/amazon/kcfpositionmapcreator/d/b' at 0x000000011d1cb838]
[5.559s][info][exceptions] 752 [Exception (): a 'com/amazon/kcfpositionmapcreator/e/b'{0x00000007147e78e0} in {method} {0x00000001326f80b8} 'g' '(Lcom/amazon/kaf/c/s;)V' in 'com/amazon/kcfpositionmapcreator/d/b' at 0x000000011d1cb838]
[5.559s][info][exceptions] 753 [Exception (): a 'com/amazon/kcfpositionmapcreator/e/b'{0x00000007147e9540} in {method} {0x00000001326f80b8} 'g' '(Lcom/amazon/kaf/c/s;)V' in 'com/amazon/kcfpositionmapcreator/d/b' at 0x000000011d1cb838]
[5.559s][info][exceptions] 754 [Exception (): a 'com/amazon/kcfpositionmapcreator/e/b'{0x00000007147ec0d0} in {method} {0x00000001326f80b8} 'g' '(Lcom/amazon/kaf/c/s;)V' in 'com/amazon/kcfpositionmapcreator/d/b' at 0x000000011d1cb838]
[5.559s][info][exceptions] 755 [Exception (): a 'com/amazon/kcfpositionmapcreator/e/b'{0x00000007147eec60} in {method} {0x00000001326f80b8} 'g' '(Lcom/amazon/kaf/c/s;)V' in 'com/amazon/kcfpositionmapcreator/d/b' at 0x000000011d1cb838]
[5.559s][info][exceptions] 756 [Exception (): a 'com/amazon/kcfpositionmapcreator/e/b'{0x00000007147f1e18} in {method} {0x00000001326f80b8} 'g' '(Lcom/amazon/kaf/c/s;)V' in 'com/amazon/kcfpositionmapcreator/d/b' at 0x000000011d1cb838]
[5.559s][info][exceptions] 757 [Exception (): a 'com/amazon/kcfpositionmapcreator/e/b'{0x00000007147f2920} in {method} {0x00000001326f80b8} 'g' '(Lcom/amazon/kaf/c/s;)V' in 'com/amazon/kcfpositionmapcreator/d/b' at 0x000000011d1cb838]
[5.559s][info][exceptions] 758 [Exception (): a 'com/amazon/kcfpositionmapcreator/e/b'{0x00000007147f4580} in {method} {0x00000001326f80b8} 'g' '(Lcom/amazon/kaf/c/s;)V' in 'com/amazon/kcfpositionmapcreator/d/b' at 0x000000011d1cb838]
[5.559s][info][exceptions] 759 [Exception (): a 'com/amazon/kcfpositionmapcreator/e/b'{0x00000007147f7110} in {method} {0x00000001326f80b8} 'g' '(Lcom/amazon/kaf/c/s;)V' in 'com/amazon/kcfpositionmapcreator/d/b' at 0x000000011d1cb838]
[5.560s][info][exceptions] 760 [Exception (): a 'com/amazon/kcfpositionmapcreator/e/b'{0x00000007147f9ca0} in {method} {0x00000001326f80b8} 'g' '(Lcom/amazon/kaf/c/s;)V' in 'com/amazon/kcfpositionmapcreator/d/b' at 0x000000011d1cb838]
[5.560s][info][exceptions] 761 [Exception (): a 'com/amazon/kcfpositionmapcreator/e/b'{0x00000007147fc968} in {method} {0x00000001326f80b8} 'g' '(Lcom/amazon/kaf/c/s;)V' in 'com/amazon/kcfpositionmapcreator/d/b' at 0x000000011d1cb838]
[5.560s][info][exceptions] 762 [Exception (): a 'com/amazon/kcfpositionmapcreator/e/b'{0x00000007147fd470} in {method} {0x00000001326f80b8} 'g' '(Lcom/amazon/kaf/c/s;)V' in 'com/amazon/kcfpositionmapcreator/d/b' at 0x000000011d1cb838]
[5.560s][info][exceptions] 763 [Exception (): a 'com/amazon/kcfpositionmapcreator/e/b'{0x00000007147ff0d0} in {method} {0x00000001326f80b8} 'g' '(Lcom/amazon/kaf/c/s;)V' in 'com/amazon/kcfpositionmapcreator/d/b' at 0x000000011d1cb838]
[5.560s][info][exceptions] 764 [Exception (): a 'com/amazon/kcfpositionmapcreator/e/b'{0x00000007146020f8} in {method} {0x00000001326f80b8} 'g' '(Lcom/amazon/kaf/c/s;)V' in 'com/amazon/kcfpositionmapcreator/d/b' at 0x000000011d1cb838]
[5.560s][info][exceptions] 765 [Exception (): a 'com/amazon/kcfpositionmapcreator/e/b'{0x0000000714604c88} in {method} {0x00000001326f80b8} 'g' '(Lcom/amazon/kaf/c/s;)V' in 'com/amazon/kcfpositionmapcreator/d/b' at 0x000000011d1cb838]
[5.560s][info][exceptions] 766 [Exception (): a 'com/amazon/kcfpositionmapcreator/e/b'{0x0000000714607e40} in {method} {0x00000001326f80b8} 'g' '(Lcom/amazon/kaf/c/s;)V' in 'com/amazon/kcfpositionmapcreator/d/b' at 0x000000011d1cb838]
[5.560s][info][exceptions] 767 [Exception (): a 'com/amazon/kcfpositionmapcreator/e/b'{0x0000000714608948} in {method} {0x00000001326f80b8} 'g' '(Lcom/amazon/kaf/c/s;)V' in 'com/amazon/kcfpositionmapcreator/d/b' at 0x000000011d1cb838]
[5.560s][info][exceptions] 768 [Exception (): a 'com/amazon/kcfpositionmapcreator/e/b'{0x000000071460a5a8} in {method} {0x00000001326f80b8} 'g' '(Lcom/amazon/kaf/c/s;)V' in 'com/amazon/kcfpositionmapcreator/d/b' at 0x000000011d1cb838]
[5.560s][info][exceptions] 769 [Exception (): a 'com/amazon/kcfpositionmapcreator/e/b'{0x000000071460d138} in {method} {0x00000001326f80b8} 'g' '(Lcom/amazon/kaf/c/s;)V' in 'com/amazon/kcfpositionmapcreator/d/b' at 0x000000011d1cb838]
[5.561s][info][exceptions] 770 [Exception (): a 'com/amazon/kcfpositionmapcreator/e/b'{0x000000071460fcc8} in {method} {0x00000001326f80b8} 'g' '(Lcom/amazon/kaf/c/s;)V' in 'com/amazon/kcfpositionmapcreator/d/b' at 0x000000011d1cb838]
[5.561s][info][exceptions] 771 [Exception (): a 'com/amazon/kcfpositionmapcreator/e/b'{0x0000000714612990} in {method} {0x00000001326f80b8} 'g' '(Lcom/amazon/kaf/c/s;)V' in 'com/amazon/kcfpositionmapcreator/d/b' at 0x000000011d1cb838]
[5.561s][info][exceptions] 772 [Exception (): a 'com/amazon/kcfpositionmapcreator/e/b'{0x0000000714613498} in {method} {0x00000001326f80b8} 'g' '(Lcom/amazon/kaf/c/s;)V' in 'com/amazon/kcfpositionmapcreator/d/b' at 0x000000011d1cb838]
[5.561s][info][exceptions] 773 [Exception (): a 'com/amazon/kcfpositionmapcreator/e/b'{0x00000007146150f8} in {method} {0x00000001326f80b8} 'g' '(Lcom/amazon/kaf/c/s;)V' in 'com/amazon/kcfpositionmapcreator/d/b' at 0x000000011d1cb838]
[5.561s][info][exceptions] 774 [Exception (): a 'com/amazon/kcfpositionmapcreator/e/b'{0x0000000714617c88} in {method} {0x00000001326f80b8} 'g' '(Lcom/amazon/kaf/c/s;)V' in 'com/amazon/kcfpositionmapcreator/d/b' at 0x000000011d1cb838]
[5.561s][info][exceptions] 775 [Exception (): a 'com/amazon/kcfpositionmapcreator/e/b'{0x000000071461a818} in {method} {0x00000001326f80b8} 'g' '(Lcom/amazon/kaf/c/s;)V' in 'com/amazon/kcfpositionmapcreator/d/b' at 0x000000011d1cb838]
[5.561s][info][exceptions] 776 [Exception (): a 'com/amazon/kcfpositionmapcreator/e/b'{0x000000071461d9d0} in {method} {0x00000001326f80b8} 'g' '(Lcom/amazon/kaf/c/s;)V' in 'com/amazon/kcfpositionmapcreator/d/b' at 0x000000011d1cb838]
[5.561s][info][exceptions] 777 [Exception (): a 'com/amazon/kcfpositionmapcreator/e/b'{0x000000071461e4d8} in {method} {0x00000001326f80b8} 'g' '(Lcom/amazon/kaf/c/s;)V' in 'com/amazon/kcfpositionmapcreator/d/b' at 0x000000011d1cb838]
[5.561s][info][exceptions] 778 [Exception (): a 'com/amazon/kcfpositionmapcreator/e/b'{0x0000000714620138} in {method} {0x00000001326f80b8} 'g' '(Lcom/amazon/kaf/c/s;)V' in 'com/amazon/kcfpositionmapcreator/d/b' at 0x000000011d1cb838]
[5.561s][info][exceptions] 779 [Exception (): a 'com/amazon/kcfpositionmapcreator/e/b'{0x0000000714622cc8} in {method} {0x00000001326f80b8} 'g' '(Lcom/amazon/kaf/c/s;)V' in 'com/amazon/kcfpositionmapcreator/d/b' at 0x000000011d1cb838]
[5.562s][info][exceptions] 780 [Exception (): a 'com/amazon/kcfpositionmapcreator/e/b'{0x0000000714625858} in {method} {0x00000001326f80b8} 'g' '(Lcom/amazon/kaf/c/s;)V' in 'com/amazon/kcfpositionmapcreator/d/b' at 0x000000011d1cb838]
[5.562s][info][exceptions] 781 [Exception (): a 'com/amazon/kcfpositionmapcreator/e/b'{0x0000000714628520} in {method} {0x00000001326f80b8} 'g' '(Lcom/amazon/kaf/c/s;)V' in 'com/amazon/kcfpositionmapcreator/d/b' at 0x000000011d1cb838]
[5.562s][info][exceptions] 782 [Exception (): a 'com/amazon/kcfpositionmapcreator/e/b'{0x0000000714629028} in {method} {0x00000001326f80b8} 'g' '(Lcom/amazon/kaf/c/s;)V' in 'com/amazon/kcfpositionmapcreator/d/b' at 0x000000011d1cb838]
[5.562s][info][exceptions] 783 [Exception (): a 'com/amazon/kcfpositionmapcreator/e/b'{0x000000071462ac88} in {method} {0x00000001326f80b8} 'g' '(Lcom/amazon/kaf/c/s;)V' in 'com/amazon/kcfpositionmapcreator/d/b' at 0x000000011d1cb838]
[5.562s][info][exceptions] 784 [Exception (): a 'com/amazon/kcfpositionmapcreator/e/b'{0x000000071462d818} in {method} {0x00000001326f80b8} 'g' '(Lcom/amazon/kaf/c/s;)V' in 'com/amazon/kcfpositionmapcreator/d/b' at 0x000000011d1cb838]
[5.562s][info][exceptions] 785 [Exception (): a 'com/amazon/kcfpositionmapcreator/e/b'{0x00000007146303a8} in {method} {0x00000001326f80b8} 'g' '(Lcom/amazon/kaf/c/s;)V' in 'com/amazon/kcfpositionmapcreator/d/b' at 0x000000011d1cb838]
[5.563s][info][exceptions] 786 [Exception (): a 'com/amazon/kcfpositionmapcreator/e/b'{0x0000000714649d88} in {method} {0x00000001326f80b8} 'g' '(Lcom/amazon/kaf/c/s;)V' in 'com/amazon/kcfpositionmapcreator/d/b' at 0x000000011d1cb838]
[5.563s][info][exceptions] 787 [Exception (): a 'com/amazon/kcfpositionmapcreator/e/b'{0x000000071464a810} in {method} {0x00000001326f80b8} 'g' '(Lcom/amazon/kaf/c/s;)V' in 'com/amazon/kcfpositionmapcreator/d/b' at 0x000000011d1cb838]
[5.563s][info][exceptions] 788 [Exception (): a 'com/amazon/kcfpositionmapcreator/e/b'{0x000000071464b4d8} in {method} {0x00000001326f80b8} 'g' '(Lcom/amazon/kaf/c/s;)V' in 'com/amazon/kcfpositionmapcreator/d/b' at 0x000000011d1cb838]
[5.563s][info][exceptions] 789 [Exception (): a 'com/amazon/kcfpositionmapcreator/e/b'{0x000000071464bfe0} in {method} {0x00000001326f80b8} 'g' '(Lcom/amazon/kaf/c/s;)V' in 'com/amazon/kcfpositionmapcreator/d/b' at 0x000000011d1cb838]
[5.563s][info][exceptions] 790 [Exception (): a 'com/amazon/kcfpositionmapcreator/e/b'{0x000000071464dc40} in {method} {0x00000001326f80b8} 'g' '(Lcom/amazon/kaf/c/s;)V' in 'com/amazon/kcfpositionmapcreator/d/b' at 0x000000011d1cb838]
[5.563s][info][exceptions] 791 [Exception (): a 'com/amazon/kcfpositionmapcreator/e/b'{0x000000071464f8a0} in {method} {0x00000001326f80b8} 'g' '(Lcom/amazon/kaf/c/s;)V' in 'com/amazon/kcfpositionmapcreator/d/b' at 0x000000011d1cb838]
[5.563s][info][exceptions] 792 [Exception (): a 'com/amazon/kcfpositionmapcreator/e/b'{0x0000000714658258} in {method} {0x00000001326f80b8} 'g' '(Lcom/amazon/kaf/c/s;)V' in 'com/amazon/kcfpositionmapcreator/d/b' at 0x000000011d1cb838]
[5.564s][info][exceptions] 793 [Exception (): a 'com/amazon/kcfpositionmapcreator/e/b'{0x000000071466bc10} in {method} {0x00000001326f80b8} 'g' '(Lcom/amazon/kaf/c/s;)V' in 'com/amazon/kcfpositionmapcreator/d/b' at 0x000000011d1cb838]
[5.564s][info][exceptions] 794 [Exception (): a 'com/amazon/kcfpositionmapcreator/e/b'{0x000000071466fa78} in {method} {0x00000001326f80b8} 'g' '(Lcom/amazon/kaf/c/s;)V' in 'com/amazon/kcfpositionmapcreator/d/b' at 0x000000011d1cb838]
[5.564s][info][exceptions] 795 [Exception (): a 'com/amazon/kcfpositionmapcreator/e/b'{0x0000000714670740} in {method} {0x00000001326f80b8} 'g' '(Lcom/amazon/kaf/c/s;)V' in 'com/amazon/kcfpositionmapcreator/d/b' at 0x000000011d1cb838]
[5.564s][info][exceptions] 796 [Exception (): a 'com/amazon/kcfpositionmapcreator/e/b'{0x0000000714671248} in {method} {0x00000001326f80b8} 'g' '(Lcom/amazon/kaf/c/s;)V' in 'com/amazon/kcfpositionmapcreator/d/b' at 0x000000011d1cb838]
[5.564s][info][exceptions] 797 [Exception (): a 'com/amazon/kcfpositionmapcreator/e/b'{0x0000000714672ea8} in {method} {0x00000001326f80b8} 'g' '(Lcom/amazon/kaf/c/s;)V' in 'com/amazon/kcfpositionmapcreator/d/b' at 0x000000011d1cb838]
[5.564s][info][exceptions] 798 [Exception (): a 'com/amazon/kcfpositionmapcreator/e/b'{0x0000000714675548} in {method} {0x00000001326f80b8} 'g' '(Lcom/amazon/kaf/c/s;)V' in 'com/amazon/kcfpositionmapcreator/d/b' at 0x000000011d1cb838]
[5.565s][info][exceptions] 799 [Exception (): a 'com/amazon/kcfpositionmapcreator/e/b'{0x00000007146780d8} in {method} {0x00000001326f80b8} 'g' '(Lcom/amazon/kaf/c/s;)V' in 'com/amazon/kcfpositionmapcreator/d/b' at 0x000000011d1cb838]
[5.565s][info][exceptions] 800 [Exception (): a 'com/amazon/kcfpositionmapcreator/e/b'{0x000000071467ac68} in {method} {0x00000001326f80b8} 'g' '(Lcom/amazon/kaf/c/s;)V' in 'com/amazon/kcfpositionmapcreator/d/b' at 0x000000011d1cb838]
[5.565s][info][exceptions] 801 [Exception (): a 'com/amazon/kcfpositionmapcreator/e/b'{0x000000071467d4d0} in {method} {0x00000001326f80b8} 'g' '(Lcom/amazon/kaf/c/s;)V' in 'com/amazon/kcfpositionmapcreator/d/b' at 0x000000011d1cb838]
[5.565s][info][exceptions] 802 [Exception (): a 'com/amazon/kcfpositionmapcreator/e/b'{0x000000071467dfd8} in {method} {0x00000001326f80b8} 'g' '(Lcom/amazon/kaf/c/s;)V' in 'com/amazon/kcfpositionmapcreator/d/b' at 0x000000011d1cb838]
[5.565s][info][exceptions] 803 [Exception (): a 'com/amazon/kcfpositionmapcreator/e/b'{0x000000071467fc38} in {method} {0x00000001326f80b8} 'g' '(Lcom/amazon/kaf/c/s;)V' in 'com/amazon/kcfpositionmapcreator/d/b' at 0x000000011d1cb838]
[5.565s][info][exceptions] 804 [Exception (): a 'com/amazon/kcfpositionmapcreator/e/b'{0x0000000714682528} in {method} {0x00000001326f80b8} 'g' '(Lcom/amazon/kaf/c/s;)V' in 'com/amazon/kcfpositionmapcreator/d/b' at 0x000000011d1cb838]
[5.565s][info][exceptions] 805 [Exception (): a 'com/amazon/kcfpositionmapcreator/e/b'{0x00000007146850b8} in {method} {0x00000001326f80b8} 'g' '(Lcom/amazon/kaf/c/s;)V' in 'com/amazon/kcfpositionmapcreator/d/b' at 0x000000011d1cb838]
[5.565s][info][exceptions] 806 [Exception (): a 'com/amazon/kcfpositionmapcreator/e/b'{0x0000000714687c48} in {method} {0x00000001326f80b8} 'g' '(Lcom/amazon/kaf/c/s;)V' in 'com/amazon/kcfpositionmapcreator/d/b' at 0x000000011d1cb838]
[5.565s][info][exceptions] 807 [Exception (): a 'com/amazon/kcfpositionmapcreator/e/b'{0x000000071468a4b0} in {method} {0x00000001326f80b8} 'g' '(Lcom/amazon/kaf/c/s;)V' in 'com/amazon/kcfpositionmapcreator/d/b' at 0x000000011d1cb838]
[5.565s][info][exceptions] 808 [Exception (): a 'com/amazon/kcfpositionmapcreator/e/b'{0x000000071468afb8} in {method} {0x00000001326f80b8} 'g' '(Lcom/amazon/kaf/c/s;)V' in 'com/amazon/kcfpositionmapcreator/d/b' at 0x000000011d1cb838]
[5.565s][info][exceptions] 809 [Exception (): a 'com/amazon/kcfpositionmapcreator/e/b'{0x000000071468cc18} in {method} {0x00000001326f80b8} 'g' '(Lcom/amazon/kaf/c/s;)V' in 'com/amazon/kcfpositionmapcreator/d/b' at 0x000000011d1cb838]
[5.566s][info][exceptions] 810 [Exception (): a 'com/amazon/kcfpositionmapcreator/e/b'{0x000000071468e878} in {method} {0x00000001326f80b8} 'g' '(Lcom/amazon/kaf/c/s;)V' in 'com/amazon/kcfpositionmapcreator/d/b' at 0x000000011d1cb838]
[5.566s][info][exceptions] 811 [Exception (): a 'com/amazon/kcfpositionmapcreator/e/b'{0x0000000714691408} in {method} {0x00000001326f80b8} 'g' '(Lcom/amazon/kaf/c/s;)V' in 'com/amazon/kcfpositionmapcreator/d/b' at 0x000000011d1cb838]
[5.566s][info][exceptions] 812 [Exception (): a 'com/amazon/kcfpositionmapcreator/e/b'{0x0000000714693f98} in {method} {0x00000001326f80b8} 'g' '(Lcom/amazon/kaf/c/s;)V' in 'com/amazon/kcfpositionmapcreator/d/b' at 0x000000011d1cb838]
[5.566s][info][exceptions] 813 [Exception (): a 'com/amazon/kcfpositionmapcreator/e/b'{0x0000000714695dc0} in {method} {0x00000001326f80b8} 'g' '(Lcom/amazon/kaf/c/s;)V' in 'com/amazon/kcfpositionmapcreator/d/b' at 0x000000011d1cb838]
[5.566s][info][exceptions] 814 [Exception (): a 'com/amazon/kcfpositionmapcreator/e/b'{0x00000007146968c8} in {method} {0x00000001326f80b8} 'g' '(Lcom/amazon/kaf/c/s;)V' in 'com/amazon/kcfpositionmapcreator/d/b' at 0x000000011d1cb838]
[5.566s][info][exceptions] 815 [Exception (): a 'com/amazon/kcfpositionmapcreator/e/b'{0x0000000714698528} in {method} {0x00000001326f80b8} 'g' '(Lcom/amazon/kaf/c/s;)V' in 'com/amazon/kcfpositionmapcreator/d/b' at 0x000000011d1cb838]
[5.566s][info][exceptions] 816 [Exception (): a 'com/amazon/kcfpositionmapcreator/e/b'{0x000000071469a188} in {method} {0x00000001326f80b8} 'g' '(Lcom/amazon/kaf/c/s;)V' in 'com/amazon/kcfpositionmapcreator/d/b' at 0x000000011d1cb838]
[5.566s][info][exceptions] 817 [Exception (): a 'com/amazon/kcfpositionmapcreator/e/b'{0x000000071469cd18} in {method} {0x00000001326f80b8} 'g' '(Lcom/amazon/kaf/c/s;)V' in 'com/amazon/kcfpositionmapcreator/d/b' at 0x000000011d1cb838]
[5.566s][info][exceptions] 818 [Exception (): a 'com/amazon/kcfpositionmapcreator/e/b'{0x000000071469f8a8} in {method} {0x00000001326f80b8} 'g' '(Lcom/amazon/kaf/c/s;)V' in 'com/amazon/kcfpositionmapcreator/d/b' at 0x000000011d1cb838]
[5.566s][info][exceptions] 819 [Exception (): a 'com/amazon/kcfpositionmapcreator/e/b'{0x00000007146a16d0} in {method} {0x00000001326f80b8} 'g' '(Lcom/amazon/kaf/c/s;)V' in 'com/amazon/kcfpositionmapcreator/d/b' at 0x000000011d1cb838]
[5.566s][info][exceptions] 820 [Exception (): a 'com/amazon/kcfpositionmapcreator/e/b'{0x00000007146a21d8} in {method} {0x00000001326f80b8} 'g' '(Lcom/amazon/kaf/c/s;)V' in 'com/amazon/kcfpositionmapcreator/d/b' at 0x000000011d1cb838]
[5.566s][info][exceptions] 821 [Exception (): a 'com/amazon/kcfpositionmapcreator/e/b'{0x00000007146a3e38} in {method} {0x00000001326f80b8} 'g' '(Lcom/amazon/kaf/c/s;)V' in 'com/amazon/kcfpositionmapcreator/d/b' at 0x000000011d1cb838]
[5.567s][info][exceptions] 822 [Exception (): a 'com/amazon/kcfpositionmapcreator/e/b'{0x00000007146a64d8} in {method} {0x00000001326f80b8} 'g' '(Lcom/amazon/kaf/c/s;)V' in 'com/amazon/kcfpositionmapcreator/d/b' at 0x000000011d1cb838]
[5.567s][info][exceptions] 823 [Exception (): a 'com/amazon/kcfpositionmapcreator/e/b'{0x00000007146a9068} in {method} {0x00000001326f80b8} 'g' '(Lcom/amazon/kaf/c/s;)V' in 'com/amazon/kcfpositionmapcreator/d/b' at 0x000000011d1cb838]
[5.567s][info][exceptions] 824 [Exception (): a 'com/amazon/kcfpositionmapcreator/e/b'{0x00000007146abbf8} in {method} {0x00000001326f80b8} 'g' '(Lcom/amazon/kaf/c/s;)V' in 'com/amazon/kcfpositionmapcreator/d/b' at 0x000000011d1cb838]
[5.567s][info][exceptions] 825 [Exception (): a 'com/amazon/kcfpositionmapcreator/e/b'{0x00000007146ae460} in {method} {0x00000001326f80b8} 'g' '(Lcom/amazon/kaf/c/s;)V' in 'com/amazon/kcfpositionmapcreator/d/b' at 0x000000011d1cb838]
[5.567s][info][exceptions] 826 [Exception (): a 'com/amazon/kcfpositionmapcreator/e/b'{0x00000007146aef68} in {method} {0x00000001326f80b8} 'g' '(Lcom/amazon/kaf/c/s;)V' in 'com/amazon/kcfpositionmapcreator/d/b' at 0x000000011d1cb838]
[5.567s][info][exceptions] 827 [Exception (): a 'com/amazon/kcfpositionmapcreator/e/b'{0x00000007146b0bc8} in {method} {0x00000001326f80b8} 'g' '(Lcom/amazon/kaf/c/s;)V' in 'com/amazon/kcfpositionmapcreator/d/b' at 0x000000011d1cb838]
[5.567s][info][exceptions] 828 [Exception (): a 'com/amazon/kcfpositionmapcreator/e/b'{0x00000007146b3268} in {method} {0x00000001326f80b8} 'g' '(Lcom/amazon/kaf/c/s;)V' in 'com/amazon/kcfpositionmapcreator/d/b' at 0x000000011d1cb838]
[5.567s][info][exceptions] 829 [Exception (): a 'com/amazon/kcfpositionmapcreator/e/b'{0x00000007146b5df8} in {method} {0x00000001326f80b8} 'g' '(Lcom/amazon/kaf/c/s;)V' in 'com/amazon/kcfpositionmapcreator/d/b' at 0x000000011d1cb838]
[5.567s][info][exceptions] 830 [Exception (): a 'com/amazon/kcfpositionmapcreator/e/b'{0x00000007146b8988} in {method} {0x00000001326f80b8} 'g' '(Lcom/amazon/kaf/c/s;)V' in 'com/amazon/kcfpositionmapcreator/d/b' at 0x000000011d1cb838]
[5.567s][info][exceptions] 831 [Exception (): a 'com/amazon/kcfpositionmapcreator/e/b'{0x00000007146bb1f0} in {method} {0x00000001326f80b8} 'g' '(Lcom/amazon/kaf/c/s;)V' in 'com/amazon/kcfpositionmapcreator/d/b' at 0x000000011d1cb838]
[5.568s][info][exceptions] 832 [Exception (): a 'com/amazon/kcfpositionmapcreator/e/b'{0x00000007146bbcf8} in {method} {0x00000001326f80b8} 'g' '(Lcom/amazon/kaf/c/s;)V' in 'com/amazon/kcfpositionmapcreator/d/b' at 0x000000011d1cb838]
[5.568s][info][exceptions] 833 [Exception (): a 'com/amazon/kcfpositionmapcreator/e/b'{0x00000007146bd958} in {method} {0x00000001326f80b8} 'g' '(Lcom/amazon/kaf/c/s;)V' in 'com/amazon/kcfpositionmapcreator/d/b' at 0x000000011d1cb838]
[5.568s][info][exceptions] 834 [Exception (): a 'com/amazon/kcfpositionmapcreator/e/b'{0x00000007146bfff8} in {method} {0x00000001326f80b8} 'g' '(Lcom/amazon/kaf/c/s;)V' in 'com/amazon/kcfpositionmapcreator/d/b' at 0x000000011d1cb838]
[5.568s][info][exceptions] 835 [Exception (): a 'com/amazon/kcfpositionmapcreator/e/b'{0x00000007146c2b88} in {method} {0x00000001326f80b8} 'g' '(Lcom/amazon/kaf/c/s;)V' in 'com/amazon/kcfpositionmapcreator/d/b' at 0x000000011d1cb838]
[5.568s][info][exceptions] 836 [Exception (): a 'com/amazon/kcfpositionmapcreator/e/b'{0x00000007146c5718} in {method} {0x00000001326f80b8} 'g' '(Lcom/amazon/kaf/c/s;)V' in 'com/amazon/kcfpositionmapcreator/d/b' at 0x000000011d1cb838]
[5.568s][info][exceptions] 837 [Exception (): a 'com/amazon/kcfpositionmapcreator/e/b'{0x00000007146c7f80} in {method} {0x00000001326f80b8} 'g' '(Lcom/amazon/kaf/c/s;)V' in 'com/amazon/kcfpositionmapcreator/d/b' at 0x000000011d1cb838]
[5.568s][info][exceptions] 838 [Exception (): a 'com/amazon/kcfpositionmapcreator/e/b'{0x00000007146c8a88} in {method} {0x00000001326f80b8} 'g' '(Lcom/amazon/kaf/c/s;)V' in 'com/amazon/kcfpositionmapcreator/d/b' at 0x000000011d1cb838]
[5.568s][info][exceptions] 839 [Exception (): a 'com/amazon/kcfpositionmapcreator/e/b'{0x00000007146ca6e8} in {method} {0x00000001326f80b8} 'g' '(Lcom/amazon/kaf/c/s;)V' in 'com/amazon/kcfpositionmapcreator/d/b' at 0x000000011d1cb838]
[5.568s][info][exceptions] 840 [Exception (): a 'com/amazon/kcfpositionmapcreator/e/b'{0x00000007146ccd88} in {method} {0x00000001326f80b8} 'g' '(Lcom/amazon/kaf/c/s;)V' in 'com/amazon/kcfpositionmapcreator/d/b' at 0x000000011d1cb838]
[5.568s][info][exceptions] 841 [Exception (): a 'com/amazon/kcfpositionmapcreator/e/b'{0x00000007146cf918} in {method} {0x00000001326f80b8} 'g' '(Lcom/amazon/kaf/c/s;)V' in 'com/amazon/kcfpositionmapcreator/d/b' at 0x000000011d1cb838]
[5.568s][info][exceptions] 842 [Exception (): a 'com/amazon/kcfpositionmapcreator/e/b'{0x00000007146d24a8} in {method} {0x00000001326f80b8} 'g' '(Lcom/amazon/kaf/c/s;)V' in 'com/amazon/kcfpositionmapcreator/d/b' at 0x000000011d1cb838]
[5.569s][info][exceptions] 843 [Exception (): a 'com/amazon/kcfpositionmapcreator/e/b'{0x00000007146d4d10} in {method} {0x00000001326f80b8} 'g' '(Lcom/amazon/kaf/c/s;)V' in 'com/amazon/kcfpositionmapcreator/d/b' at 0x000000011d1cb838]
[5.569s][info][exceptions] 844 [Exception (): a 'com/amazon/kcfpositionmapcreator/e/b'{0x00000007146d5818} in {method} {0x00000001326f80b8} 'g' '(Lcom/amazon/kaf/c/s;)V' in 'com/amazon/kcfpositionmapcreator/d/b' at 0x000000011d1cb838]
[5.569s][info][exceptions] 845 [Exception (): a 'com/amazon/kcfpositionmapcreator/e/b'{0x00000007146d7478} in {method} {0x00000001326f80b8} 'g' '(Lcom/amazon/kaf/c/s;)V' in 'com/amazon/kcfpositionmapcreator/d/b' at 0x000000011d1cb838]
[5.569s][info][exceptions] 846 [Exception (): a 'com/amazon/kcfpositionmapcreator/e/b'{0x00000007146d90d8} in {method} {0x00000001326f80b8} 'g' '(Lcom/amazon/kaf/c/s;)V' in 'com/amazon/kcfpositionmapcreator/d/b' at 0x000000011d1cb838]
[5.569s][info][exceptions] 847 [Exception (): a 'com/amazon/kcfpositionmapcreator/e/b'{0x00000007146dbc68} in {method} {0x00000001326f80b8} 'g' '(Lcom/amazon/kaf/c/s;)V' in 'com/amazon/kcfpositionmapcreator/d/b' at 0x000000011d1cb838]
[5.569s][info][exceptions] 848 [Exception (): a 'com/amazon/kcfpositionmapcreator/e/b'{0x00000007146de7f8} in {method} {0x00000001326f80b8} 'g' '(Lcom/amazon/kaf/c/s;)V' in 'com/amazon/kcfpositionmapcreator/d/b' at 0x000000011d1cb838]
[5.570s][info][exceptions] 849 [Exception (): a 'com/amazon/kcfpositionmapcreator/e/b'{0x00000007146f9d60} in {method} {0x00000001326f80b8} 'g' '(Lcom/amazon/kaf/c/s;)V' in 'com/amazon/kcfpositionmapcreator/d/b' at 0x000000011d1cb838]
[5.574s][info][exceptions] 850 [Exception (): a 'com/amazon/kcfpositionmapcreator/e/b'{0x000000071456a3b8} in {method} {0x00000001326f80b8} 'g' '(Lcom/amazon/kaf/c/s;)V' in 'com/amazon/kcfpositionmapcreator/d/b' at 0x000000011d1cb838]
[5.576s][info][exceptions] 851 [Exception (): a 'com/amazon/kcfpositionmapcreator/e/b'{0x00000007145a54d8} in {method} {0x00000001326f80b8} 'g' '(Lcom/amazon/kaf/c/s;)V' in 'com/amazon/kcfpositionmapcreator/d/b' at 0x000000011d1cb838]
[5.576s][info][exceptions] 852 [Exception (): a 'com/amazon/kcfpositionmapcreator/e/b'{0x00000007145a5f60} in {method} {0x00000001326f80b8} 'g' '(Lcom/amazon/kaf/c/s;)V' in 'com/amazon/kcfpositionmapcreator/d/b' at 0x000000011d1cb838]
[5.576s][info][exceptions] 853 [Exception (): a 'com/amazon/kcfpositionmapcreator/e/b'{0x00000007145a6d48} in {method} {0x00000001326f80b8} 'g' '(Lcom/amazon/kaf/c/s;)V' in 'com/amazon/kcfpositionmapcreator/d/b' at 0x000000011d1cb838]
[5.576s][info][exceptions] 854 [Exception (): a 'com/amazon/kcfpositionmapcreator/e/b'{0x00000007145a7850} in {method} {0x00000001326f80b8} 'g' '(Lcom/amazon/kaf/c/s;)V' in 'com/amazon/kcfpositionmapcreator/d/b' at 0x000000011d1cb838]
[5.577s][info][exceptions] 855 [Exception (): a 'com/amazon/kcfpositionmapcreator/e/b'{0x00000007145a9cd0} in {method} {0x00000001326f80b8} 'g' '(Lcom/amazon/kaf/c/s;)V' in 'com/amazon/kcfpositionmapcreator/d/b' at 0x000000011d1cb838]
[5.577s][info][exceptions] 856 [Exception (): a 'com/amazon/kcfpositionmapcreator/e/b'{0x00000007145ac150} in {method} {0x00000001326f80b8} 'g' '(Lcom/amazon/kaf/c/s;)V' in 'com/amazon/kcfpositionmapcreator/d/b' at 0x000000011d1cb838]
[5.577s][info][exceptions] 857 [Exception (): a 'com/amazon/kcfpositionmapcreator/e/b'{0x00000007145ae5d0} in {method} {0x00000001326f80b8} 'g' '(Lcom/amazon/kaf/c/s;)V' in 'com/amazon/kcfpositionmapcreator/d/b' at 0x000000011d1cb838]
[5.577s][info][exceptions] 858 [Exception (): a 'com/amazon/kcfpositionmapcreator/e/b'{0x00000007145b3800} in {method} {0x00000001326f80b8} 'g' '(Lcom/amazon/kaf/c/s;)V' in 'com/amazon/kcfpositionmapcreator/d/b' at 0x000000011d1cb838]
[5.577s][info][exceptions] 859 [Exception (): a 'com/amazon/kcfpositionmapcreator/e/b'{0x00000007145b7260} in {method} {0x00000001326f80b8} 'g' '(Lcom/amazon/kaf/c/s;)V' in 'com/amazon/kcfpositionmapcreator/d/b' at 0x000000011d1cb838]
[5.577s][info][exceptions] 860 [Exception (): a 'com/amazon/kcfpositionmapcreator/e/b'{0x00000007145b9df0} in {method} {0x00000001326f80b8} 'g' '(Lcom/amazon/kaf/c/s;)V' in 'com/amazon/kcfpositionmapcreator/d/b' at 0x000000011d1cb838]
[5.577s][info][exceptions] 861 [Exception (): a 'com/amazon/kcfpositionmapcreator/e/b'{0x00000007145bcdf8} in {method} {0x00000001326f80b8} 'g' '(Lcom/amazon/kaf/c/s;)V' in 'com/amazon/kcfpositionmapcreator/d/b' at 0x000000011d1cb838]
[5.577s][info][exceptions] 862 [Exception (): a 'com/amazon/kcfpositionmapcreator/e/b'{0x00000007145bdbe0} in {method} {0x00000001326f80b8} 'g' '(Lcom/amazon/kaf/c/s;)V' in 'com/amazon/kcfpositionmapcreator/d/b' at 0x000000011d1cb838]
[5.577s][info][exceptions] 863 [Exception (): a 'com/amazon/kcfpositionmapcreator/e/b'{0x00000007145be6e8} in {method} {0x00000001326f80b8} 'g' '(Lcom/amazon/kaf/c/s;)V' in 'com/amazon/kcfpositionmapcreator/d/b' at 0x000000011d1cb838]
[5.577s][info][exceptions] 864 [Exception (): a 'com/amazon/kcfpositionmapcreator/e/b'{0x00000007145c1278} in {method} {0x00000001326f80b8} 'g' '(Lcom/amazon/kaf/c/s;)V' in 'com/amazon/kcfpositionmapcreator/d/b' at 0x000000011d1cb838]
[5.578s][info][exceptions] 865 [Exception (): a 'com/amazon/kcfpositionmapcreator/e/b'{0x00000007145c3e08} in {method} {0x00000001326f80b8} 'g' '(Lcom/amazon/kaf/c/s;)V' in 'com/amazon/kcfpositionmapcreator/d/b' at 0x000000011d1cb838]
[5.578s][info][exceptions] 866 [Exception (): a 'com/amazon/kcfpositionmapcreator/e/b'{0x00000007145c6998} in {method} {0x00000001326f80b8} 'g' '(Lcom/amazon/kaf/c/s;)V' in 'com/amazon/kcfpositionmapcreator/d/b' at 0x000000011d1cb838]
[5.578s][info][exceptions] 867 [Exception (): a 'com/amazon/kcfpositionmapcreator/e/b'{0x00000007145c9528} in {method} {0x00000001326f80b8} 'g' '(Lcom/amazon/kaf/c/s;)V' in 'com/amazon/kcfpositionmapcreator/d/b' at 0x000000011d1cb838]
[5.578s][info][exceptions] 868 [Exception (): a 'com/amazon/kcfpositionmapcreator/e/b'{0x00000007145cc5a8} in {method} {0x00000001326f80b8} 'g' '(Lcom/amazon/kaf/c/s;)V' in 'com/amazon/kcfpositionmapcreator/d/b' at 0x000000011d1cb838]
[5.578s][info][exceptions] 869 [Exception (): a 'com/amazon/kcfpositionmapcreator/e/b'{0x00000007145cf628} in {method} {0x00000001326f80b8} 'g' '(Lcom/amazon/kaf/c/s;)V' in 'com/amazon/kcfpositionmapcreator/d/b' at 0x000000011d1cb838]
[5.581s][info][exceptions] 870 [Exception (): a 'com/amazon/kcfpositionmapcreator/e/b'{0x0000000714421318} in {method} {0x00000001326f80b8} 'g' '(Lcom/amazon/kaf/c/s;)V' in 'com/amazon/kcfpositionmapcreator/d/b' at 0x000000011d1cb838]
[5.581s][info][exceptions] 871 [Exception (): a 'com/amazon/kcfpositionmapcreator/e/b'{0x0000000714421da0} in {method} {0x00000001326f80b8} 'g' '(Lcom/amazon/kaf/c/s;)V' in 'com/amazon/kcfpositionmapcreator/d/b' at 0x000000011d1cb838]
[5.581s][info][exceptions] 872 [Exception (): a 'com/amazon/kcfpositionmapcreator/e/b'{0x0000000714422c18} in {method} {0x00000001326f80b8} 'g' '(Lcom/amazon/kaf/c/s;)V' in 'com/amazon/kcfpositionmapcreator/d/b' at 0x000000011d1cb838]
[5.581s][info][exceptions] 873 [Exception (): a 'com/amazon/kcfpositionmapcreator/e/b'{0x0000000714423720} in {method} {0x00000001326f80b8} 'g' '(Lcom/amazon/kaf/c/s;)V' in 'com/amazon/kcfpositionmapcreator/d/b' at 0x000000011d1cb838]
[5.581s][info][exceptions] 874 [Exception (): a 'com/amazon/kcfpositionmapcreator/e/b'{0x00000007144267a0} in {method} {0x00000001326f80b8} 'g' '(Lcom/amazon/kaf/c/s;)V' in 'com/amazon/kcfpositionmapcreator/d/b' at 0x000000011d1cb838]
[5.581s][info][exceptions] 875 [Exception (): a 'com/amazon/kcfpositionmapcreator/e/b'{0x0000000714428950} in {method} {0x00000001326f80b8} 'g' '(Lcom/amazon/kaf/c/s;)V' in 'com/amazon/kcfpositionmapcreator/d/b' at 0x000000011d1cb838]
[5.581s][info][exceptions] 876 [Exception (): a 'com/amazon/kcfpositionmapcreator/e/b'{0x000000071442ab00} in {method} {0x00000001326f80b8} 'g' '(Lcom/amazon/kaf/c/s;)V' in 'com/amazon/kcfpositionmapcreator/d/b' at 0x000000011d1cb838]
[5.581s][info][exceptions] 877 [Exception (): a 'com/amazon/kcfpositionmapcreator/e/b'{0x000000071442ccb0} in {method} {0x00000001326f80b8} 'g' '(Lcom/amazon/kaf/c/s;)V' in 'com/amazon/kcfpositionmapcreator/d/b' at 0x000000011d1cb838]
[5.581s][info][exceptions] 878 [Exception (): a 'com/amazon/kcfpositionmapcreator/e/b'{0x000000071442ee60} in {method} {0x00000001326f80b8} 'g' '(Lcom/amazon/kaf/c/s;)V' in 'com/amazon/kcfpositionmapcreator/d/b' at 0x000000011d1cb838]
[5.581s][info][exceptions] 879 [Exception (): a 'com/amazon/kcfpositionmapcreator/e/b'{0x0000000714431010} in {method} {0x00000001326f80b8} 'g' '(Lcom/amazon/kaf/c/s;)V' in 'com/amazon/kcfpositionmapcreator/d/b' at 0x000000011d1cb838]
[5.582s][info][exceptions] 880 [Exception (): a 'com/amazon/kcfpositionmapcreator/e/b'{0x00000007144331c0} in {method} {0x00000001326f80b8} 'g' '(Lcom/amazon/kaf/c/s;)V' in 'com/amazon/kcfpositionmapcreator/d/b' at 0x000000011d1cb838]
[5.582s][info][exceptions] 881 [Exception (): a 'com/amazon/kcfpositionmapcreator/e/b'{0x0000000714437b18} in {method} {0x00000001326f80b8} 'g' '(Lcom/amazon/kaf/c/s;)V' in 'com/amazon/kcfpositionmapcreator/d/b' at 0x000000011d1cb838]
[5.582s][info][exceptions] 882 [Exception (): a 'com/amazon/kcfpositionmapcreator/e/b'{0x0000000714438990} in {method} {0x00000001326f80b8} 'g' '(Lcom/amazon/kaf/c/s;)V' in 'com/amazon/kcfpositionmapcreator/d/b' at 0x000000011d1cb838]
[5.582s][info][exceptions] 883 [Exception (): a 'com/amazon/kcfpositionmapcreator/e/b'{0x0000000714439498} in {method} {0x00000001326f80b8} 'g' '(Lcom/amazon/kaf/c/s;)V' in 'com/amazon/kcfpositionmapcreator/d/b' at 0x000000011d1cb838]
[5.582s][info][exceptions] 884 [Exception (): a 'com/amazon/kcfpositionmapcreator/e/b'{0x000000071443d708} in {method} {0x00000001326f80b8} 'g' '(Lcom/amazon/kaf/c/s;)V' in 'com/amazon/kcfpositionmapcreator/d/b' at 0x000000011d1cb838]
[5.582s][info][exceptions] 885 [Exception (): a 'com/amazon/kcfpositionmapcreator/e/b'{0x0000000714440298} in {method} {0x00000001326f80b8} 'g' '(Lcom/amazon/kaf/c/s;)V' in 'com/amazon/kcfpositionmapcreator/d/b' at 0x000000011d1cb838]
[5.582s][info][exceptions] 886 [Exception (): a 'com/amazon/kcfpositionmapcreator/e/b'{0x0000000714442e28} in {method} {0x00000001326f80b8} 'g' '(Lcom/amazon/kaf/c/s;)V' in 'com/amazon/kcfpositionmapcreator/d/b' at 0x000000011d1cb838]
[5.582s][info][exceptions] 887 [Exception (): a 'com/amazon/kcfpositionmapcreator/e/b'{0x00000007144459b8} in {method} {0x00000001326f80b8} 'g' '(Lcom/amazon/kaf/c/s;)V' in 'com/amazon/kcfpositionmapcreator/d/b' at 0x000000011d1cb838]
[5.582s][info][exceptions] 888 [Exception (): a 'com/amazon/kcfpositionmapcreator/e/b'{0x0000000714448548} in {method} {0x00000001326f80b8} 'g' '(Lcom/amazon/kaf/c/s;)V' in 'com/amazon/kcfpositionmapcreator/d/b' at 0x000000011d1cb838]
[5.583s][info][exceptions] 889 [Exception (): a 'com/amazon/kcfpositionmapcreator/e/b'{0x000000071444b0d8} in {method} {0x00000001326f80b8} 'g' '(Lcom/amazon/kaf/c/s;)V' in 'com/amazon/kcfpositionmapcreator/d/b' at 0x000000011d1cb838]
[5.583s][info][exceptions] 890 [Exception (): a 'com/amazon/kcfpositionmapcreator/e/b'{0x000000071444dc68} in {method} {0x00000001326f80b8} 'g' '(Lcom/amazon/kaf/c/s;)V' in 'com/amazon/kcfpositionmapcreator/d/b' at 0x000000011d1cb838]
[5.583s][info][exceptions] 891 [Exception (): a 'com/amazon/kcfpositionmapcreator/e/b'{0x0000000714450190} in {method} {0x00000001326f80b8} 'g' '(Lcom/amazon/kaf/c/s;)V' in 'com/amazon/kcfpositionmapcreator/d/b' at 0x000000011d1cb838]
[5.583s][info][exceptions] 892 [Exception (): a 'com/amazon/kcfpositionmapcreator/e/b'{0x0000000714450c98} in {method} {0x00000001326f80b8} 'g' '(Lcom/amazon/kaf/c/s;)V' in 'com/amazon/kcfpositionmapcreator/d/b' at 0x000000011d1cb838]
[5.583s][info][exceptions] 893 [Exception (): a 'com/amazon/kcfpositionmapcreator/e/b'{0x0000000714454f08} in {method} {0x00000001326f80b8} 'g' '(Lcom/amazon/kaf/c/s;)V' in 'com/amazon/kcfpositionmapcreator/d/b' at 0x000000011d1cb838]
[5.583s][info][exceptions] 894 [Exception (): a 'com/amazon/kcfpositionmapcreator/e/b'{0x0000000714457a98} in {method} {0x00000001326f80b8} 'g' '(Lcom/amazon/kaf/c/s;)V' in 'com/amazon/kcfpositionmapcreator/d/b' at 0x000000011d1cb838]
[5.583s][info][exceptions] 895 [Exception (): a 'com/amazon/kcfpositionmapcreator/e/b'{0x000000071445a628} in {method} {0x00000001326f80b8} 'g' '(Lcom/amazon/kaf/c/s;)V' in 'com/amazon/kcfpositionmapcreator/d/b' at 0x000000011d1cb838]
[5.583s][info][exceptions] 896 [Exception (): a 'com/amazon/kcfpositionmapcreator/e/b'{0x000000071445d1b8} in {method} {0x00000001326f80b8} 'g' '(Lcom/amazon/kaf/c/s;)V' in 'com/amazon/kcfpositionmapcreator/d/b' at 0x000000011d1cb838]
[5.583s][info][exceptions] 897 [Exception (): a 'com/amazon/kcfpositionmapcreator/e/b'{0x000000071445fd48} in {method} {0x00000001326f80b8} 'g' '(Lcom/amazon/kaf/c/s;)V' in 'com/amazon/kcfpositionmapcreator/d/b' at 0x000000011d1cb838]
[5.584s][info][exceptions] 898 [Exception (): a 'com/amazon/kcfpositionmapcreator/e/b'{0x00000007144628d8} in {method} {0x00000001326f80b8} 'g' '(Lcom/amazon/kaf/c/s;)V' in 'com/amazon/kcfpositionmapcreator/d/b' at 0x000000011d1cb838]
[5.584s][info][exceptions] 899 [Exception (): a 'com/amazon/kcfpositionmapcreator/e/b'{0x0000000714465468} in {method} {0x00000001326f80b8} 'g' '(Lcom/amazon/kaf/c/s;)V' in 'com/amazon/kcfpositionmapcreator/d/b' at 0x000000011d1cb838]
[5.587s][info][exceptions] 900 [Exception (): a 'com/amazon/kcfpositionmapcreator/e/b'{0x00000007144b70f8} in {method} {0x00000001326f80b8} 'g' '(Lcom/amazon/kaf/c/s;)V' in 'com/amazon/kcfpositionmapcreator/d/b' at 0x000000011d1cb838]
[5.587s][info][exceptions] 901 [Exception (): a 'com/amazon/kcfpositionmapcreator/e/b'{0x00000007144b7b80} in {method} {0x00000001326f80b8} 'g' '(Lcom/amazon/kaf/c/s;)V' in 'com/amazon/kcfpositionmapcreator/d/b' at 0x000000011d1cb838]
[5.588s][info][exceptions] 902 [Exception (): a 'com/amazon/kcfpositionmapcreator/e/b'{0x00000007144b87b8} in {method} {0x00000001326f80b8} 'g' '(Lcom/amazon/kaf/c/s;)V' in 'com/amazon/kcfpositionmapcreator/d/b' at 0x000000011d1cb838]
[5.588s][info][exceptions] 903 [Exception (): a 'com/amazon/kcfpositionmapcreator/e/b'{0x00000007144b92c0} in {method} {0x00000001326f80b8} 'g' '(Lcom/amazon/kaf/c/s;)V' in 'com/amazon/kcfpositionmapcreator/d/b' at 0x000000011d1cb838]
[5.588s][info][exceptions] 904 [Exception (): a 'com/amazon/kcfpositionmapcreator/e/b'{0x00000007144bc340} in {method} {0x00000001326f80b8} 'g' '(Lcom/amazon/kaf/c/s;)V' in 'com/amazon/kcfpositionmapcreator/d/b' at 0x000000011d1cb838]
[5.589s][info][exceptions] 905 [Exception (): a 'com/amazon/kcfpositionmapcreator/e/b'{0x00000007144c05b0} in {method} {0x00000001326f80b8} 'g' '(Lcom/amazon/kaf/c/s;)V' in 'com/amazon/kcfpositionmapcreator/d/b' at 0x000000011d1cb838]
[5.589s][info][exceptions] 906 [Exception (): a 'com/amazon/kcfpositionmapcreator/e/b'{0x00000007144c5a58} in {method} {0x00000001326f80b8} 'g' '(Lcom/amazon/kaf/c/s;)V' in 'com/amazon/kcfpositionmapcreator/d/b' at 0x000000011d1cb838]
[5.589s][info][exceptions] 907 [Exception (): a 'com/amazon/kcfpositionmapcreator/e/b'{0x00000007144c93a0} in {method} {0x00000001326f80b8} 'g' '(Lcom/amazon/kaf/c/s;)V' in 'com/amazon/kcfpositionmapcreator/d/b' at 0x000000011d1cb838]
[5.590s][info][exceptions] 908 [Exception (): a 'com/amazon/kcfpositionmapcreator/e/b'{0x00000007144c9fd8} in {method} {0x00000001326f80b8} 'g' '(Lcom/amazon/kaf/c/s;)V' in 'com/amazon/kcfpositionmapcreator/d/b' at 0x000000011d1cb838]
[5.590s][info][exceptions] 909 [Exception (): a 'com/amazon/kcfpositionmapcreator/e/b'{0x00000007144caae0} in {method} {0x00000001326f80b8} 'g' '(Lcom/amazon/kaf/c/s;)V' in 'com/amazon/kcfpositionmapcreator/d/b' at 0x000000011d1cb838]
[5.590s][info][exceptions] 910 [Exception (): a 'com/amazon/kcfpositionmapcreator/e/b'{0x00000007144cc740} in {method} {0x00000001326f80b8} 'g' '(Lcom/amazon/kaf/c/s;)V' in 'com/amazon/kcfpositionmapcreator/d/b' at 0x000000011d1cb838]
[5.590s][info][exceptions] 911 [Exception (): a 'com/amazon/kcfpositionmapcreator/e/b'{0x00000007144cfcb0} in {method} {0x00000001326f80b8} 'g' '(Lcom/amazon/kaf/c/s;)V' in 'com/amazon/kcfpositionmapcreator/d/b' at 0x000000011d1cb838]
[5.590s][info][exceptions] 912 [Exception (): a 'com/amazon/kcfpositionmapcreator/e/b'{0x00000007144d3220} in {method} {0x00000001326f80b8} 'g' '(Lcom/amazon/kaf/c/s;)V' in 'com/amazon/kcfpositionmapcreator/d/b' at 0x000000011d1cb838]
[5.590s][info][exceptions] 913 [Exception (): a 'com/amazon/kcfpositionmapcreator/e/b'{0x00000007144d6db8} in {method} {0x00000001326f80b8} 'g' '(Lcom/amazon/kaf/c/s;)V' in 'com/amazon/kcfpositionmapcreator/d/b' at 0x000000011d1cb838]
[5.590s][info][exceptions] 914 [Exception (): a 'com/amazon/kcfpositionmapcreator/e/b'{0x00000007144d78c0} in {method} {0x00000001326f80b8} 'g' '(Lcom/amazon/kaf/c/s;)V' in 'com/amazon/kcfpositionmapcreator/d/b' at 0x000000011d1cb838]
[5.590s][info][exceptions] 915 [Exception (): a 'com/amazon/kcfpositionmapcreator/e/b'{0x00000007144d9520} in {method} {0x00000001326f80b8} 'g' '(Lcom/amazon/kaf/c/s;)V' in 'com/amazon/kcfpositionmapcreator/d/b' at 0x000000011d1cb838]
[5.590s][info][exceptions] 916 [Exception (): a 'com/amazon/kcfpositionmapcreator/e/b'{0x00000007144dca90} in {method} {0x00000001326f80b8} 'g' '(Lcom/amazon/kaf/c/s;)V' in 'com/amazon/kcfpositionmapcreator/d/b' at 0x000000011d1cb838]
[5.590s][info][exceptions] 917 [Exception (): a 'com/amazon/kcfpositionmapcreator/e/b'{0x00000007144e0000} in {method} {0x00000001326f80b8} 'g' '(Lcom/amazon/kaf/c/s;)V' in 'com/amazon/kcfpositionmapcreator/d/b' at 0x000000011d1cb838]
[5.591s][info][exceptions] 918 [Exception (): a 'com/amazon/kcfpositionmapcreator/e/b'{0x00000007144e3b98} in {method} {0x00000001326f80b8} 'g' '(Lcom/amazon/kaf/c/s;)V' in 'com/amazon/kcfpositionmapcreator/d/b' at 0x000000011d1cb838]
[5.591s][info][exceptions] 919 [Exception (): a 'com/amazon/kcfpositionmapcreator/e/b'{0x00000007144e46a0} in {method} {0x00000001326f80b8} 'g' '(Lcom/amazon/kaf/c/s;)V' in 'com/amazon/kcfpositionmapcreator/d/b' at 0x000000011d1cb838]
[5.591s][info][exceptions] 920 [Exception (): a 'com/amazon/kcfpositionmapcreator/e/b'{0x00000007144e6300} in {method} {0x00000001326f80b8} 'g' '(Lcom/amazon/kaf/c/s;)V' in 'com/amazon/kcfpositionmapcreator/d/b' at 0x000000011d1cb838]
[5.591s][info][exceptions] 921 [Exception (): a 'com/amazon/kcfpositionmapcreator/e/b'{0x00000007144e9870} in {method} {0x00000001326f80b8} 'g' '(Lcom/amazon/kaf/c/s;)V' in 'com/amazon/kcfpositionmapcreator/d/b' at 0x000000011d1cb838]
[5.591s][info][exceptions] 922 [Exception (): a 'com/amazon/kcfpositionmapcreator/e/b'{0x00000007144ecde0} in {method} {0x00000001326f80b8} 'g' '(Lcom/amazon/kaf/c/s;)V' in 'com/amazon/kcfpositionmapcreator/d/b' at 0x000000011d1cb838]
[5.591s][info][exceptions] 923 [Exception (): a 'com/amazon/kcfpositionmapcreator/e/b'{0x00000007144f0978} in {method} {0x00000001326f80b8} 'g' '(Lcom/amazon/kaf/c/s;)V' in 'com/amazon/kcfpositionmapcreator/d/b' at 0x000000011d1cb838]
[5.591s][info][exceptions] 924 [Exception (): a 'com/amazon/kcfpositionmapcreator/e/b'{0x00000007144f1480} in {method} {0x00000001326f80b8} 'g' '(Lcom/amazon/kaf/c/s;)V' in 'com/amazon/kcfpositionmapcreator/d/b' at 0x000000011d1cb838]
[5.591s][info][exceptions] 925 [Exception (): a 'com/amazon/kcfpositionmapcreator/e/b'{0x00000007144f30e0} in {method} {0x00000001326f80b8} 'g' '(Lcom/amazon/kaf/c/s;)V' in 'com/amazon/kcfpositionmapcreator/d/b' at 0x000000011d1cb838]
[5.591s][info][exceptions] 926 [Exception (): a 'com/amazon/kcfpositionmapcreator/e/b'{0x00000007144f6650} in {method} {0x00000001326f80b8} 'g' '(Lcom/amazon/kaf/c/s;)V' in 'com/amazon/kcfpositionmapcreator/d/b' at 0x000000011d1cb838]
[5.591s][info][exceptions] 927 [Exception (): a 'com/amazon/kcfpositionmapcreator/e/b'{0x00000007144f9bc0} in {method} {0x00000001326f80b8} 'g' '(Lcom/amazon/kaf/c/s;)V' in 'com/amazon/kcfpositionmapcreator/d/b' at 0x000000011d1cb838]
[5.592s][info][exceptions] 928 [Exception (): a 'com/amazon/kcfpositionmapcreator/e/b'{0x00000007144fd758} in {method} {0x00000001326f80b8} 'g' '(Lcom/amazon/kaf/c/s;)V' in 'com/amazon/kcfpositionmapcreator/d/b' at 0x000000011d1cb838]
[5.592s][info][exceptions] 929 [Exception (): a 'com/amazon/kcfpositionmapcreator/e/b'{0x00000007144fe260} in {method} {0x00000001326f80b8} 'g' '(Lcom/amazon/kaf/c/s;)V' in 'com/amazon/kcfpositionmapcreator/d/b' at 0x000000011d1cb838]
[5.592s][info][exceptions] 930 [Exception (): a 'com/amazon/kcfpositionmapcreator/e/b'{0x0000000714300100} in {method} {0x00000001326f80b8} 'g' '(Lcom/amazon/kaf/c/s;)V' in 'com/amazon/kcfpositionmapcreator/d/b' at 0x000000011d1cb838]
[5.592s][info][exceptions] 931 [Exception (): a 'com/amazon/kcfpositionmapcreator/e/b'{0x00000007143038b8} in {method} {0x00000001326f80b8} 'g' '(Lcom/amazon/kaf/c/s;)V' in 'com/amazon/kcfpositionmapcreator/d/b' at 0x000000011d1cb838]
[5.592s][info][exceptions] 932 [Exception (): a 'com/amazon/kcfpositionmapcreator/e/b'{0x0000000714306e28} in {method} {0x00000001326f80b8} 'g' '(Lcom/amazon/kaf/c/s;)V' in 'com/amazon/kcfpositionmapcreator/d/b' at 0x000000011d1cb838]
[5.592s][info][exceptions] 933 [Exception (): a 'com/amazon/kcfpositionmapcreator/e/b'{0x000000071430a9c0} in {method} {0x00000001326f80b8} 'g' '(Lcom/amazon/kaf/c/s;)V' in 'com/amazon/kcfpositionmapcreator/d/b' at 0x000000011d1cb838]
[5.592s][info][exceptions] 934 [Exception (): a 'com/amazon/kcfpositionmapcreator/e/b'{0x000000071430b4c8} in {method} {0x00000001326f80b8} 'g' '(Lcom/amazon/kaf/c/s;)V' in 'com/amazon/kcfpositionmapcreator/d/b' at 0x000000011d1cb838]
[5.592s][info][exceptions] 935 [Exception (): a 'com/amazon/kcfpositionmapcreator/e/b'{0x000000071430d128} in {method} {0x00000001326f80b8} 'g' '(Lcom/amazon/kaf/c/s;)V' in 'com/amazon/kcfpositionmapcreator/d/b' at 0x000000011d1cb838]
[5.592s][info][exceptions] 936 [Exception (): a 'com/amazon/kcfpositionmapcreator/e/b'{0x0000000714310698} in {method} {0x00000001326f80b8} 'g' '(Lcom/amazon/kaf/c/s;)V' in 'com/amazon/kcfpositionmapcreator/d/b' at 0x000000011d1cb838]
[5.593s][info][exceptions] 937 [Exception (): a 'com/amazon/kcfpositionmapcreator/e/b'{0x0000000714313c08} in {method} {0x00000001326f80b8} 'g' '(Lcom/amazon/kaf/c/s;)V' in 'com/amazon/kcfpositionmapcreator/d/b' at 0x000000011d1cb838]
[5.593s][info][exceptions] 938 [Exception (): a 'com/amazon/kcfpositionmapcreator/e/b'{0x00000007143177a0} in {method} {0x00000001326f80b8} 'g' '(Lcom/amazon/kaf/c/s;)V' in 'com/amazon/kcfpositionmapcreator/d/b' at 0x000000011d1cb838]
[5.593s][info][exceptions] 939 [Exception (): a 'com/amazon/kcfpositionmapcreator/e/b'{0x00000007143182a8} in {method} {0x00000001326f80b8} 'g' '(Lcom/amazon/kaf/c/s;)V' in 'com/amazon/kcfpositionmapcreator/d/b' at 0x000000011d1cb838]
[5.593s][info][exceptions] 940 [Exception (): a 'com/amazon/kcfpositionmapcreator/e/b'{0x0000000714319f08} in {method} {0x00000001326f80b8} 'g' '(Lcom/amazon/kaf/c/s;)V' in 'com/amazon/kcfpositionmapcreator/d/b' at 0x000000011d1cb838]
[5.593s][info][exceptions] 941 [Exception (): a 'com/amazon/kcfpositionmapcreator/e/b'{0x000000071431d478} in {method} {0x00000001326f80b8} 'g' '(Lcom/amazon/kaf/c/s;)V' in 'com/amazon/kcfpositionmapcreator/d/b' at 0x000000011d1cb838]
[5.593s][info][exceptions] 942 [Exception (): a 'com/amazon/kcfpositionmapcreator/e/b'{0x00000007143209e8} in {method} {0x00000001326f80b8} 'g' '(Lcom/amazon/kaf/c/s;)V' in 'com/amazon/kcfpositionmapcreator/d/b' at 0x000000011d1cb838]
[5.593s][info][exceptions] 943 [Exception (): a 'com/amazon/kcfpositionmapcreator/e/b'{0x0000000714324580} in {method} {0x00000001326f80b8} 'g' '(Lcom/amazon/kaf/c/s;)V' in 'com/amazon/kcfpositionmapcreator/d/b' at 0x000000011d1cb838]
[5.593s][info][exceptions] 944 [Exception (): a 'com/amazon/kcfpositionmapcreator/e/b'{0x0000000714325088} in {method} {0x00000001326f80b8} 'g' '(Lcom/amazon/kaf/c/s;)V' in 'com/amazon/kcfpositionmapcreator/d/b' at 0x000000011d1cb838]
[5.593s][info][exceptions] 945 [Exception (): a 'com/amazon/kcfpositionmapcreator/e/b'{0x0000000714326ce8} in {method} {0x00000001326f80b8} 'g' '(Lcom/amazon/kaf/c/s;)V' in 'com/amazon/kcfpositionmapcreator/d/b' at 0x000000011d1cb838]
[5.593s][info][exceptions] 946 [Exception (): a 'com/amazon/kcfpositionmapcreator/e/b'{0x000000071432a258} in {method} {0x00000001326f80b8} 'g' '(Lcom/amazon/kaf/c/s;)V' in 'com/amazon/kcfpositionmapcreator/d/b' at 0x000000011d1cb838]
[5.594s][info][exceptions] 947 [Exception (): a 'com/amazon/kcfpositionmapcreator/e/b'{0x000000071432d7c8} in {method} {0x00000001326f80b8} 'g' '(Lcom/amazon/kaf/c/s;)V' in 'com/amazon/kcfpositionmapcreator/d/b' at 0x000000011d1cb838]
[5.594s][info][exceptions] 948 [Exception (): a 'com/amazon/kcfpositionmapcreator/e/b'{0x0000000714331360} in {method} {0x00000001326f80b8} 'g' '(Lcom/amazon/kaf/c/s;)V' in 'com/amazon/kcfpositionmapcreator/d/b' at 0x000000011d1cb838]
[5.594s][info][exceptions] 949 [Exception (): a 'com/amazon/kcfpositionmapcreator/e/b'{0x0000000714331e68} in {method} {0x00000001326f80b8} 'g' '(Lcom/amazon/kaf/c/s;)V' in 'com/amazon/kcfpositionmapcreator/d/b' at 0x000000011d1cb838]
[5.594s][info][exceptions] 950 [Exception (): a 'com/amazon/kcfpositionmapcreator/e/b'{0x0000000714333ac8} in {method} {0x00000001326f80b8} 'g' '(Lcom/amazon/kaf/c/s;)V' in 'com/amazon/kcfpositionmapcreator/d/b' at 0x000000011d1cb838]
[5.594s][info][exceptions] 951 [Exception (): a 'com/amazon/kcfpositionmapcreator/e/b'{0x0000000714337038} in {method} {0x00000001326f80b8} 'g' '(Lcom/amazon/kaf/c/s;)V' in 'com/amazon/kcfpositionmapcreator/d/b' at 0x000000011d1cb838]
[5.594s][info][exceptions] 952 [Exception (): a 'com/amazon/kcfpositionmapcreator/e/b'{0x000000071433a5a8} in {method} {0x00000001326f80b8} 'g' '(Lcom/amazon/kaf/c/s;)V' in 'com/amazon/kcfpositionmapcreator/d/b' at 0x000000011d1cb838]
[5.594s][info][exceptions] 953 [Exception (): a 'com/amazon/kcfpositionmapcreator/e/b'{0x000000071433e008} in {method} {0x00000001326f80b8} 'g' '(Lcom/amazon/kaf/c/s;)V' in 'com/amazon/kcfpositionmapcreator/d/b' at 0x000000011d1cb838]
[5.598s][info][exceptions] 954 [Exception (): a 'com/amazon/kcfpositionmapcreator/e/b'{0x000000071438a738} in {method} {0x00000001326f80b8} 'g' '(Lcom/amazon/kaf/c/s;)V' in 'com/amazon/kcfpositionmapcreator/d/b' at 0x000000011d1cb838]
[5.599s][info][exceptions] 955 [Exception (): a 'com/amazon/kcfpositionmapcreator/e/b'{0x000000071438b400} in {method} {0x00000001326f80b8} 'g' '(Lcom/amazon/kaf/c/s;)V' in 'com/amazon/kcfpositionmapcreator/d/b' at 0x000000011d1cb838]
[5.599s][info][exceptions] 956 [Exception (): a 'com/amazon/kcfpositionmapcreator/e/b'{0x000000071438c0c8} in {method} {0x00000001326f80b8} 'g' '(Lcom/amazon/kaf/c/s;)V' in 'com/amazon/kcfpositionmapcreator/d/b' at 0x000000011d1cb838]
[5.599s][info][exceptions] 957 [Exception (): a 'com/amazon/kcfpositionmapcreator/e/b'{0x000000071438cbd0} in {method} {0x00000001326f80b8} 'g' '(Lcom/amazon/kaf/c/s;)V' in 'com/amazon/kcfpositionmapcreator/d/b' at 0x000000011d1cb838]
[5.599s][info][exceptions] 958 [Exception (): a 'com/amazon/kcfpositionmapcreator/e/b'{0x000000071438e830} in {method} {0x00000001326f80b8} 'g' '(Lcom/amazon/kaf/c/s;)V' in 'com/amazon/kcfpositionmapcreator/d/b' at 0x000000011d1cb838]
[5.599s][info][exceptions] 959 [Exception (): a 'com/amazon/kcfpositionmapcreator/e/b'{0x0000000714390e88} in {method} {0x00000001326f80b8} 'g' '(Lcom/amazon/kaf/c/s;)V' in 'com/amazon/kcfpositionmapcreator/d/b' at 0x000000011d1cb838]
[5.599s][info][exceptions] 960 [Exception (): a 'com/amazon/kcfpositionmapcreator/e/b'{0x0000000714392ae8} in {method} {0x00000001326f80b8} 'g' '(Lcom/amazon/kaf/c/s;)V' in 'com/amazon/kcfpositionmapcreator/d/b' at 0x000000011d1cb838]
[5.599s][info][exceptions] 961 [Exception (): a 'com/amazon/kcfpositionmapcreator/e/b'{0x0000000714394748} in {method} {0x00000001326f80b8} 'g' '(Lcom/amazon/kaf/c/s;)V' in 'com/amazon/kcfpositionmapcreator/d/b' at 0x000000011d1cb838]
[5.599s][info][exceptions] 962 [Exception (): a 'com/amazon/kcfpositionmapcreator/e/b'{0x0000000714396570} in {method} {0x00000001326f80b8} 'g' '(Lcom/amazon/kaf/c/s;)V' in 'com/amazon/kcfpositionmapcreator/d/b' at 0x000000011d1cb838]
[5.599s][info][exceptions] 963 [Exception (): a 'com/amazon/kcfpositionmapcreator/e/b'{0x0000000714397078} in {method} {0x00000001326f80b8} 'g' '(Lcom/amazon/kaf/c/s;)V' in 'com/amazon/kcfpositionmapcreator/d/b' at 0x000000011d1cb838]
[5.599s][info][exceptions] 964 [Exception (): a 'com/amazon/kcfpositionmapcreator/e/b'{0x0000000714398cd8} in {method} {0x00000001326f80b8} 'g' '(Lcom/amazon/kaf/c/s;)V' in 'com/amazon/kcfpositionmapcreator/d/b' at 0x000000011d1cb838]
[5.599s][info][exceptions] 965 [Exception (): a 'com/amazon/kcfpositionmapcreator/e/b'{0x000000071439b330} in {method} {0x00000001326f80b8} 'g' '(Lcom/amazon/kaf/c/s;)V' in 'com/amazon/kcfpositionmapcreator/d/b' at 0x000000011d1cb838]
[5.600s][info][exceptions] 966 [Exception (): a 'com/amazon/kcfpositionmapcreator/e/b'{0x000000071439cf90} in {method} {0x00000001326f80b8} 'g' '(Lcom/amazon/kaf/c/s;)V' in 'com/amazon/kcfpositionmapcreator/d/b' at 0x000000011d1cb838]
[5.600s][info][exceptions] 967 [Exception (): a 'com/amazon/kcfpositionmapcreator/e/b'{0x000000071439ebf0} in {method} {0x00000001326f80b8} 'g' '(Lcom/amazon/kaf/c/s;)V' in 'com/amazon/kcfpositionmapcreator/d/b' at 0x000000011d1cb838]
[5.600s][info][exceptions] 968 [Exception (): a 'com/amazon/kcfpositionmapcreator/e/b'{0x00000007143a0a18} in {method} {0x00000001326f80b8} 'g' '(Lcom/amazon/kaf/c/s;)V' in 'com/amazon/kcfpositionmapcreator/d/b' at 0x000000011d1cb838]
[5.600s][info][exceptions] 969 [Exception (): a 'com/amazon/kcfpositionmapcreator/e/b'{0x00000007143a1520} in {method} {0x00000001326f80b8} 'g' '(Lcom/amazon/kaf/c/s;)V' in 'com/amazon/kcfpositionmapcreator/d/b' at 0x000000011d1cb838]
[5.600s][info][exceptions] 970 [Exception (): a 'com/amazon/kcfpositionmapcreator/e/b'{0x00000007143a3180} in {method} {0x00000001326f80b8} 'g' '(Lcom/amazon/kaf/c/s;)V' in 'com/amazon/kcfpositionmapcreator/d/b' at 0x000000011d1cb838]
[5.600s][info][exceptions] 971 [Exception (): a 'com/amazon/kcfpositionmapcreator/e/b'{0x00000007143a57d8} in {method} {0x00000001326f80b8} 'g' '(Lcom/amazon/kaf/c/s;)V' in 'com/amazon/kcfpositionmapcreator/d/b' at 0x000000011d1cb838]
[5.600s][info][exceptions] 972 [Exception (): a 'com/amazon/kcfpositionmapcreator/e/b'{0x00000007143a7438} in {method} {0x00000001326f80b8} 'g' '(Lcom/amazon/kaf/c/s;)V' in 'com/amazon/kcfpositionmapcreator/d/b' at 0x000000011d1cb838]
[5.600s][info][exceptions] 973 [Exception (): a 'com/amazon/kcfpositionmapcreator/e/b'{0x00000007143a9098} in {method} {0x00000001326f80b8} 'g' '(Lcom/amazon/kaf/c/s;)V' in 'com/amazon/kcfpositionmapcreator/d/b' at 0x000000011d1cb838]
[5.600s][info][exceptions] 974 [Exception (): a 'com/amazon/kcfpositionmapcreator/e/b'{0x00000007143aaec0} in {method} {0x00000001326f80b8} 'g' '(Lcom/amazon/kaf/c/s;)V' in 'com/amazon/kcfpositionmapcreator/d/b' at 0x000000011d1cb838]
[5.600s][info][exceptions] 975 [Exception (): a 'com/amazon/kcfpositionmapcreator/e/b'{0x00000007143ab9c8} in {method} {0x00000001326f80b8} 'g' '(Lcom/amazon/kaf/c/s;)V' in 'com/amazon/kcfpositionmapcreator/d/b' at 0x000000011d1cb838]
[5.600s][info][exceptions] 976 [Exception (): a 'com/amazon/kcfpositionmapcreator/e/b'{0x00000007143ad628} in {method} {0x00000001326f80b8} 'g' '(Lcom/amazon/kaf/c/s;)V' in 'com/amazon/kcfpositionmapcreator/d/b' at 0x000000011d1cb838]
[5.600s][info][exceptions] 977 [Exception (): a 'com/amazon/kcfpositionmapcreator/e/b'{0x00000007143afc80} in {method} {0x00000001326f80b8} 'g' '(Lcom/amazon/kaf/c/s;)V' in 'com/amazon/kcfpositionmapcreator/d/b' at 0x000000011d1cb838]
[5.601s][info][exceptions] 978 [Exception (): a 'com/amazon/kcfpositionmapcreator/e/b'{0x00000007143b18e0} in {method} {0x00000001326f80b8} 'g' '(Lcom/amazon/kaf/c/s;)V' in 'com/amazon/kcfpositionmapcreator/d/b' at 0x000000011d1cb838]
[5.601s][info][exceptions] 979 [Exception (): a 'com/amazon/kcfpositionmapcreator/e/b'{0x00000007143b3540} in {method} {0x00000001326f80b8} 'g' '(Lcom/amazon/kaf/c/s;)V' in 'com/amazon/kcfpositionmapcreator/d/b' at 0x000000011d1cb838]
[5.601s][info][exceptions] 980 [Exception (): a 'com/amazon/kcfpositionmapcreator/e/b'{0x00000007143b5368} in {method} {0x00000001326f80b8} 'g' '(Lcom/amazon/kaf/c/s;)V' in 'com/amazon/kcfpositionmapcreator/d/b' at 0x000000011d1cb838]
[5.601s][info][exceptions] 981 [Exception (): a 'com/amazon/kcfpositionmapcreator/e/b'{0x00000007143b5e70} in {method} {0x00000001326f80b8} 'g' '(Lcom/amazon/kaf/c/s;)V' in 'com/amazon/kcfpositionmapcreator/d/b' at 0x000000011d1cb838]
[5.601s][info][exceptions] 982 [Exception (): a 'com/amazon/kcfpositionmapcreator/e/b'{0x00000007143b7ad0} in {method} {0x00000001326f80b8} 'g' '(Lcom/amazon/kaf/c/s;)V' in 'com/amazon/kcfpositionmapcreator/d/b' at 0x000000011d1cb838]
[5.601s][info][exceptions] 983 [Exception (): a 'com/amazon/kcfpositionmapcreator/e/b'{0x00000007143ba128} in {method} {0x00000001326f80b8} 'g' '(Lcom/amazon/kaf/c/s;)V' in 'com/amazon/kcfpositionmapcreator/d/b' at 0x000000011d1cb838]
[5.601s][info][exceptions] 984 [Exception (): a 'com/amazon/kcfpositionmapcreator/e/b'{0x00000007143bbd88} in {method} {0x00000001326f80b8} 'g' '(Lcom/amazon/kaf/c/s;)V' in 'com/amazon/kcfpositionmapcreator/d/b' at 0x000000011d1cb838]
[5.601s][info][exceptions] 985 [Exception (): a 'com/amazon/kcfpositionmapcreator/e/b'{0x00000007143bd9e8} in {method} {0x00000001326f80b8} 'g' '(Lcom/amazon/kaf/c/s;)V' in 'com/amazon/kcfpositionmapcreator/d/b' at 0x000000011d1cb838]
[5.601s][info][exceptions] 986 [Exception (): a 'com/amazon/kcfpositionmapcreator/e/b'{0x00000007143c6db8} in {method} {0x00000001326f80b8} 'g' '(Lcom/amazon/kaf/c/s;)V' in 'com/amazon/kcfpositionmapcreator/d/b' at 0x000000011d1cb838]
[5.601s][info][exceptions] 987 [Exception (): a 'com/amazon/kcfpositionmapcreator/e/b'{0x00000007143c7a80} in {method} {0x00000001326f80b8} 'g' '(Lcom/amazon/kaf/c/s;)V' in 'com/amazon/kcfpositionmapcreator/d/b' at 0x000000011d1cb838]
[5.602s][info][exceptions] 988 [Exception (): a 'com/amazon/kcfpositionmapcreator/e/b'{0x00000007143c8748} in {method} {0x00000001326f80b8} 'g' '(Lcom/amazon/kaf/c/s;)V' in 'com/amazon/kcfpositionmapcreator/d/b' at 0x000000011d1cb838]
[5.602s][info][exceptions] 989 [Exception (): a 'com/amazon/kcfpositionmapcreator/e/b'{0x00000007143c9250} in {method} {0x00000001326f80b8} 'g' '(Lcom/amazon/kaf/c/s;)V' in 'com/amazon/kcfpositionmapcreator/d/b' at 0x000000011d1cb838]
[5.602s][info][exceptions] 990 [Exception (): a 'com/amazon/kcfpositionmapcreator/e/b'{0x00000007143caeb0} in {method} {0x00000001326f80b8} 'g' '(Lcom/amazon/kaf/c/s;)V' in 'com/amazon/kcfpositionmapcreator/d/b' at 0x000000011d1cb838]
[5.602s][info][exceptions] 991 [Exception (): a 'com/amazon/kcfpositionmapcreator/e/b'{0x00000007143ccb10} in {method} {0x00000001326f80b8} 'g' '(Lcom/amazon/kaf/c/s;)V' in 'com/amazon/kcfpositionmapcreator/d/b' at 0x000000011d1cb838]
[5.602s][info][exceptions] 992 [Exception (): a 'com/amazon/kcfpositionmapcreator/e/b'{0x00000007143ce770} in {method} {0x00000001326f80b8} 'g' '(Lcom/amazon/kaf/c/s;)V' in 'com/amazon/kcfpositionmapcreator/d/b' at 0x000000011d1cb838]
[5.602s][info][exceptions] 993 [Exception (): a 'com/amazon/kcfpositionmapcreator/e/b'{0x00000007143d03d0} in {method} {0x00000001326f80b8} 'g' '(Lcom/amazon/kaf/c/s;)V' in 'com/amazon/kcfpositionmapcreator/d/b' at 0x000000011d1cb838]
[5.602s][info][exceptions] 994 [Exception (): a 'com/amazon/kcfpositionmapcreator/e/b'{0x00000007143d21f8} in {method} {0x00000001326f80b8} 'g' '(Lcom/amazon/kaf/c/s;)V' in 'com/amazon/kcfpositionmapcreator/d/b' at 0x000000011d1cb838]
[5.602s][info][exceptions] 995 [Exception (): a 'com/amazon/kcfpositionmapcreator/e/b'{0x00000007143d2d00} in {method} {0x00000001326f80b8} 'g' '(Lcom/amazon/kaf/c/s;)V' in 'com/amazon/kcfpositionmapcreator/d/b' at 0x000000011d1cb838]
[5.602s][info][exceptions] 996 [Exception (): a 'com/amazon/kcfpositionmapcreator/e/b'{0x00000007143d5358} in {method} {0x00000001326f80b8} 'g' '(Lcom/amazon/kaf/c/s;)V' in 'com/amazon/kcfpositionmapcreator/d/b' at 0x000000011d1cb838]
[5.602s][info][exceptions] 997 [Exception (): a 'com/amazon/kcfpositionmapcreator/e/b'{0x00000007143d79b0} in {method} {0x00000001326f80b8} 'g' '(Lcom/amazon/kaf/c/s;)V' in 'com/amazon/kcfpositionmapcreator/d/b' at 0x000000011d1cb838]
[5.602s][info][exceptions] 998 [Exception (): a 'com/amazon/kcfpositionmapcreator/e/b'{0x00000007143da008} in {method} {0x00000001326f80b8} 'g' '(Lcom/amazon/kaf/c/s;)V' in 'com/amazon/kcfpositionmapcreator/d/b' at 0x000000011d1cb838]
[5.602s][info][exceptions] 999 [Exception (): a 'com/amazon/kcfpositionmapcreator/e/b'{0x00000007143dc660} in {method} {0x00000001326f80b8} 'g' '(Lcom/amazon/kaf/c/s;)V' in 'com/amazon/kcfpositionmapcreator/d/b' at 0x000000011d1cb838]
[5.603s][info][exceptions] 1000 [Exception (): a 'com/amazon/kcfpositionmapcreator/e/b'{0x00000007143dee80} in {method} {0x00000001326f80b8} 'g' '(Lcom/amazon/kaf/c/s;)V' in 'com/amazon/kcfpositionmapcreator/d/b' at 0x000000011d1cb838]
[5.603s][info][exceptions] 1001 [Exception (): a 'com/amazon/kcfpositionmapcreator/e/b'{0x00000007143df988} in {method} {0x00000001326f80b8} 'g' '(Lcom/amazon/kaf/c/s;)V' in 'com/amazon/kcfpositionmapcreator/d/b' at 0x000000011d1cb838]
[5.603s][info][exceptions] 1002 [Exception (): a 'com/amazon/kcfpositionmapcreator/e/b'{0x00000007143e15e8} in {method} {0x00000001326f80b8} 'g' '(Lcom/amazon/kaf/c/s;)V' in 'com/amazon/kcfpositionmapcreator/d/b' at 0x000000011d1cb838]
[5.603s][info][exceptions] 1003 [Exception (): a 'com/amazon/kcfpositionmapcreator/e/b'{0x00000007143e3248} in {method} {0x00000001326f80b8} 'g' '(Lcom/amazon/kaf/c/s;)V' in 'com/amazon/kcfpositionmapcreator/d/b' at 0x000000011d1cb838]
[5.603s][info][exceptions] 1004 [Exception (): a 'com/amazon/kcfpositionmapcreator/e/b'{0x00000007143e4ea8} in {method} {0x00000001326f80b8} 'g' '(Lcom/amazon/kaf/c/s;)V' in 'com/amazon/kcfpositionmapcreator/d/b' at 0x000000011d1cb838]
[5.603s][info][exceptions] 1005 [Exception (): a 'com/amazon/kcfpositionmapcreator/e/b'{0x00000007143e6b08} in {method} {0x00000001326f80b8} 'g' '(Lcom/amazon/kaf/c/s;)V' in 'com/amazon/kcfpositionmapcreator/d/b' at 0x000000011d1cb838]
[5.603s][info][exceptions] 1006 [Exception (): a 'com/amazon/kcfpositionmapcreator/e/b'{0x00000007143e8930} in {method} {0x00000001326f80b8} 'g' '(Lcom/amazon/kaf/c/s;)V' in 'com/amazon/kcfpositionmapcreator/d/b' at 0x000000011d1cb838]
[5.603s][info][exceptions] 1007 [Exception (): a 'com/amazon/kcfpositionmapcreator/e/b'{0x00000007143e9438} in {method} {0x00000001326f80b8} 'g' '(Lcom/amazon/kaf/c/s;)V' in 'com/amazon/kcfpositionmapcreator/d/b' at 0x000000011d1cb838]
[5.603s][info][exceptions] 1008 [Exception (): a 'com/amazon/kcfpositionmapcreator/e/b'{0x00000007143eb098} in {method} {0x00000001326f80b8} 'g' '(Lcom/amazon/kaf/c/s;)V' in 'com/amazon/kcfpositionmapcreator/d/b' at 0x000000011d1cb838]
[5.603s][info][exceptions] 1009 [Exception (): a 'com/amazon/kcfpositionmapcreator/e/b'{0x00000007143eccf8} in {method} {0x00000001326f80b8} 'g' '(Lcom/amazon/kaf/c/s;)V' in 'com/amazon/kcfpositionmapcreator/d/b' at 0x000000011d1cb838]
[5.603s][info][exceptions] 1010 [Exception (): a 'com/amazon/kcfpositionmapcreator/e/b'{0x00000007143ee958} in {method} {0x00000001326f80b8} 'g' '(Lcom/amazon/kaf/c/s;)V' in 'com/amazon/kcfpositionmapcreator/d/b' at 0x000000011d1cb838]
[5.603s][info][exceptions] 1011 [Exception (): a 'com/amazon/kcfpositionmapcreator/e/b'{0x00000007143f05b8} in {method} {0x00000001326f80b8} 'g' '(Lcom/amazon/kaf/c/s;)V' in 'com/amazon/kcfpositionmapcreator/d/b' at 0x000000011d1cb838]
[5.603s][info][exceptions] 1012 [Exception (): a 'com/amazon/kcfpositionmapcreator/e/b'{0x00000007143f23e0} in {method} {0x00000001326f80b8} 'g' '(Lcom/amazon/kaf/c/s;)V' in 'com/amazon/kcfpositionmapcreator/d/b' at 0x000000011d1cb838]
[5.603s][info][exceptions] 1013 [Exception (): a 'com/amazon/kcfpositionmapcreator/e/b'{0x00000007143f2ee8} in {method} {0x00000001326f80b8} 'g' '(Lcom/amazon/kaf/c/s;)V' in 'com/amazon/kcfpositionmapcreator/d/b' at 0x000000011d1cb838]
[5.604s][info][exceptions] 1014 [Exception (): a 'com/amazon/kcfpositionmapcreator/e/b'{0x00000007143f4b48} in {method} {0x00000001326f80b8} 'g' '(Lcom/amazon/kaf/c/s;)V' in 'com/amazon/kcfpositionmapcreator/d/b' at 0x000000011d1cb838]
[5.604s][info][exceptions] 1015 [Exception (): a 'com/amazon/kcfpositionmapcreator/e/b'{0x00000007143f67a8} in {method} {0x00000001326f80b8} 'g' '(Lcom/amazon/kaf/c/s;)V' in 'com/amazon/kcfpositionmapcreator/d/b' at 0x000000011d1cb838]
[5.604s][info][exceptions] 1016 [Exception (): a 'com/amazon/kcfpositionmapcreator/e/b'{0x00000007143f8408} in {method} {0x00000001326f80b8} 'g' '(Lcom/amazon/kaf/c/s;)V' in 'com/amazon/kcfpositionmapcreator/d/b' at 0x000000011d1cb838]
[5.604s][info][exceptions] 1017 [Exception (): a 'com/amazon/kcfpositionmapcreator/e/b'{0x00000007143fa068} in {method} {0x00000001326f80b8} 'g' '(Lcom/amazon/kaf/c/s;)V' in 'com/amazon/kcfpositionmapcreator/d/b' at 0x000000011d1cb838]
[5.605s][info][exceptions] 1018 [Exception (): a 'com/amazon/kcfpositionmapcreator/e/b'{0x0000000714218810} in {method} {0x00000001326f80b8} 'g' '(Lcom/amazon/kaf/c/s;)V' in 'com/amazon/kcfpositionmapcreator/d/b' at 0x000000011d1cb838]
[5.605s][info][exceptions] 1019 [Exception (): a 'com/amazon/kcfpositionmapcreator/e/b'{0x0000000714219298} in {method} {0x00000001326f80b8} 'g' '(Lcom/amazon/kaf/c/s;)V' in 'com/amazon/kcfpositionmapcreator/d/b' at 0x000000011d1cb838]
[5.605s][info][exceptions] 1020 [Exception (): a 'com/amazon/kcfpositionmapcreator/e/b'{0x0000000714219ff0} in {method} {0x00000001326f80b8} 'g' '(Lcom/amazon/kaf/c/s;)V' in 'com/amazon/kcfpositionmapcreator/d/b' at 0x000000011d1cb838]
[5.605s][info][exceptions] 1021 [Exception (): a 'com/amazon/kcfpositionmapcreator/e/b'{0x000000071421aaf8} in {method} {0x00000001326f80b8} 'g' '(Lcom/amazon/kaf/c/s;)V' in 'com/amazon/kcfpositionmapcreator/d/b' at 0x000000011d1cb838]
[5.605s][info][exceptions] 1022 [Exception (): a 'com/amazon/kcfpositionmapcreator/e/b'{0x000000071421db78} in {method} {0x00000001326f80b8} 'g' '(Lcom/amazon/kaf/c/s;)V' in 'com/amazon/kcfpositionmapcreator/d/b' at 0x000000011d1cb838]
[5.605s][info][exceptions] 1023 [Exception (): a 'com/amazon/kcfpositionmapcreator/e/b'{0x0000000714220708} in {method} {0x00000001326f80b8} 'g' '(Lcom/amazon/kaf/c/s;)V' in 'com/amazon/kcfpositionmapcreator/d/b' at 0x000000011d1cb838]
[5.605s][info][exceptions] 1024 [Exception (): a 'com/amazon/kcfpositionmapcreator/e/b'{0x0000000714222b88} in {method} {0x00000001326f80b8} 'g' '(Lcom/amazon/kaf/c/s;)V' in 'com/amazon/kcfpositionmapcreator/d/b' at 0x000000011d1cb838]
[5.605s][info][exceptions] 1025 [Exception (): a 'com/amazon/kcfpositionmapcreator/e/b'{0x0000000714225008} in {method} {0x00000001326f80b8} 'g' '(Lcom/amazon/kaf/c/s;)V' in 'com/amazon/kcfpositionmapcreator/d/b' at 0x000000011d1cb838]
[5.605s][info][exceptions] 1026 [Exception (): a 'com/amazon/kcfpositionmapcreator/e/b'{0x0000000714227488} in {method} {0x00000001326f80b8} 'g' '(Lcom/amazon/kaf/c/s;)V' in 'com/amazon/kcfpositionmapcreator/d/b' at 0x000000011d1cb838]
[5.605s][info][exceptions] 1027 [Exception (): a 'com/amazon/kcfpositionmapcreator/e/b'{0x0000000714229c80} in {method} {0x00000001326f80b8} 'g' '(Lcom/amazon/kaf/c/s;)V' in 'com/amazon/kcfpositionmapcreator/d/b' at 0x000000011d1cb838]
[5.605s][info][exceptions] 1028 [Exception (): a 'com/amazon/kcfpositionmapcreator/e/b'{0x000000071422a9d8} in {method} {0x00000001326f80b8} 'g' '(Lcom/amazon/kaf/c/s;)V' in 'com/amazon/kcfpositionmapcreator/d/b' at 0x000000011d1cb838]
[5.605s][info][exceptions] 1029 [Exception (): a 'com/amazon/kcfpositionmapcreator/e/b'{0x000000071422b4e0} in {method} {0x00000001326f80b8} 'g' '(Lcom/amazon/kaf/c/s;)V' in 'com/amazon/kcfpositionmapcreator/d/b' at 0x000000011d1cb838]
[5.606s][info][exceptions] 1030 [Exception (): a 'com/amazon/kcfpositionmapcreator/e/b'{0x000000071422d140} in {method} {0x00000001326f80b8} 'g' '(Lcom/amazon/kaf/c/s;)V' in 'com/amazon/kcfpositionmapcreator/d/b' at 0x000000011d1cb838]
[5.606s][info][exceptions] 1031 [Exception (): a 'com/amazon/kcfpositionmapcreator/e/b'{0x0000000714230ba0} in {method} {0x00000001326f80b8} 'g' '(Lcom/amazon/kaf/c/s;)V' in 'com/amazon/kcfpositionmapcreator/d/b' at 0x000000011d1cb838]
[5.606s][info][exceptions] 1032 [Exception (): a 'com/amazon/kcfpositionmapcreator/e/b'{0x0000000714233730} in {method} {0x00000001326f80b8} 'g' '(Lcom/amazon/kaf/c/s;)V' in 'com/amazon/kcfpositionmapcreator/d/b' at 0x000000011d1cb838]
[5.606s][info][exceptions] 1033 [Exception (): a 'com/amazon/kcfpositionmapcreator/e/b'{0x00000007142362c0} in {method} {0x00000001326f80b8} 'g' '(Lcom/amazon/kaf/c/s;)V' in 'com/amazon/kcfpositionmapcreator/d/b' at 0x000000011d1cb838]
[5.606s][info][exceptions] 1034 [Exception (): a 'com/amazon/kcfpositionmapcreator/e/b'{0x0000000714238e50} in {method} {0x00000001326f80b8} 'g' '(Lcom/amazon/kaf/c/s;)V' in 'com/amazon/kcfpositionmapcreator/d/b' at 0x000000011d1cb838]
[5.606s][info][exceptions] 1035 [Exception (): a 'com/amazon/kcfpositionmapcreator/e/b'{0x000000071423bc38} in {method} {0x00000001326f80b8} 'g' '(Lcom/amazon/kaf/c/s;)V' in 'com/amazon/kcfpositionmapcreator/d/b' at 0x000000011d1cb838]
[5.606s][info][exceptions] 1036 [Exception (): a 'com/amazon/kcfpositionmapcreator/e/b'{0x000000071423c740} in {method} {0x00000001326f80b8} 'g' '(Lcom/amazon/kaf/c/s;)V' in 'com/amazon/kcfpositionmapcreator/d/b' at 0x000000011d1cb838]
[5.606s][info][exceptions] 1037 [Exception (): a 'com/amazon/kcfpositionmapcreator/e/b'{0x000000071423e3a0} in {method} {0x00000001326f80b8} 'g' '(Lcom/amazon/kaf/c/s;)V' in 'com/amazon/kcfpositionmapcreator/d/b' at 0x000000011d1cb838]
[5.606s][info][exceptions] 1038 [Exception (): a 'com/amazon/kcfpositionmapcreator/e/b'{0x0000000714240a40} in {method} {0x00000001326f80b8} 'g' '(Lcom/amazon/kaf/c/s;)V' in 'com/amazon/kcfpositionmapcreator/d/b' at 0x000000011d1cb838]
[5.606s][info][exceptions] 1039 [Exception (): a 'com/amazon/kcfpositionmapcreator/e/b'{0x00000007142435d0} in {method} {0x00000001326f80b8} 'g' '(Lcom/amazon/kaf/c/s;)V' in 'com/amazon/kcfpositionmapcreator/d/b' at 0x000000011d1cb838]
[5.607s][info][exceptions] 1040 [Exception (): a 'com/amazon/kcfpositionmapcreator/e/b'{0x0000000714246b08} in {method} {0x00000001326f80b8} 'g' '(Lcom/amazon/kaf/c/s;)V' in 'com/amazon/kcfpositionmapcreator/d/b' at 0x000000011d1cb838]
[5.607s][info][exceptions] 1041 [Exception (): a 'com/amazon/kcfpositionmapcreator/e/b'{0x0000000714249698} in {method} {0x00000001326f80b8} 'g' '(Lcom/amazon/kaf/c/s;)V' in 'com/amazon/kcfpositionmapcreator/d/b' at 0x000000011d1cb838]
[5.607s][info][exceptions] 1042 [Exception (): a 'com/amazon/kcfpositionmapcreator/e/b'{0x000000071424ce28} in {method} {0x00000001326f80b8} 'g' '(Lcom/amazon/kaf/c/s;)V' in 'com/amazon/kcfpositionmapcreator/d/b' at 0x000000011d1cb838]
[5.607s][info][exceptions] 1043 [Exception (): a 'com/amazon/kcfpositionmapcreator/e/b'{0x000000071424d930} in {method} {0x00000001326f80b8} 'g' '(Lcom/amazon/kaf/c/s;)V' in 'com/amazon/kcfpositionmapcreator/d/b' at 0x000000011d1cb838]
[5.607s][info][exceptions] 1044 [Exception (): a 'com/amazon/kcfpositionmapcreator/e/b'{0x000000071424f590} in {method} {0x00000001326f80b8} 'g' '(Lcom/amazon/kaf/c/s;)V' in 'com/amazon/kcfpositionmapcreator/d/b' at 0x000000011d1cb838]
[5.607s][info][exceptions] 1045 [Exception (): a 'com/amazon/kcfpositionmapcreator/e/b'{0x0000000714251c30} in {method} {0x00000001326f80b8} 'g' '(Lcom/amazon/kaf/c/s;)V' in 'com/amazon/kcfpositionmapcreator/d/b' at 0x000000011d1cb838]
[5.607s][info][exceptions] 1046 [Exception (): a 'com/amazon/kcfpositionmapcreator/e/b'{0x00000007142547c0} in {method} {0x00000001326f80b8} 'g' '(Lcom/amazon/kaf/c/s;)V' in 'com/amazon/kcfpositionmapcreator/d/b' at 0x000000011d1cb838]
[5.607s][info][exceptions] 1047 [Exception (): a 'com/amazon/kcfpositionmapcreator/e/b'{0x0000000714257350} in {method} {0x00000001326f80b8} 'g' '(Lcom/amazon/kaf/c/s;)V' in 'com/amazon/kcfpositionmapcreator/d/b' at 0x000000011d1cb838]
[5.607s][info][exceptions] 1048 [Exception (): a 'com/amazon/kcfpositionmapcreator/e/b'{0x000000071425a888} in {method} {0x00000001326f80b8} 'g' '(Lcom/amazon/kaf/c/s;)V' in 'com/amazon/kcfpositionmapcreator/d/b' at 0x000000011d1cb838]
[5.607s][info][exceptions] 1049 [Exception (): a 'com/amazon/kcfpositionmapcreator/e/b'{0x000000071425d670} in {method} {0x00000001326f80b8} 'g' '(Lcom/amazon/kaf/c/s;)V' in 'com/amazon/kcfpositionmapcreator/d/b' at 0x000000011d1cb838]
[5.607s][info][exceptions] 1050 [Exception (): a 'com/amazon/kcfpositionmapcreator/e/b'{0x000000071425e178} in {method} {0x00000001326f80b8} 'g' '(Lcom/amazon/kaf/c/s;)V' in 'com/amazon/kcfpositionmapcreator/d/b' at 0x000000011d1cb838]
[5.608s][info][exceptions] 1051 [Exception (): a 'com/amazon/kcfpositionmapcreator/e/b'{0x000000071425fdd8} in {method} {0x00000001326f80b8} 'g' '(Lcom/amazon/kaf/c/s;)V' in 'com/amazon/kcfpositionmapcreator/d/b' at 0x000000011d1cb838]
[5.608s][info][exceptions] 1052 [Exception (): a 'com/amazon/kcfpositionmapcreator/e/b'{0x0000000714262478} in {method} {0x00000001326f80b8} 'g' '(Lcom/amazon/kaf/c/s;)V' in 'com/amazon/kcfpositionmapcreator/d/b' at 0x000000011d1cb838]
[5.608s][info][exceptions] 1053 [Exception (): a 'com/amazon/kcfpositionmapcreator/e/b'{0x0000000714265008} in {method} {0x00000001326f80b8} 'g' '(Lcom/amazon/kaf/c/s;)V' in 'com/amazon/kcfpositionmapcreator/d/b' at 0x000000011d1cb838]
[5.608s][info][exceptions] 1054 [Exception (): a 'com/amazon/kcfpositionmapcreator/e/b'{0x0000000714267b98} in {method} {0x00000001326f80b8} 'g' '(Lcom/amazon/kaf/c/s;)V' in 'com/amazon/kcfpositionmapcreator/d/b' at 0x000000011d1cb838]
[5.608s][info][exceptions] 1055 [Exception (): a 'com/amazon/kcfpositionmapcreator/e/b'{0x000000071426a728} in {method} {0x00000001326f80b8} 'g' '(Lcom/amazon/kaf/c/s;)V' in 'com/amazon/kcfpositionmapcreator/d/b' at 0x000000011d1cb838]
[5.608s][info][exceptions] 1056 [Exception (): a 'com/amazon/kcfpositionmapcreator/e/b'{0x000000071426deb8} in {method} {0x00000001326f80b8} 'g' '(Lcom/amazon/kaf/c/s;)V' in 'com/amazon/kcfpositionmapcreator/d/b' at 0x000000011d1cb838]
[5.608s][info][exceptions] 1057 [Exception (): a 'com/amazon/kcfpositionmapcreator/e/b'{0x000000071426e9c0} in {method} {0x00000001326f80b8} 'g' '(Lcom/amazon/kaf/c/s;)V' in 'com/amazon/kcfpositionmapcreator/d/b' at 0x000000011d1cb838]
[5.608s][info][exceptions] 1058 [Exception (): a 'com/amazon/kcfpositionmapcreator/e/b'{0x0000000714270620} in {method} {0x00000001326f80b8} 'g' '(Lcom/amazon/kaf/c/s;)V' in 'com/amazon/kcfpositionmapcreator/d/b' at 0x000000011d1cb838]
[5.608s][info][exceptions] 1059 [Exception (): a 'com/amazon/kcfpositionmapcreator/e/b'{0x0000000714274080} in {method} {0x00000001326f80b8} 'g' '(Lcom/amazon/kaf/c/s;)V' in 'com/amazon/kcfpositionmapcreator/d/b' at 0x000000011d1cb838]
[5.608s][info][exceptions] 1060 [Exception (): a 'com/amazon/kcfpositionmapcreator/e/b'{0x00000007142775b8} in {method} {0x00000001326f80b8} 'g' '(Lcom/amazon/kaf/c/s;)V' in 'com/amazon/kcfpositionmapcreator/d/b' at 0x000000011d1cb838]
[5.609s][info][exceptions] 1061 [Exception (): a 'com/amazon/kcfpositionmapcreator/e/b'{0x000000071427a148} in {method} {0x00000001326f80b8} 'g' '(Lcom/amazon/kaf/c/s;)V' in 'com/amazon/kcfpositionmapcreator/d/b' at 0x000000011d1cb838]
[5.609s][info][exceptions] 1062 [Exception (): a 'com/amazon/kcfpositionmapcreator/e/b'{0x000000071427ccd8} in {method} {0x00000001326f80b8} 'g' '(Lcom/amazon/kaf/c/s;)V' in 'com/amazon/kcfpositionmapcreator/d/b' at 0x000000011d1cb838]
[5.609s][info][exceptions] 1063 [Exception (): a 'com/amazon/kcfpositionmapcreator/e/b'{0x000000071427fac0} in {method} {0x00000001326f80b8} 'g' '(Lcom/amazon/kaf/c/s;)V' in 'com/amazon/kcfpositionmapcreator/d/b' at 0x000000011d1cb838]
[5.609s][info][exceptions] 1064 [Exception (): a 'com/amazon/kcfpositionmapcreator/e/b'{0x0000000714280818} in {method} {0x00000001326f80b8} 'g' '(Lcom/amazon/kaf/c/s;)V' in 'com/amazon/kcfpositionmapcreator/d/b' at 0x000000011d1cb838]
[5.609s][info][exceptions] 1065 [Exception (): a 'com/amazon/kcfpositionmapcreator/e/b'{0x0000000714282478} in {method} {0x00000001326f80b8} 'g' '(Lcom/amazon/kaf/c/s;)V' in 'com/amazon/kcfpositionmapcreator/d/b' at 0x000000011d1cb838]
[5.609s][info][exceptions] 1066 [Exception (): a 'com/amazon/kcfpositionmapcreator/e/b'{0x0000000714284628} in {method} {0x00000001326f80b8} 'g' '(Lcom/amazon/kaf/c/s;)V' in 'com/amazon/kcfpositionmapcreator/d/b' at 0x000000011d1cb838]
[5.609s][info][exceptions] 1067 [Exception (): a 'com/amazon/kcfpositionmapcreator/e/b'{0x00000007142871b8} in {method} {0x00000001326f80b8} 'g' '(Lcom/amazon/kaf/c/s;)V' in 'com/amazon/kcfpositionmapcreator/d/b' at 0x000000011d1cb838]
[5.609s][info][exceptions] 1068 [Exception (): a 'com/amazon/kcfpositionmapcreator/e/b'{0x000000071428a6f0} in {method} {0x00000001326f80b8} 'g' '(Lcom/amazon/kaf/c/s;)V' in 'com/amazon/kcfpositionmapcreator/d/b' at 0x000000011d1cb838]
[5.609s][info][exceptions] 1069 [Exception (): a 'com/amazon/kcfpositionmapcreator/e/b'{0x000000071428dc28} in {method} {0x00000001326f80b8} 'g' '(Lcom/amazon/kaf/c/s;)V' in 'com/amazon/kcfpositionmapcreator/d/b' at 0x000000011d1cb838]
[5.609s][info][exceptions] 1070 [Exception (): a 'com/amazon/kcfpositionmapcreator/e/b'{0x0000000714290a10} in {method} {0x00000001326f80b8} 'g' '(Lcom/amazon/kaf/c/s;)V' in 'com/amazon/kcfpositionmapcreator/d/b' at 0x000000011d1cb838]
[5.609s][info][exceptions] 1071 [Exception (): a 'com/amazon/kcfpositionmapcreator/e/b'{0x0000000714291518} in {method} {0x00000001326f80b8} 'g' '(Lcom/amazon/kaf/c/s;)V' in 'com/amazon/kcfpositionmapcreator/d/b' at 0x000000011d1cb838]
[5.610s][info][exceptions] 1072 [Exception (): a 'com/amazon/kcfpositionmapcreator/e/b'{0x0000000714293178} in {method} {0x00000001326f80b8} 'g' '(Lcom/amazon/kaf/c/s;)V' in 'com/amazon/kcfpositionmapcreator/d/b' at 0x000000011d1cb838]
[5.610s][info][exceptions] 1073 [Exception (): a 'com/amazon/kcfpositionmapcreator/e/b'{0x0000000714295818} in {method} {0x00000001326f80b8} 'g' '(Lcom/amazon/kaf/c/s;)V' in 'com/amazon/kcfpositionmapcreator/d/b' at 0x000000011d1cb838]
[5.610s][info][exceptions] 1074 [Exception (): a 'com/amazon/kcfpositionmapcreator/e/b'{0x00000007142983a8} in {method} {0x00000001326f80b8} 'g' '(Lcom/amazon/kaf/c/s;)V' in 'com/amazon/kcfpositionmapcreator/d/b' at 0x000000011d1cb838]
[5.610s][info][exceptions] 1075 [Exception (): a 'com/amazon/kcfpositionmapcreator/e/b'{0x000000071429b8e0} in {method} {0x00000001326f80b8} 'g' '(Lcom/amazon/kaf/c/s;)V' in 'com/amazon/kcfpositionmapcreator/d/b' at 0x000000011d1cb838]
[5.610s][info][exceptions] 1076 [Exception (): a 'com/amazon/kcfpositionmapcreator/e/b'{0x000000071429ee18} in {method} {0x00000001326f80b8} 'g' '(Lcom/amazon/kaf/c/s;)V' in 'com/amazon/kcfpositionmapcreator/d/b' at 0x000000011d1cb838]
[5.610s][info][exceptions] 1077 [Exception (): a 'com/amazon/kcfpositionmapcreator/e/b'{0x00000007142a25a8} in {method} {0x00000001326f80b8} 'g' '(Lcom/amazon/kaf/c/s;)V' in 'com/amazon/kcfpositionmapcreator/d/b' at 0x000000011d1cb838]
[5.610s][info][exceptions] 1078 [Exception (): a 'com/amazon/kcfpositionmapcreator/e/b'{0x00000007142a30b0} in {method} {0x00000001326f80b8} 'g' '(Lcom/amazon/kaf/c/s;)V' in 'com/amazon/kcfpositionmapcreator/d/b' at 0x000000011d1cb838]
[5.610s][info][exceptions] 1079 [Exception (): a 'com/amazon/kcfpositionmapcreator/e/b'{0x00000007142a4d10} in {method} {0x00000001326f80b8} 'g' '(Lcom/amazon/kaf/c/s;)V' in 'com/amazon/kcfpositionmapcreator/d/b' at 0x000000011d1cb838]
[5.610s][info][exceptions] 1080 [Exception (): a 'com/amazon/kcfpositionmapcreator/e/b'{0x00000007142a8280} in {method} {0x00000001326f80b8} 'g' '(Lcom/amazon/kaf/c/s;)V' in 'com/amazon/kcfpositionmapcreator/d/b' at 0x000000011d1cb838]
[5.610s][info][exceptions] 1081 [Exception (): a 'com/amazon/kcfpositionmapcreator/e/b'{0x00000007142aae10} in {method} {0x00000001326f80b8} 'g' '(Lcom/amazon/kaf/c/s;)V' in 'com/amazon/kcfpositionmapcreator/d/b' at 0x000000011d1cb838]
[5.611s][info][exceptions] 1082 [Exception (): a 'com/amazon/kcfpositionmapcreator/e/b'{0x00000007142ad9a0} in {method} {0x00000001326f80b8} 'g' '(Lcom/amazon/kaf/c/s;)V' in 'com/amazon/kcfpositionmapcreator/d/b' at 0x000000011d1cb838]
[5.611s][info][exceptions] 1083 [Exception (): a 'com/amazon/kcfpositionmapcreator/e/b'{0x00000007142b0ed8} in {method} {0x00000001326f80b8} 'g' '(Lcom/amazon/kaf/c/s;)V' in 'com/amazon/kcfpositionmapcreator/d/b' at 0x000000011d1cb838]
[5.611s][info][exceptions] 1084 [Exception (): a 'com/amazon/kcfpositionmapcreator/e/b'{0x00000007142b3a68} in {method} {0x00000001326f80b8} 'g' '(Lcom/amazon/kaf/c/s;)V' in 'com/amazon/kcfpositionmapcreator/d/b' at 0x000000011d1cb838]
[5.614s][info][exceptions] 1085 [Exception (): a 'com/amazon/kcfpositionmapcreator/e/b'{0x000000071410a288} in {method} {0x00000001326f80b8} 'g' '(Lcom/amazon/kaf/c/s;)V' in 'com/amazon/kcfpositionmapcreator/d/b' at 0x000000011d1cb838]
[5.614s][info][exceptions] 1086 [Exception (): a 'com/amazon/kcfpositionmapcreator/e/b'{0x000000071410ad10} in {method} {0x00000001326f80b8} 'g' '(Lcom/amazon/kaf/c/s;)V' in 'com/amazon/kcfpositionmapcreator/d/b' at 0x000000011d1cb838]
[5.614s][info][exceptions] 1087 [Exception (): a 'com/amazon/kcfpositionmapcreator/e/b'{0x000000071410b948} in {method} {0x00000001326f80b8} 'g' '(Lcom/amazon/kaf/c/s;)V' in 'com/amazon/kcfpositionmapcreator/d/b' at 0x000000011d1cb838]
[5.614s][info][exceptions] 1088 [Exception (): a 'com/amazon/kcfpositionmapcreator/e/b'{0x000000071410c450} in {method} {0x00000001326f80b8} 'g' '(Lcom/amazon/kaf/c/s;)V' in 'com/amazon/kcfpositionmapcreator/d/b' at 0x000000011d1cb838]
[5.614s][info][exceptions] 1089 [Exception (): a 'com/amazon/kcfpositionmapcreator/e/b'{0x000000071410f4d0} in {method} {0x00000001326f80b8} 'g' '(Lcom/amazon/kaf/c/s;)V' in 'com/amazon/kcfpositionmapcreator/d/b' at 0x000000011d1cb838]
[5.614s][info][exceptions] 1090 [Exception (): a 'com/amazon/kcfpositionmapcreator/e/b'{0x0000000714115ac0} in {method} {0x00000001326f80b8} 'g' '(Lcom/amazon/kaf/c/s;)V' in 'com/amazon/kcfpositionmapcreator/d/b' at 0x000000011d1cb838]
[5.614s][info][exceptions] 1091 [Exception (): a 'com/amazon/kcfpositionmapcreator/e/b'{0x0000000714119520} in {method} {0x00000001326f80b8} 'g' '(Lcom/amazon/kaf/c/s;)V' in 'com/amazon/kcfpositionmapcreator/d/b' at 0x000000011d1cb838]
[5.614s][info][exceptions] 1092 [Exception (): a 'com/amazon/kcfpositionmapcreator/e/b'{0x000000071411fa28} in {method} {0x00000001326f80b8} 'g' '(Lcom/amazon/kaf/c/s;)V' in 'com/amazon/kcfpositionmapcreator/d/b' at 0x000000011d1cb838]
[5.615s][info][exceptions] 1093 [Exception (): a 'com/amazon/kcfpositionmapcreator/e/b'{0x0000000714120660} in {method} {0x00000001326f80b8} 'g' '(Lcom/amazon/kaf/c/s;)V' in 'com/amazon/kcfpositionmapcreator/d/b' at 0x000000011d1cb838]
[5.615s][info][exceptions] 1094 [Exception (): a 'com/amazon/kcfpositionmapcreator/e/b'{0x0000000714121168} in {method} {0x00000001326f80b8} 'g' '(Lcom/amazon/kaf/c/s;)V' in 'com/amazon/kcfpositionmapcreator/d/b' at 0x000000011d1cb838]
[5.615s][info][exceptions] 1095 [Exception (): a 'com/amazon/kcfpositionmapcreator/e/b'{0x0000000714122dc8} in {method} {0x00000001326f80b8} 'g' '(Lcom/amazon/kaf/c/s;)V' in 'com/amazon/kcfpositionmapcreator/d/b' at 0x000000011d1cb838]
[5.615s][info][exceptions] 1096 [Exception (): a 'com/amazon/kcfpositionmapcreator/e/b'{0x0000000714125468} in {method} {0x00000001326f80b8} 'g' '(Lcom/amazon/kaf/c/s;)V' in 'com/amazon/kcfpositionmapcreator/d/b' at 0x000000011d1cb838]
[5.615s][info][exceptions] 1097 [Exception (): a 'com/amazon/kcfpositionmapcreator/e/b'{0x00000007141284e8} in {method} {0x00000001326f80b8} 'g' '(Lcom/amazon/kaf/c/s;)V' in 'com/amazon/kcfpositionmapcreator/d/b' at 0x000000011d1cb838]
[5.615s][info][exceptions] 1098 [Exception (): a 'com/amazon/kcfpositionmapcreator/e/b'{0x000000071412bea0} in {method} {0x00000001326f80b8} 'g' '(Lcom/amazon/kaf/c/s;)V' in 'com/amazon/kcfpositionmapcreator/d/b' at 0x000000011d1cb838]
[5.615s][info][exceptions] 1099 [Exception (): a 'com/amazon/kcfpositionmapcreator/e/b'{0x000000071412c9a8} in {method} {0x00000001326f80b8} 'g' '(Lcom/amazon/kaf/c/s;)V' in 'com/amazon/kcfpositionmapcreator/d/b' at 0x000000011d1cb838]
[5.615s][info][exceptions] 1100 [Exception (): a 'com/amazon/kcfpositionmapcreator/e/b'{0x000000071412e608} in {method} {0x00000001326f80b8} 'g' '(Lcom/amazon/kaf/c/s;)V' in 'com/amazon/kcfpositionmapcreator/d/b' at 0x000000011d1cb838]
[5.615s][info][exceptions] 1101 [Exception (): a 'com/amazon/kcfpositionmapcreator/e/b'{0x0000000714130ca8} in {method} {0x00000001326f80b8} 'g' '(Lcom/amazon/kaf/c/s;)V' in 'com/amazon/kcfpositionmapcreator/d/b' at 0x000000011d1cb838]
[5.615s][info][exceptions] 1102 [Exception (): a 'com/amazon/kcfpositionmapcreator/e/b'{0x0000000714133d28} in {method} {0x00000001326f80b8} 'g' '(Lcom/amazon/kaf/c/s;)V' in 'com/amazon/kcfpositionmapcreator/d/b' at 0x000000011d1cb838]
[5.615s][info][exceptions] 1103 [Exception (): a 'com/amazon/kcfpositionmapcreator/e/b'{0x00000007141376e0} in {method} {0x00000001326f80b8} 'g' '(Lcom/amazon/kaf/c/s;)V' in 'com/amazon/kcfpositionmapcreator/d/b' at 0x000000011d1cb838]
[5.615s][info][exceptions] 1104 [Exception (): a 'com/amazon/kcfpositionmapcreator/e/b'{0x00000007141381e8} in {method} {0x00000001326f80b8} 'g' '(Lcom/amazon/kaf/c/s;)V' in 'com/amazon/kcfpositionmapcreator/d/b' at 0x000000011d1cb838]
[5.616s][info][exceptions] 1105 [Exception (): a 'com/amazon/kcfpositionmapcreator/e/b'{0x0000000714139e48} in {method} {0x00000001326f80b8} 'g' '(Lcom/amazon/kaf/c/s;)V' in 'com/amazon/kcfpositionmapcreator/d/b' at 0x000000011d1cb838]
[5.616s][info][exceptions] 1106 [Exception (): a 'com/amazon/kcfpositionmapcreator/e/b'{0x000000071413c4e8} in {method} {0x00000001326f80b8} 'g' '(Lcom/amazon/kaf/c/s;)V' in 'com/amazon/kcfpositionmapcreator/d/b' at 0x000000011d1cb838]
[5.616s][info][exceptions] 1107 [Exception (): a 'com/amazon/kcfpositionmapcreator/e/b'{0x000000071413f568} in {method} {0x00000001326f80b8} 'g' '(Lcom/amazon/kaf/c/s;)V' in 'com/amazon/kcfpositionmapcreator/d/b' at 0x000000011d1cb838]
[5.616s][info][exceptions] 1108 [Exception (): a 'com/amazon/kcfpositionmapcreator/e/b'{0x0000000714142f20} in {method} {0x00000001326f80b8} 'g' '(Lcom/amazon/kaf/c/s;)V' in 'com/amazon/kcfpositionmapcreator/d/b' at 0x000000011d1cb838]
[5.616s][info][exceptions] 1109 [Exception (): a 'com/amazon/kcfpositionmapcreator/e/b'{0x0000000714143a28} in {method} {0x00000001326f80b8} 'g' '(Lcom/amazon/kaf/c/s;)V' in 'com/amazon/kcfpositionmapcreator/d/b' at 0x000000011d1cb838]
[5.616s][info][exceptions] 1110 [Exception (): a 'com/amazon/kcfpositionmapcreator/e/b'{0x0000000714145688} in {method} {0x00000001326f80b8} 'g' '(Lcom/amazon/kaf/c/s;)V' in 'com/amazon/kcfpositionmapcreator/d/b' at 0x000000011d1cb838]
[5.616s][info][exceptions] 1111 [Exception (): a 'com/amazon/kcfpositionmapcreator/e/b'{0x0000000714147d28} in {method} {0x00000001326f80b8} 'g' '(Lcom/amazon/kaf/c/s;)V' in 'com/amazon/kcfpositionmapcreator/d/b' at 0x000000011d1cb838]
[5.616s][info][exceptions] 1112 [Exception (): a 'com/amazon/kcfpositionmapcreator/e/b'{0x000000071414ada8} in {method} {0x00000001326f80b8} 'g' '(Lcom/amazon/kaf/c/s;)V' in 'com/amazon/kcfpositionmapcreator/d/b' at 0x000000011d1cb838]
[5.616s][info][exceptions] 1113 [Exception (): a 'com/amazon/kcfpositionmapcreator/e/b'{0x000000071414e760} in {method} {0x00000001326f80b8} 'g' '(Lcom/amazon/kaf/c/s;)V' in 'com/amazon/kcfpositionmapcreator/d/b' at 0x000000011d1cb838]
[5.616s][info][exceptions] 1114 [Exception (): a 'com/amazon/kcfpositionmapcreator/e/b'{0x000000071414f268} in {method} {0x00000001326f80b8} 'g' '(Lcom/amazon/kaf/c/s;)V' in 'com/amazon/kcfpositionmapcreator/d/b' at 0x000000011d1cb838]
[5.616s][info][exceptions] 1115 [Exception (): a 'com/amazon/kcfpositionmapcreator/e/b'{0x0000000714150ec8} in {method} {0x00000001326f80b8} 'g' '(Lcom/amazon/kaf/c/s;)V' in 'com/amazon/kcfpositionmapcreator/d/b' at 0x000000011d1cb838]
[5.617s][info][exceptions] 1116 [Exception (): a 'com/amazon/kcfpositionmapcreator/e/b'{0x0000000714153568} in {method} {0x00000001326f80b8} 'g' '(Lcom/amazon/kaf/c/s;)V' in 'com/amazon/kcfpositionmapcreator/d/b' at 0x000000011d1cb838]
[5.617s][info][exceptions] 1117 [Exception (): a 'com/amazon/kcfpositionmapcreator/e/b'{0x00000007141565e8} in {method} {0x00000001326f80b8} 'g' '(Lcom/amazon/kaf/c/s;)V' in 'com/amazon/kcfpositionmapcreator/d/b' at 0x000000011d1cb838]
[5.617s][info][exceptions] 1118 [Exception (): a 'com/amazon/kcfpositionmapcreator/e/b'{0x0000000714159fa0} in {method} {0x00000001326f80b8} 'g' '(Lcom/amazon/kaf/c/s;)V' in 'com/amazon/kcfpositionmapcreator/d/b' at 0x000000011d1cb838]
[5.617s][info][exceptions] 1119 [Exception (): a 'com/amazon/kcfpositionmapcreator/e/b'{0x000000071415aaa8} in {method} {0x00000001326f80b8} 'g' '(Lcom/amazon/kaf/c/s;)V' in 'com/amazon/kcfpositionmapcreator/d/b' at 0x000000011d1cb838]
[5.617s][info][exceptions] 1120 [Exception (): a 'com/amazon/kcfpositionmapcreator/e/b'{0x000000071415c708} in {method} {0x00000001326f80b8} 'g' '(Lcom/amazon/kaf/c/s;)V' in 'com/amazon/kcfpositionmapcreator/d/b' at 0x000000011d1cb838]
[5.617s][info][exceptions] 1121 [Exception (): a 'com/amazon/kcfpositionmapcreator/e/b'{0x000000071415eda8} in {method} {0x00000001326f80b8} 'g' '(Lcom/amazon/kaf/c/s;)V' in 'com/amazon/kcfpositionmapcreator/d/b' at 0x000000011d1cb838]
[5.617s][info][exceptions] 1122 [Exception (): a 'com/amazon/kcfpositionmapcreator/e/b'{0x0000000714161e28} in {method} {0x00000001326f80b8} 'g' '(Lcom/amazon/kaf/c/s;)V' in 'com/amazon/kcfpositionmapcreator/d/b' at 0x000000011d1cb838]
[5.617s][info][exceptions] 1123 [Exception (): a 'com/amazon/kcfpositionmapcreator/e/b'{0x00000007141657e0} in {method} {0x00000001326f80b8} 'g' '(Lcom/amazon/kaf/c/s;)V' in 'com/amazon/kcfpositionmapcreator/d/b' at 0x000000011d1cb838]
[5.617s][info][exceptions] 1124 [Exception (): a 'com/amazon/kcfpositionmapcreator/e/b'{0x00000007141662e8} in {method} {0x00000001326f80b8} 'g' '(Lcom/amazon/kaf/c/s;)V' in 'com/amazon/kcfpositionmapcreator/d/b' at 0x000000011d1cb838]
[5.617s][info][exceptions] 1125 [Exception (): a 'com/amazon/kcfpositionmapcreator/e/b'{0x0000000714167f48} in {method} {0x00000001326f80b8} 'g' '(Lcom/amazon/kaf/c/s;)V' in 'com/amazon/kcfpositionmapcreator/d/b' at 0x000000011d1cb838]
[5.618s][info][exceptions] 1126 [Exception (): a 'com/amazon/kcfpositionmapcreator/e/b'{0x000000071416a5e8} in {method} {0x00000001326f80b8} 'g' '(Lcom/amazon/kaf/c/s;)V' in 'com/amazon/kcfpositionmapcreator/d/b' at 0x000000011d1cb838]
[5.618s][info][exceptions] 1127 [Exception (): a 'com/amazon/kcfpositionmapcreator/e/b'{0x000000071416d668} in {method} {0x00000001326f80b8} 'g' '(Lcom/amazon/kaf/c/s;)V' in 'com/amazon/kcfpositionmapcreator/d/b' at 0x000000011d1cb838]
[5.618s][info][exceptions] 1128 [Exception (): a 'com/amazon/kcfpositionmapcreator/e/b'{0x0000000714171020} in {method} {0x00000001326f80b8} 'g' '(Lcom/amazon/kaf/c/s;)V' in 'com/amazon/kcfpositionmapcreator/d/b' at 0x000000011d1cb838]
[5.618s][info][exceptions] 1129 [Exception (): a 'com/amazon/kcfpositionmapcreator/e/b'{0x0000000714171b28} in {method} {0x00000001326f80b8} 'g' '(Lcom/amazon/kaf/c/s;)V' in 'com/amazon/kcfpositionmapcreator/d/b' at 0x000000011d1cb838]
[5.618s][info][exceptions] 1130 [Exception (): a 'com/amazon/kcfpositionmapcreator/e/b'{0x0000000714173788} in {method} {0x00000001326f80b8} 'g' '(Lcom/amazon/kaf/c/s;)V' in 'com/amazon/kcfpositionmapcreator/d/b' at 0x000000011d1cb838]
[5.618s][info][exceptions] 1131 [Exception (): a 'com/amazon/kcfpositionmapcreator/e/b'{0x0000000714175e28} in {method} {0x00000001326f80b8} 'g' '(Lcom/amazon/kaf/c/s;)V' in 'com/amazon/kcfpositionmapcreator/d/b' at 0x000000011d1cb838]
[5.618s][info][exceptions] 1132 [Exception (): a 'com/amazon/kcfpositionmapcreator/e/b'{0x0000000714178ea8} in {method} {0x00000001326f80b8} 'g' '(Lcom/amazon/kaf/c/s;)V' in 'com/amazon/kcfpositionmapcreator/d/b' at 0x000000011d1cb838]
[5.618s][info][exceptions] 1133 [Exception (): a 'com/amazon/kcfpositionmapcreator/e/b'{0x000000071417c860} in {method} {0x00000001326f80b8} 'g' '(Lcom/amazon/kaf/c/s;)V' in 'com/amazon/kcfpositionmapcreator/d/b' at 0x000000011d1cb838]
[5.618s][info][exceptions] 1134 [Exception (): a 'com/amazon/kcfpositionmapcreator/e/b'{0x000000071417d368} in {method} {0x00000001326f80b8} 'g' '(Lcom/amazon/kaf/c/s;)V' in 'com/amazon/kcfpositionmapcreator/d/b' at 0x000000011d1cb838]
[5.618s][info][exceptions] 1135 [Exception (): a 'com/amazon/kcfpositionmapcreator/e/b'{0x000000071417efc8} in {method} {0x00000001326f80b8} 'g' '(Lcom/amazon/kaf/c/s;)V' in 'com/amazon/kcfpositionmapcreator/d/b' at 0x000000011d1cb838]
[5.618s][info][exceptions] 1136 [Exception (): a 'com/amazon/kcfpositionmapcreator/e/b'{0x00000007141813c0} in {method} {0x00000001326f80b8} 'g' '(Lcom/amazon/kaf/c/s;)V' in 'com/amazon/kcfpositionmapcreator/d/b' at 0x000000011d1cb838]
[5.619s][info][exceptions] 1137 [Exception (): a 'com/amazon/kcfpositionmapcreator/e/b'{0x0000000714184440} in {method} {0x00000001326f80b8} 'g' '(Lcom/amazon/kaf/c/s;)V' in 'com/amazon/kcfpositionmapcreator/d/b' at 0x000000011d1cb838]
[5.620s][info][exceptions] 1138 [Exception (): a 'com/amazon/kcfpositionmapcreator/e/b'{0x00000007141a02f8} in {method} {0x00000001326f80b8} 'g' '(Lcom/amazon/kaf/c/s;)V' in 'com/amazon/kcfpositionmapcreator/d/b' at 0x000000011d1cb838]
[5.620s][info][exceptions] 1139 [Exception (): a 'com/amazon/kcfpositionmapcreator/e/b'{0x00000007141a0d80} in {method} {0x00000001326f80b8} 'g' '(Lcom/amazon/kaf/c/s;)V' in 'com/amazon/kcfpositionmapcreator/d/b' at 0x000000011d1cb838]
[5.620s][info][exceptions] 1140 [Exception (): a 'com/amazon/kcfpositionmapcreator/e/b'{0x00000007141a19b8} in {method} {0x00000001326f80b8} 'g' '(Lcom/amazon/kaf/c/s;)V' in 'com/amazon/kcfpositionmapcreator/d/b' at 0x000000011d1cb838]
[5.620s][info][exceptions] 1141 [Exception (): a 'com/amazon/kcfpositionmapcreator/e/b'{0x00000007141a24c0} in {method} {0x00000001326f80b8} 'g' '(Lcom/amazon/kaf/c/s;)V' in 'com/amazon/kcfpositionmapcreator/d/b' at 0x000000011d1cb838]
[5.620s][info][exceptions] 1142 [Exception (): a 'com/amazon/kcfpositionmapcreator/e/b'{0x00000007141a6410} in {method} {0x00000001326f80b8} 'g' '(Lcom/amazon/kaf/c/s;)V' in 'com/amazon/kcfpositionmapcreator/d/b' at 0x000000011d1cb838]
[5.620s][info][exceptions] 1143 [Exception (): a 'com/amazon/kcfpositionmapcreator/e/b'{0x00000007141a9980} in {method} {0x00000001326f80b8} 'g' '(Lcom/amazon/kaf/c/s;)V' in 'com/amazon/kcfpositionmapcreator/d/b' at 0x000000011d1cb838]
[5.620s][info][exceptions] 1144 [Exception (): a 'com/amazon/kcfpositionmapcreator/e/b'{0x00000007141aca00} in {method} {0x00000001326f80b8} 'g' '(Lcom/amazon/kaf/c/s;)V' in 'com/amazon/kcfpositionmapcreator/d/b' at 0x000000011d1cb838]
[5.620s][info][exceptions] 1145 [Exception (): a 'com/amazon/kcfpositionmapcreator/e/b'{0x00000007141b0018} in {method} {0x00000001326f80b8} 'g' '(Lcom/amazon/kaf/c/s;)V' in 'com/amazon/kcfpositionmapcreator/d/b' at 0x000000011d1cb838]
[5.620s][info][exceptions] 1146 [Exception (): a 'com/amazon/kcfpositionmapcreator/e/b'{0x00000007141b0c50} in {method} {0x00000001326f80b8} 'g' '(Lcom/amazon/kaf/c/s;)V' in 'com/amazon/kcfpositionmapcreator/d/b' at 0x000000011d1cb838]
[5.620s][info][exceptions] 1147 [Exception (): a 'com/amazon/kcfpositionmapcreator/e/b'{0x00000007141b1758} in {method} {0x00000001326f80b8} 'g' '(Lcom/amazon/kaf/c/s;)V' in 'com/amazon/kcfpositionmapcreator/d/b' at 0x000000011d1cb838]
[5.621s][info][exceptions] 1148 [Exception (): a 'com/amazon/kcfpositionmapcreator/e/b'{0x00000007141bb0e8} in {method} {0x00000001326f80b8} 'g' '(Lcom/amazon/kaf/c/s;)V' in 'com/amazon/kcfpositionmapcreator/d/b' at 0x000000011d1cb838]
[5.621s][info][exceptions] 1149 [Exception (): a 'com/amazon/kcfpositionmapcreator/e/b'{0x00000007141cb278} in {method} {0x00000001326f80b8} 'g' '(Lcom/amazon/kaf/c/s;)V' in 'com/amazon/kcfpositionmapcreator/d/b' at 0x000000011d1cb838]
[5.621s][info][exceptions] 1150 [Exception (): a 'com/amazon/kcfpositionmapcreator/e/b'{0x00000007141cced8} in {method} {0x00000001326f80b8} 'g' '(Lcom/amazon/kaf/c/s;)V' in 'com/amazon/kcfpositionmapcreator/d/b' at 0x000000011d1cb838]
[5.621s][info][exceptions] 1151 [Exception (): a 'com/amazon/kcfpositionmapcreator/e/b'{0x00000007141cec70} in {method} {0x00000001326f80b8} 'g' '(Lcom/amazon/kaf/c/s;)V' in 'com/amazon/kcfpositionmapcreator/d/b' at 0x000000011d1cb838]
[5.621s][info][exceptions] 1152 [Exception (): a 'com/amazon/kcfpositionmapcreator/e/b'{0x00000007141cf778} in {method} {0x00000001326f80b8} 'g' '(Lcom/amazon/kaf/c/s;)V' in 'com/amazon/kcfpositionmapcreator/d/b' at 0x000000011d1cb838]
[5.622s][info][exceptions] 1153 [Exception (): a 'com/amazon/kcfpositionmapcreator/e/b'{0x00000007141df7e8} in {method} {0x00000001326f80b8} 'g' '(Lcom/amazon/kaf/c/s;)V' in 'com/amazon/kcfpositionmapcreator/d/b' at 0x000000011d1cb838]
[5.623s][info][exceptions] 1154 [Exception (): a 'com/amazon/kcfpositionmapcreator/e/b'{0x00000007141fd400} in {method} {0x00000001326f80b8} 'g' '(Lcom/amazon/kaf/c/s;)V' in 'com/amazon/kcfpositionmapcreator/d/b' at 0x000000011d1cb838]
[5.623s][info][exceptions] 1155 [Exception (): a 'com/amazon/kcfpositionmapcreator/e/b'{0x00000007141ff060} in {method} {0x00000001326f80b8} 'g' '(Lcom/amazon/kaf/c/s;)V' in 'com/amazon/kcfpositionmapcreator/d/b' at 0x000000011d1cb838]
[5.623s][info][exceptions] 1156 [Exception (): a 'com/amazon/kcfpositionmapcreator/e/b'{0x0000000714001808} in {method} {0x00000001326f80b8} 'g' '(Lcom/amazon/kaf/c/s;)V' in 'com/amazon/kcfpositionmapcreator/d/b' at 0x000000011d1cb838]
[5.623s][info][exceptions] 1157 [Exception (): a 'com/amazon/kcfpositionmapcreator/e/b'{0x0000000714002310} in {method} {0x00000001326f80b8} 'g' '(Lcom/amazon/kaf/c/s;)V' in 'com/amazon/kcfpositionmapcreator/d/b' at 0x000000011d1cb838]
[5.624s][info][exceptions] 1158 [Exception (): a 'com/amazon/kcfpositionmapcreator/e/b'{0x000000071400f8e0} in {method} {0x00000001326f80b8} 'g' '(Lcom/amazon/kaf/c/s;)V' in 'com/amazon/kcfpositionmapcreator/d/b' at 0x000000011d1cb838]
[5.625s][info][exceptions] 1159 [Exception (): a 'com/amazon/kcfpositionmapcreator/e/b'{0x000000071402c610} in {method} {0x00000001326f80b8} 'g' '(Lcom/amazon/kaf/c/s;)V' in 'com/amazon/kcfpositionmapcreator/d/b' at 0x000000011d1cb838]
[5.625s][info][exceptions] 1160 [Exception (): a 'com/amazon/kcfpositionmapcreator/e/b'{0x000000071402e270} in {method} {0x00000001326f80b8} 'g' '(Lcom/amazon/kaf/c/s;)V' in 'com/amazon/kcfpositionmapcreator/d/b' at 0x000000011d1cb838]
[5.626s][info][exceptions] 1161 [Exception (): a 'com/amazon/kcfpositionmapcreator/e/b'{0x0000000714046488} in {method} {0x00000001326f80b8} 'g' '(Lcom/amazon/kaf/c/s;)V' in 'com/amazon/kcfpositionmapcreator/d/b' at 0x000000011d1cb838]
[5.626s][info][exceptions] 1162 [Exception (): a 'com/amazon/kcfpositionmapcreator/e/b'{0x0000000714046f10} in {method} {0x00000001326f80b8} 'g' '(Lcom/amazon/kaf/c/s;)V' in 'com/amazon/kcfpositionmapcreator/d/b' at 0x000000011d1cb838]
[5.626s][info][exceptions] 1163 [Exception (): a 'com/amazon/kcfpositionmapcreator/e/b'{0x0000000714047bd8} in {method} {0x00000001326f80b8} 'g' '(Lcom/amazon/kaf/c/s;)V' in 'com/amazon/kcfpositionmapcreator/d/b' at 0x000000011d1cb838]
[5.626s][info][exceptions] 1164 [Exception (): a 'com/amazon/kcfpositionmapcreator/e/b'{0x00000007140486e0} in {method} {0x00000001326f80b8} 'g' '(Lcom/amazon/kaf/c/s;)V' in 'com/amazon/kcfpositionmapcreator/d/b' at 0x000000011d1cb838]
[5.626s][info][exceptions] 1165 [Exception (): a 'com/amazon/kcfpositionmapcreator/e/b'{0x000000071404b270} in {method} {0x00000001326f80b8} 'g' '(Lcom/amazon/kaf/c/s;)V' in 'com/amazon/kcfpositionmapcreator/d/b' at 0x000000011d1cb838]
[5.626s][info][exceptions] 1166 [Exception (): a 'com/amazon/kcfpositionmapcreator/e/b'{0x000000071404e7e0} in {method} {0x00000001326f80b8} 'g' '(Lcom/amazon/kaf/c/s;)V' in 'com/amazon/kcfpositionmapcreator/d/b' at 0x000000011d1cb838]
[5.627s][info][exceptions] 1167 [Exception (): a 'com/amazon/kcfpositionmapcreator/e/b'{0x0000000714050440} in {method} {0x00000001326f80b8} 'g' '(Lcom/amazon/kaf/c/s;)V' in 'com/amazon/kcfpositionmapcreator/d/b' at 0x000000011d1cb838]
[5.627s][info][exceptions] 1168 [Exception (): a 'com/amazon/kcfpositionmapcreator/e/b'{0x00000007140520a0} in {method} {0x00000001326f80b8} 'g' '(Lcom/amazon/kaf/c/s;)V' in 'com/amazon/kcfpositionmapcreator/d/b' at 0x000000011d1cb838]
[5.627s][info][exceptions] 1169 [Exception (): a 'com/amazon/kcfpositionmapcreator/e/b'{0x000000071405cdf8} in {method} {0x00000001326f80b8} 'g' '(Lcom/amazon/kaf/c/s;)V' in 'com/amazon/kcfpositionmapcreator/d/b' at 0x000000011d1cb838]
[5.627s][info][exceptions] 1170 [Exception (): a 'com/amazon/kcfpositionmapcreator/e/b'{0x000000071405dac0} in {method} {0x00000001326f80b8} 'g' '(Lcom/amazon/kaf/c/s;)V' in 'com/amazon/kcfpositionmapcreator/d/b' at 0x000000011d1cb838]
[5.627s][info][exceptions] 1171 [Exception (): a 'com/amazon/kcfpositionmapcreator/e/b'{0x000000071405e5c8} in {method} {0x00000001326f80b8} 'g' '(Lcom/amazon/kaf/c/s;)V' in 'com/amazon/kcfpositionmapcreator/d/b' at 0x000000011d1cb838]
[5.627s][info][exceptions] 1172 [Exception (): a 'com/amazon/kcfpositionmapcreator/e/b'{0x0000000714060c68} in {method} {0x00000001326f80b8} 'g' '(Lcom/amazon/kaf/c/s;)V' in 'com/amazon/kcfpositionmapcreator/d/b' at 0x000000011d1cb838]
[5.627s][info][exceptions] 1173 [Exception (): a 'com/amazon/kcfpositionmapcreator/e/b'{0x00000007140641d8} in {method} {0x00000001326f80b8} 'g' '(Lcom/amazon/kaf/c/s;)V' in 'com/amazon/kcfpositionmapcreator/d/b' at 0x000000011d1cb838]
[5.627s][info][exceptions] 1174 [Exception (): a 'com/amazon/kcfpositionmapcreator/e/b'{0x0000000714066388} in {method} {0x00000001326f80b8} 'g' '(Lcom/amazon/kaf/c/s;)V' in 'com/amazon/kcfpositionmapcreator/d/b' at 0x000000011d1cb838]
[5.628s][info][exceptions] 1175 [Exception (): a 'com/amazon/kcfpositionmapcreator/e/b'{0x0000000714068538} in {method} {0x00000001326f80b8} 'g' '(Lcom/amazon/kaf/c/s;)V' in 'com/amazon/kcfpositionmapcreator/d/b' at 0x000000011d1cb838]
[5.628s][info][exceptions] 1176 [Exception (): a 'com/amazon/kcfpositionmapcreator/e/b'{0x0000000714070db0} in {method} {0x00000001326f80b8} 'g' '(Lcom/amazon/kaf/c/s;)V' in 'com/amazon/kcfpositionmapcreator/d/b' at 0x000000011d1cb838]
[5.628s][info][exceptions] 1177 [Exception (): a 'com/amazon/kcfpositionmapcreator/e/b'{0x00000007140718b8} in {method} {0x00000001326f80b8} 'g' '(Lcom/amazon/kaf/c/s;)V' in 'com/amazon/kcfpositionmapcreator/d/b' at 0x000000011d1cb838]
[5.628s][info][exceptions] 1178 [Exception (): a 'com/amazon/kcfpositionmapcreator/e/b'{0x0000000714073f58} in {method} {0x00000001326f80b8} 'g' '(Lcom/amazon/kaf/c/s;)V' in 'com/amazon/kcfpositionmapcreator/d/b' at 0x000000011d1cb838]
[5.628s][info][exceptions] 1179 [Exception (): a 'com/amazon/kcfpositionmapcreator/e/b'{0x00000007140774c8} in {method} {0x00000001326f80b8} 'g' '(Lcom/amazon/kaf/c/s;)V' in 'com/amazon/kcfpositionmapcreator/d/b' at 0x000000011d1cb838]
[5.628s][info][exceptions] 1180 [Exception (): a 'com/amazon/kcfpositionmapcreator/e/b'{0x0000000714079678} in {method} {0x00000001326f80b8} 'g' '(Lcom/amazon/kaf/c/s;)V' in 'com/amazon/kcfpositionmapcreator/d/b' at 0x000000011d1cb838]
[5.628s][info][exceptions] 1181 [Exception (): a 'com/amazon/kcfpositionmapcreator/e/b'{0x000000071407b828} in {method} {0x00000001326f80b8} 'g' '(Lcom/amazon/kaf/c/s;)V' in 'com/amazon/kcfpositionmapcreator/d/b' at 0x000000011d1cb838]
[5.629s][info][exceptions] 1182 [Exception (): a 'com/amazon/kcfpositionmapcreator/e/b'{0x00000007140842f0} in {method} {0x00000001326f80b8} 'g' '(Lcom/amazon/kaf/c/s;)V' in 'com/amazon/kcfpositionmapcreator/d/b' at 0x000000011d1cb838]
[5.629s][info][exceptions] 1183 [Exception (): a 'com/amazon/kcfpositionmapcreator/e/b'{0x0000000714084df8} in {method} {0x00000001326f80b8} 'g' '(Lcom/amazon/kaf/c/s;)V' in 'com/amazon/kcfpositionmapcreator/d/b' at 0x000000011d1cb838]
[5.629s][info][exceptions] 1184 [Exception (): a 'com/amazon/kcfpositionmapcreator/e/b'{0x0000000714087988} in {method} {0x00000001326f80b8} 'g' '(Lcom/amazon/kaf/c/s;)V' in 'com/amazon/kcfpositionmapcreator/d/b' at 0x000000011d1cb838]
[5.629s][info][exceptions] 1185 [Exception (): a 'com/amazon/kcfpositionmapcreator/e/b'{0x000000071408aef8} in {method} {0x00000001326f80b8} 'g' '(Lcom/amazon/kaf/c/s;)V' in 'com/amazon/kcfpositionmapcreator/d/b' at 0x000000011d1cb838]
[5.629s][info][exceptions] 1186 [Exception (): a 'com/amazon/kcfpositionmapcreator/e/b'{0x000000071408d0a8} in {method} {0x00000001326f80b8} 'g' '(Lcom/amazon/kaf/c/s;)V' in 'com/amazon/kcfpositionmapcreator/d/b' at 0x000000011d1cb838]
[5.629s][info][exceptions] 1187 [Exception (): a 'com/amazon/kcfpositionmapcreator/e/b'{0x000000071408f258} in {method} {0x00000001326f80b8} 'g' '(Lcom/amazon/kaf/c/s;)V' in 'com/amazon/kcfpositionmapcreator/d/b' at 0x000000011d1cb838]
[5.629s][info][exceptions] 1188 [Exception (): a 'com/amazon/kcfpositionmapcreator/e/b'{0x00000007140975e0} in {method} {0x00000001326f80b8} 'g' '(Lcom/amazon/kaf/c/s;)V' in 'com/amazon/kcfpositionmapcreator/d/b' at 0x000000011d1cb838]
[5.629s][info][exceptions] 1189 [Exception (): a 'com/amazon/kcfpositionmapcreator/e/b'{0x00000007140980e8} in {method} {0x00000001326f80b8} 'g' '(Lcom/amazon/kaf/c/s;)V' in 'com/amazon/kcfpositionmapcreator/d/b' at 0x000000011d1cb838]
[5.629s][info][exceptions] 1190 [Exception (): a 'com/amazon/kcfpositionmapcreator/e/b'{0x000000071409ac78} in {method} {0x00000001326f80b8} 'g' '(Lcom/amazon/kaf/c/s;)V' in 'com/amazon/kcfpositionmapcreator/d/b' at 0x000000011d1cb838]
[5.630s][info][exceptions] 1191 [Exception (): a 'com/amazon/kcfpositionmapcreator/e/b'{0x000000071409e6d8} in {method} {0x00000001326f80b8} 'g' '(Lcom/amazon/kaf/c/s;)V' in 'com/amazon/kcfpositionmapcreator/d/b' at 0x000000011d1cb838]
[5.630s][info][exceptions] 1192 [Exception (): a 'com/amazon/kcfpositionmapcreator/e/b'{0x00000007140a0d78} in {method} {0x00000001326f80b8} 'g' '(Lcom/amazon/kaf/c/s;)V' in 'com/amazon/kcfpositionmapcreator/d/b' at 0x000000011d1cb838]
[5.630s][info][exceptions] 1193 [Exception (): a 'com/amazon/kcfpositionmapcreator/e/b'{0x00000007140a2f28} in {method} {0x00000001326f80b8} 'g' '(Lcom/amazon/kaf/c/s;)V' in 'com/amazon/kcfpositionmapcreator/d/b' at 0x000000011d1cb838]
[5.630s][info][exceptions] 1194 [Exception (): a 'com/amazon/kcfpositionmapcreator/e/b'{0x00000007140acb70} in {method} {0x00000001326f80b8} 'g' '(Lcom/amazon/kaf/c/s;)V' in 'com/amazon/kcfpositionmapcreator/d/b' at 0x000000011d1cb838]
[5.630s][info][exceptions] 1195 [Exception (): a 'com/amazon/kcfpositionmapcreator/e/b'{0x00000007140ad678} in {method} {0x00000001326f80b8} 'g' '(Lcom/amazon/kaf/c/s;)V' in 'com/amazon/kcfpositionmapcreator/d/b' at 0x000000011d1cb838]
[5.630s][info][exceptions] 1196 [Exception (): a 'com/amazon/kcfpositionmapcreator/e/b'{0x00000007140b06f8} in {method} {0x00000001326f80b8} 'g' '(Lcom/amazon/kaf/c/s;)V' in 'com/amazon/kcfpositionmapcreator/d/b' at 0x000000011d1cb838]
[5.631s][info][exceptions] 1197 [Exception (): a 'com/amazon/kcfpositionmapcreator/e/b'{0x00000007140b4158} in {method} {0x00000001326f80b8} 'g' '(Lcom/amazon/kaf/c/s;)V' in 'com/amazon/kcfpositionmapcreator/d/b' at 0x000000011d1cb838]
[5.631s][info][exceptions] 1198 [Exception (): a 'com/amazon/kcfpositionmapcreator/e/b'{0x00000007140b67f8} in {method} {0x00000001326f80b8} 'g' '(Lcom/amazon/kaf/c/s;)V' in 'com/amazon/kcfpositionmapcreator/d/b' at 0x000000011d1cb838]
[5.631s][info][exceptions] 1199 [Exception (): a 'com/amazon/kcfpositionmapcreator/e/b'{0x00000007140b89a8} in {method} {0x00000001326f80b8} 'g' '(Lcom/amazon/kaf/c/s;)V' in 'com/amazon/kcfpositionmapcreator/d/b' at 0x000000011d1cb838]
[5.631s][info][exceptions] 1200 [Exception (): a 'com/amazon/kcfpositionmapcreator/e/b'{0x00000007140c2100} in {method} {0x00000001326f80b8} 'g' '(Lcom/amazon/kaf/c/s;)V' in 'com/amazon/kcfpositionmapcreator/d/b' at 0x000000011d1cb838]
[5.631s][info][exceptions] 1201 [Exception (): a 'com/amazon/kcfpositionmapcreator/e/b'{0x00000007140c2c08} in {method} {0x00000001326f80b8} 'g' '(Lcom/amazon/kaf/c/s;)V' in 'com/amazon/kcfpositionmapcreator/d/b' at 0x000000011d1cb838]
[5.631s][info][exceptions] 1202 [Exception (): a 'com/amazon/kcfpositionmapcreator/e/b'{0x00000007140c6178} in {method} {0x00000001326f80b8} 'g' '(Lcom/amazon/kaf/c/s;)V' in 'com/amazon/kcfpositionmapcreator/d/b' at 0x000000011d1cb838]
[5.631s][info][exceptions] 1203 [Exception (): a 'com/amazon/kcfpositionmapcreator/e/b'{0x00000007140c9bd8} in {method} {0x00000001326f80b8} 'g' '(Lcom/amazon/kaf/c/s;)V' in 'com/amazon/kcfpositionmapcreator/d/b' at 0x000000011d1cb838]
[5.631s][info][exceptions] 1204 [Exception (): a 'com/amazon/kcfpositionmapcreator/e/b'{0x00000007140cc278} in {method} {0x00000001326f80b8} 'g' '(Lcom/amazon/kaf/c/s;)V' in 'com/amazon/kcfpositionmapcreator/d/b' at 0x000000011d1cb838]
[5.631s][info][exceptions] 1205 [Exception (): a 'com/amazon/kcfpositionmapcreator/e/b'{0x00000007140ce428} in {method} {0x00000001326f80b8} 'g' '(Lcom/amazon/kaf/c/s;)V' in 'com/amazon/kcfpositionmapcreator/d/b' at 0x000000011d1cb838]
[5.632s][info][exceptions] 1206 [Exception (): a 'com/amazon/kcfpositionmapcreator/e/b'{0x00000007140d7690} in {method} {0x00000001326f80b8} 'g' '(Lcom/amazon/kaf/c/s;)V' in 'com/amazon/kcfpositionmapcreator/d/b' at 0x000000011d1cb838]
[5.632s][info][exceptions] 1207 [Exception (): a 'com/amazon/kcfpositionmapcreator/e/b'{0x00000007140d8198} in {method} {0x00000001326f80b8} 'g' '(Lcom/amazon/kaf/c/s;)V' in 'com/amazon/kcfpositionmapcreator/d/b' at 0x000000011d1cb838]
[5.632s][info][exceptions] 1208 [Exception (): a 'com/amazon/kcfpositionmapcreator/e/b'{0x00000007140db218} in {method} {0x00000001326f80b8} 'g' '(Lcom/amazon/kaf/c/s;)V' in 'com/amazon/kcfpositionmapcreator/d/b' at 0x000000011d1cb838]
[5.632s][info][exceptions] 1209 [Exception (): a 'com/amazon/kcfpositionmapcreator/e/b'{0x00000007140ddda8} in {method} {0x00000001326f80b8} 'g' '(Lcom/amazon/kaf/c/s;)V' in 'com/amazon/kcfpositionmapcreator/d/b' at 0x000000011d1cb838]
[5.632s][info][exceptions] 1210 [Exception (): a 'com/amazon/kcfpositionmapcreator/e/b'{0x00000007140e0448} in {method} {0x00000001326f80b8} 'g' '(Lcom/amazon/kaf/c/s;)V' in 'com/amazon/kcfpositionmapcreator/d/b' at 0x000000011d1cb838]
[5.632s][info][exceptions] 1211 [Exception (): a 'com/amazon/kcfpositionmapcreator/e/b'{0x00000007140e2ae8} in {method} {0x00000001326f80b8} 'g' '(Lcom/amazon/kaf/c/s;)V' in 'com/amazon/kcfpositionmapcreator/d/b' at 0x000000011d1cb838]
[5.633s][info][exceptions] 1212 [Exception (): a 'com/amazon/kcfpositionmapcreator/e/b'{0x00000007140ec730} in {method} {0x00000001326f80b8} 'g' '(Lcom/amazon/kaf/c/s;)V' in 'com/amazon/kcfpositionmapcreator/d/b' at 0x000000011d1cb838]
[5.633s][info][exceptions] 1213 [Exception (): a 'com/amazon/kcfpositionmapcreator/e/b'{0x00000007140ed238} in {method} {0x00000001326f80b8} 'g' '(Lcom/amazon/kaf/c/s;)V' in 'com/amazon/kcfpositionmapcreator/d/b' at 0x000000011d1cb838]
[5.633s][info][exceptions] 1214 [Exception (): a 'com/amazon/kcfpositionmapcreator/e/b'{0x00000007140f02b8} in {method} {0x00000001326f80b8} 'g' '(Lcom/amazon/kaf/c/s;)V' in 'com/amazon/kcfpositionmapcreator/d/b' at 0x000000011d1cb838]
[5.633s][info][exceptions] 1215 [Exception (): a 'com/amazon/kcfpositionmapcreator/e/b'{0x00000007140f2e48} in {method} {0x00000001326f80b8} 'g' '(Lcom/amazon/kaf/c/s;)V' in 'com/amazon/kcfpositionmapcreator/d/b' at 0x000000011d1cb838]
[5.633s][info][exceptions] 1216 [Exception (): a 'com/amazon/kcfpositionmapcreator/e/b'{0x00000007140f54e8} in {method} {0x00000001326f80b8} 'g' '(Lcom/amazon/kaf/c/s;)V' in 'com/amazon/kcfpositionmapcreator/d/b' at 0x000000011d1cb838]
[5.633s][info][exceptions] 1217 [Exception (): a 'com/amazon/kcfpositionmapcreator/e/b'{0x00000007140f7b88} in {method} {0x00000001326f80b8} 'g' '(Lcom/amazon/kaf/c/s;)V' in 'com/amazon/kcfpositionmapcreator/d/b' at 0x000000011d1cb838]
[5.633s][info][exceptions] 1218 [Exception (): a 'com/amazon/kcfpositionmapcreator/e/b'{0x0000000713f01c60} in {method} {0x00000001326f80b8} 'g' '(Lcom/amazon/kaf/c/s;)V' in 'com/amazon/kcfpositionmapcreator/d/b' at 0x000000011d1cb838]
[5.633s][info][exceptions] 1219 [Exception (): a 'com/amazon/kcfpositionmapcreator/e/b'{0x0000000713f02768} in {method} {0x00000001326f80b8} 'g' '(Lcom/amazon/kaf/c/s;)V' in 'com/amazon/kcfpositionmapcreator/d/b' at 0x000000011d1cb838]
[5.634s][info][exceptions] 1220 [Exception (): a 'com/amazon/kcfpositionmapcreator/e/b'{0x0000000713f05cd8} in {method} {0x00000001326f80b8} 'g' '(Lcom/amazon/kaf/c/s;)V' in 'com/amazon/kcfpositionmapcreator/d/b' at 0x000000011d1cb838]
[5.634s][info][exceptions] 1221 [Exception (): a 'com/amazon/kcfpositionmapcreator/e/b'{0x0000000713f08868} in {method} {0x00000001326f80b8} 'g' '(Lcom/amazon/kaf/c/s;)V' in 'com/amazon/kcfpositionmapcreator/d/b' at 0x000000011d1cb838]
[5.634s][info][exceptions] 1222 [Exception (): a 'com/amazon/kcfpositionmapcreator/e/b'{0x0000000713f0af08} in {method} {0x00000001326f80b8} 'g' '(Lcom/amazon/kaf/c/s;)V' in 'com/amazon/kcfpositionmapcreator/d/b' at 0x000000011d1cb838]
[5.634s][info][exceptions] 1223 [Exception (): a 'com/amazon/kcfpositionmapcreator/e/b'{0x0000000713f0d5a8} in {method} {0x00000001326f80b8} 'g' '(Lcom/amazon/kaf/c/s;)V' in 'com/amazon/kcfpositionmapcreator/d/b' at 0x000000011d1cb838]
[5.635s][info][exceptions] 1224 [Exception (): a 'com/amazon/kcfpositionmapcreator/e/b'{0x0000000713f30540} in {method} {0x00000001326f80b8} 'g' '(Lcom/amazon/kaf/c/s;)V' in 'com/amazon/kcfpositionmapcreator/d/b' at 0x000000011d1cb838]
[5.635s][info][exceptions] 1225 [Exception (): a 'com/amazon/kcfpositionmapcreator/e/b'{0x0000000713f30fc8} in {method} {0x00000001326f80b8} 'g' '(Lcom/amazon/kaf/c/s;)V' in 'com/amazon/kcfpositionmapcreator/d/b' at 0x000000011d1cb838]
[5.635s][info][exceptions] 1226 [Exception (): a 'com/amazon/kcfpositionmapcreator/e/b'{0x0000000713f31db0} in {method} {0x00000001326f80b8} 'g' '(Lcom/amazon/kaf/c/s;)V' in 'com/amazon/kcfpositionmapcreator/d/b' at 0x000000011d1cb838]
[5.635s][info][exceptions] 1227 [Exception (): a 'com/amazon/kcfpositionmapcreator/e/b'{0x0000000713f328b8} in {method} {0x00000001326f80b8} 'g' '(Lcom/amazon/kaf/c/s;)V' in 'com/amazon/kcfpositionmapcreator/d/b' at 0x000000011d1cb838]
[5.636s][info][exceptions] 1228 [Exception (): a 'com/amazon/kcfpositionmapcreator/e/b'{0x0000000713f3b830} in {method} {0x00000001326f80b8} 'g' '(Lcom/amazon/kaf/c/s;)V' in 'com/amazon/kcfpositionmapcreator/d/b' at 0x000000011d1cb838]
[5.636s][info][exceptions] 1229 [Exception (): a 'com/amazon/kcfpositionmapcreator/e/b'{0x0000000713f3f260} in {method} {0x00000001326f80b8} 'g' '(Lcom/amazon/kaf/c/s;)V' in 'com/amazon/kcfpositionmapcreator/d/b' at 0x000000011d1cb838]
[5.636s][info][exceptions] 1230 [Exception (): a 'com/amazon/kcfpositionmapcreator/e/b'{0x0000000713f41900} in {method} {0x00000001326f80b8} 'g' '(Lcom/amazon/kaf/c/s;)V' in 'com/amazon/kcfpositionmapcreator/d/b' at 0x000000011d1cb838]
[5.636s][info][exceptions] 1231 [Exception (): a 'com/amazon/kcfpositionmapcreator/e/b'{0x0000000713f45360} in {method} {0x00000001326f80b8} 'g' '(Lcom/amazon/kaf/c/s;)V' in 'com/amazon/kcfpositionmapcreator/d/b' at 0x000000011d1cb838]
[5.636s][info][exceptions] 1232 [Exception (): a 'com/amazon/kcfpositionmapcreator/e/b'{0x0000000713f47510} in {method} {0x00000001326f80b8} 'g' '(Lcom/amazon/kaf/c/s;)V' in 'com/amazon/kcfpositionmapcreator/d/b' at 0x000000011d1cb838]
[5.636s][info][exceptions] 1233 [Exception (): a 'com/amazon/kcfpositionmapcreator/e/b'{0x0000000713f4bd60} in {method} {0x00000001326f80b8} 'g' '(Lcom/amazon/kaf/c/s;)V' in 'com/amazon/kcfpositionmapcreator/d/b' at 0x000000011d1cb838]
[5.636s][info][exceptions] 1234 [Exception (): a 'com/amazon/kcfpositionmapcreator/e/b'{0x0000000713f4dc40} in {method} {0x00000001326f80b8} 'g' '(Lcom/amazon/kaf/c/s;)V' in 'com/amazon/kcfpositionmapcreator/d/b' at 0x000000011d1cb838]
[5.636s][info][exceptions] 1235 [Exception (): a 'com/amazon/kcfpositionmapcreator/e/b'{0x0000000713f4ea28} in {method} {0x00000001326f80b8} 'g' '(Lcom/amazon/kaf/c/s;)V' in 'com/amazon/kcfpositionmapcreator/d/b' at 0x000000011d1cb838]
[5.636s][info][exceptions] 1236 [Exception (): a 'com/amazon/kcfpositionmapcreator/e/b'{0x0000000713f4f530} in {method} {0x00000001326f80b8} 'g' '(Lcom/amazon/kaf/c/s;)V' in 'com/amazon/kcfpositionmapcreator/d/b' at 0x000000011d1cb838]
[5.636s][info][exceptions] 1237 [Exception (): a 'com/amazon/kcfpositionmapcreator/e/b'{0x0000000713f52f60} in {method} {0x00000001326f80b8} 'g' '(Lcom/amazon/kaf/c/s;)V' in 'com/amazon/kcfpositionmapcreator/d/b' at 0x000000011d1cb838]
[5.637s][info][exceptions] 1238 [Exception (): a 'com/amazon/kcfpositionmapcreator/e/b'{0x0000000713f55af0} in {method} {0x00000001326f80b8} 'g' '(Lcom/amazon/kaf/c/s;)V' in 'com/amazon/kcfpositionmapcreator/d/b' at 0x000000011d1cb838]
[5.637s][info][exceptions] 1239 [Exception (): a 'com/amazon/kcfpositionmapcreator/e/b'{0x0000000713f58680} in {method} {0x00000001326f80b8} 'g' '(Lcom/amazon/kaf/c/s;)V' in 'com/amazon/kcfpositionmapcreator/d/b' at 0x000000011d1cb838]
[5.637s][info][exceptions] 1240 [Exception (): a 'com/amazon/kcfpositionmapcreator/e/b'{0x0000000713f5b210} in {method} {0x00000001326f80b8} 'g' '(Lcom/amazon/kaf/c/s;)V' in 'com/amazon/kcfpositionmapcreator/d/b' at 0x000000011d1cb838]
[5.637s][info][exceptions] 1241 [Exception (): a 'com/amazon/kcfpositionmapcreator/e/b'{0x0000000713f5dda0} in {method} {0x00000001326f80b8} 'g' '(Lcom/amazon/kaf/c/s;)V' in 'com/amazon/kcfpositionmapcreator/d/b' at 0x000000011d1cb838]
[5.637s][info][exceptions] 1242 [Exception (): a 'com/amazon/kcfpositionmapcreator/e/b'{0x0000000713f60930} in {method} {0x00000001326f80b8} 'g' '(Lcom/amazon/kaf/c/s;)V' in 'com/amazon/kcfpositionmapcreator/d/b' at 0x000000011d1cb838]
[5.637s][info][exceptions] 1243 [Exception (): a 'com/amazon/kcfpositionmapcreator/e/b'{0x0000000713f637a8} in {method} {0x00000001326f80b8} 'g' '(Lcom/amazon/kaf/c/s;)V' in 'com/amazon/kcfpositionmapcreator/d/b' at 0x000000011d1cb838]
[5.637s][info][exceptions] 1244 [Exception (): a 'com/amazon/kcfpositionmapcreator/e/b'{0x0000000713f642b0} in {method} {0x00000001326f80b8} 'g' '(Lcom/amazon/kaf/c/s;)V' in 'com/amazon/kcfpositionmapcreator/d/b' at 0x000000011d1cb838]
[5.637s][info][exceptions] 1245 [Exception (): a 'com/amazon/kcfpositionmapcreator/e/b'{0x0000000713f66950} in {method} {0x00000001326f80b8} 'g' '(Lcom/amazon/kaf/c/s;)V' in 'com/amazon/kcfpositionmapcreator/d/b' at 0x000000011d1cb838]
[5.637s][info][exceptions] 1246 [Exception (): a 'com/amazon/kcfpositionmapcreator/e/b'{0x0000000713f694e0} in {method} {0x00000001326f80b8} 'g' '(Lcom/amazon/kaf/c/s;)V' in 'com/amazon/kcfpositionmapcreator/d/b' at 0x000000011d1cb838]
[5.637s][info][exceptions] 1247 [Exception (): a 'com/amazon/kcfpositionmapcreator/e/b'{0x0000000713f6c070} in {method} {0x00000001326f80b8} 'g' '(Lcom/amazon/kaf/c/s;)V' in 'com/amazon/kcfpositionmapcreator/d/b' at 0x000000011d1cb838]
[5.638s][info][exceptions] 1248 [Exception (): a 'com/amazon/kcfpositionmapcreator/e/b'{0x0000000713f6ec00} in {method} {0x00000001326f80b8} 'g' '(Lcom/amazon/kaf/c/s;)V' in 'com/amazon/kcfpositionmapcreator/d/b' at 0x000000011d1cb838]
[5.638s][info][exceptions] 1249 [Exception (): a 'com/amazon/kcfpositionmapcreator/e/b'{0x0000000713f71790} in {method} {0x00000001326f80b8} 'g' '(Lcom/amazon/kaf/c/s;)V' in 'com/amazon/kcfpositionmapcreator/d/b' at 0x000000011d1cb838]
[5.638s][info][exceptions] 1250 [Exception (): a 'com/amazon/kcfpositionmapcreator/e/b'{0x0000000713f74320} in {method} {0x00000001326f80b8} 'g' '(Lcom/amazon/kaf/c/s;)V' in 'com/amazon/kcfpositionmapcreator/d/b' at 0x000000011d1cb838]
[5.638s][info][exceptions] 1251 [Exception (): a 'com/amazon/kcfpositionmapcreator/e/b'{0x0000000713f77198} in {method} {0x00000001326f80b8} 'g' '(Lcom/amazon/kaf/c/s;)V' in 'com/amazon/kcfpositionmapcreator/d/b' at 0x000000011d1cb838]
[5.638s][info][exceptions] 1252 [Exception (): a 'com/amazon/kcfpositionmapcreator/e/b'{0x0000000713f77ca0} in {method} {0x00000001326f80b8} 'g' '(Lcom/amazon/kaf/c/s;)V' in 'com/amazon/kcfpositionmapcreator/d/b' at 0x000000011d1cb838]
[5.638s][info][exceptions] 1253 [Exception (): a 'com/amazon/kcfpositionmapcreator/e/b'{0x0000000713f7b700} in {method} {0x00000001326f80b8} 'g' '(Lcom/amazon/kaf/c/s;)V' in 'com/amazon/kcfpositionmapcreator/d/b' at 0x000000011d1cb838]
[5.638s][info][exceptions] 1254 [Exception (): a 'com/amazon/kcfpositionmapcreator/e/b'{0x0000000713f7e290} in {method} {0x00000001326f80b8} 'g' '(Lcom/amazon/kaf/c/s;)V' in 'com/amazon/kcfpositionmapcreator/d/b' at 0x000000011d1cb838]
[5.638s][info][exceptions] 1255 [Exception (): a 'com/amazon/kcfpositionmapcreator/e/b'{0x0000000713f81070} in {method} {0x00000001326f80b8} 'g' '(Lcom/amazon/kaf/c/s;)V' in 'com/amazon/kcfpositionmapcreator/d/b' at 0x000000011d1cb838]
[5.638s][info][exceptions] 1256 [Exception (): a 'com/amazon/kcfpositionmapcreator/e/b'{0x0000000713f83c00} in {method} {0x00000001326f80b8} 'g' '(Lcom/amazon/kaf/c/s;)V' in 'com/amazon/kcfpositionmapcreator/d/b' at 0x000000011d1cb838]
[5.638s][info][exceptions] 1257 [Exception (): a 'com/amazon/kcfpositionmapcreator/e/b'{0x0000000713f86790} in {method} {0x00000001326f80b8} 'g' '(Lcom/amazon/kaf/c/s;)V' in 'com/amazon/kcfpositionmapcreator/d/b' at 0x000000011d1cb838]
[5.639s][info][exceptions] 1258 [Exception (): a 'com/amazon/kcfpositionmapcreator/e/b'{0x0000000713f89320} in {method} {0x00000001326f80b8} 'g' '(Lcom/amazon/kaf/c/s;)V' in 'com/amazon/kcfpositionmapcreator/d/b' at 0x000000011d1cb838]
[5.639s][info][exceptions] 1259 [Exception (): a 'com/amazon/kcfpositionmapcreator/e/b'{0x0000000713f8c198} in {method} {0x00000001326f80b8} 'g' '(Lcom/amazon/kaf/c/s;)V' in 'com/amazon/kcfpositionmapcreator/d/b' at 0x000000011d1cb838]
[5.639s][info][exceptions] 1260 [Exception (): a 'com/amazon/kcfpositionmapcreator/e/b'{0x0000000713f8cca0} in {method} {0x00000001326f80b8} 'g' '(Lcom/amazon/kaf/c/s;)V' in 'com/amazon/kcfpositionmapcreator/d/b' at 0x000000011d1cb838]
[5.639s][info][exceptions] 1261 [Exception (): a 'com/amazon/kcfpositionmapcreator/e/b'{0x0000000713f8ee50} in {method} {0x00000001326f80b8} 'g' '(Lcom/amazon/kaf/c/s;)V' in 'com/amazon/kcfpositionmapcreator/d/b' at 0x000000011d1cb838]
[5.639s][info][exceptions] 1262 [Exception (): a 'com/amazon/kcfpositionmapcreator/e/b'{0x0000000713f919e0} in {method} {0x00000001326f80b8} 'g' '(Lcom/amazon/kaf/c/s;)V' in 'com/amazon/kcfpositionmapcreator/d/b' at 0x000000011d1cb838]
[5.639s][info][exceptions] 1263 [Exception (): a 'com/amazon/kcfpositionmapcreator/e/b'{0x0000000713f94570} in {method} {0x00000001326f80b8} 'g' '(Lcom/amazon/kaf/c/s;)V' in 'com/amazon/kcfpositionmapcreator/d/b' at 0x000000011d1cb838]
[5.639s][info][exceptions] 1264 [Exception (): a 'com/amazon/kcfpositionmapcreator/e/b'{0x0000000713f97100} in {method} {0x00000001326f80b8} 'g' '(Lcom/amazon/kaf/c/s;)V' in 'com/amazon/kcfpositionmapcreator/d/b' at 0x000000011d1cb838]
[5.639s][info][exceptions] 1265 [Exception (): a 'com/amazon/kcfpositionmapcreator/e/b'{0x0000000713f99c90} in {method} {0x00000001326f80b8} 'g' '(Lcom/amazon/kaf/c/s;)V' in 'com/amazon/kcfpositionmapcreator/d/b' at 0x000000011d1cb838]
[5.639s][info][exceptions] 1266 [Exception (): a 'com/amazon/kcfpositionmapcreator/e/b'{0x0000000713f9c820} in {method} {0x00000001326f80b8} 'g' '(Lcom/amazon/kaf/c/s;)V' in 'com/amazon/kcfpositionmapcreator/d/b' at 0x000000011d1cb838]
[5.639s][info][exceptions] 1267 [Exception (): a 'com/amazon/kcfpositionmapcreator/e/b'{0x0000000713f9f698} in {method} {0x00000001326f80b8} 'g' '(Lcom/amazon/kaf/c/s;)V' in 'com/amazon/kcfpositionmapcreator/d/b' at 0x000000011d1cb838]
[5.639s][info][exceptions] 1268 [Exception (): a 'com/amazon/kcfpositionmapcreator/e/b'{0x0000000713fa01a0} in {method} {0x00000001326f80b8} 'g' '(Lcom/amazon/kaf/c/s;)V' in 'com/amazon/kcfpositionmapcreator/d/b' at 0x000000011d1cb838]
[5.640s][info][exceptions] 1269 [Exception (): a 'com/amazon/kcfpositionmapcreator/e/b'{0x0000000713fa49f0} in {method} {0x00000001326f80b8} 'g' '(Lcom/amazon/kaf/c/s;)V' in 'com/amazon/kcfpositionmapcreator/d/b' at 0x000000011d1cb838]
[5.640s][info][exceptions] 1270 [Exception (): a 'com/amazon/kcfpositionmapcreator/e/b'{0x0000000713fa7580} in {method} {0x00000001326f80b8} 'g' '(Lcom/amazon/kaf/c/s;)V' in 'com/amazon/kcfpositionmapcreator/d/b' at 0x000000011d1cb838]
[5.640s][info][exceptions] 1271 [Exception (): a 'com/amazon/kcfpositionmapcreator/e/b'{0x0000000713faa110} in {method} {0x00000001326f80b8} 'g' '(Lcom/amazon/kaf/c/s;)V' in 'com/amazon/kcfpositionmapcreator/d/b' at 0x000000011d1cb838]
[5.640s][info][exceptions] 1272 [Exception (): a 'com/amazon/kcfpositionmapcreator/e/b'{0x0000000713facca0} in {method} {0x00000001326f80b8} 'g' '(Lcom/amazon/kaf/c/s;)V' in 'com/amazon/kcfpositionmapcreator/d/b' at 0x000000011d1cb838]
[5.640s][info][exceptions] 1273 [Exception (): a 'com/amazon/kcfpositionmapcreator/e/b'{0x0000000713faf830} in {method} {0x00000001326f80b8} 'g' '(Lcom/amazon/kaf/c/s;)V' in 'com/amazon/kcfpositionmapcreator/d/b' at 0x000000011d1cb838]
[5.640s][info][exceptions] 1274 [Exception (): a 'com/amazon/kcfpositionmapcreator/e/b'{0x0000000713fb23c0} in {method} {0x00000001326f80b8} 'g' '(Lcom/amazon/kaf/c/s;)V' in 'com/amazon/kcfpositionmapcreator/d/b' at 0x000000011d1cb838]
[5.643s][info][exceptions] 1275 [Exception (): a 'com/amazon/kcfpositionmapcreator/e/b'{0x0000000713e08da8} in {method} {0x00000001326f80b8} 'g' '(Lcom/amazon/kaf/c/s;)V' in 'com/amazon/kcfpositionmapcreator/d/b' at 0x000000011d1cb838]
[5.643s][info][exceptions] 1276 [Exception (): a 'com/amazon/kcfpositionmapcreator/e/b'{0x0000000713e09830} in {method} {0x00000001326f80b8} 'g' '(Lcom/amazon/kaf/c/s;)V' in 'com/amazon/kcfpositionmapcreator/d/b' at 0x000000011d1cb838]
[5.643s][info][exceptions] 1277 [Exception (): a 'com/amazon/kcfpositionmapcreator/e/b'{0x0000000713e0a4f8} in {method} {0x00000001326f80b8} 'g' '(Lcom/amazon/kaf/c/s;)V' in 'com/amazon/kcfpositionmapcreator/d/b' at 0x000000011d1cb838]
[5.643s][info][exceptions] 1278 [Exception (): a 'com/amazon/kcfpositionmapcreator/e/b'{0x0000000713e0b000} in {method} {0x00000001326f80b8} 'g' '(Lcom/amazon/kaf/c/s;)V' in 'com/amazon/kcfpositionmapcreator/d/b' at 0x000000011d1cb838]
[5.643s][info][exceptions] 1279 [Exception (): a 'com/amazon/kcfpositionmapcreator/e/b'{0x0000000713e0db90} in {method} {0x00000001326f80b8} 'g' '(Lcom/amazon/kaf/c/s;)V' in 'com/amazon/kcfpositionmapcreator/d/b' at 0x000000011d1cb838]
[5.644s][info][exceptions] 1280 [Exception (): a 'com/amazon/kcfpositionmapcreator/e/b'{0x0000000713e184e0} in {method} {0x00000001326f80b8} 'g' '(Lcom/amazon/kaf/c/s;)V' in 'com/amazon/kcfpositionmapcreator/d/b' at 0x000000011d1cb838]
[5.644s][info][exceptions] 1281 [Exception (): a 'com/amazon/kcfpositionmapcreator/e/b'{0x0000000713e1d220} in {method} {0x00000001326f80b8} 'g' '(Lcom/amazon/kaf/c/s;)V' in 'com/amazon/kcfpositionmapcreator/d/b' at 0x000000011d1cb838]
[5.644s][info][exceptions] 1282 [Exception (): a 'com/amazon/kcfpositionmapcreator/e/b'{0x0000000713e22f20} in {method} {0x00000001326f80b8} 'g' '(Lcom/amazon/kaf/c/s;)V' in 'com/amazon/kcfpositionmapcreator/d/b' at 0x000000011d1cb838]
[5.644s][info][exceptions] 1283 [Exception (): a 'com/amazon/kcfpositionmapcreator/e/b'{0x0000000713e29bc8} in {method} {0x00000001326f80b8} 'g' '(Lcom/amazon/kaf/c/s;)V' in 'com/amazon/kcfpositionmapcreator/d/b' at 0x000000011d1cb838]
[5.644s][info][exceptions] 1284 [Exception (): a 'com/amazon/kcfpositionmapcreator/e/b'{0x0000000713e2a890} in {method} {0x00000001326f80b8} 'g' '(Lcom/amazon/kaf/c/s;)V' in 'com/amazon/kcfpositionmapcreator/d/b' at 0x000000011d1cb838]
[5.644s][info][exceptions] 1285 [Exception (): a 'com/amazon/kcfpositionmapcreator/e/b'{0x0000000713e2b398} in {method} {0x00000001326f80b8} 'g' '(Lcom/amazon/kaf/c/s;)V' in 'com/amazon/kcfpositionmapcreator/d/b' at 0x000000011d1cb838]
[5.645s][info][exceptions] 1286 [Exception (): a 'com/amazon/kcfpositionmapcreator/e/b'{0x0000000713e2cff8} in {method} {0x00000001326f80b8} 'g' '(Lcom/amazon/kaf/c/s;)V' in 'com/amazon/kcfpositionmapcreator/d/b' at 0x000000011d1cb838]
[5.645s][info][exceptions] 1287 [Exception (): a 'com/amazon/kcfpositionmapcreator/e/b'{0x0000000713e3dc18} in {method} {0x00000001326f80b8} 'g' '(Lcom/amazon/kaf/c/s;)V' in 'com/amazon/kcfpositionmapcreator/d/b' at 0x000000011d1cb838]
[5.645s][info][exceptions] 1288 [Exception (): a 'com/amazon/kcfpositionmapcreator/e/b'{0x0000000713e402b8} in {method} {0x00000001326f80b8} 'g' '(Lcom/amazon/kaf/c/s;)V' in 'com/amazon/kcfpositionmapcreator/d/b' at 0x000000011d1cb838]
[5.646s][info][exceptions] 1289 [Exception (): a 'com/amazon/kcfpositionmapcreator/e/b'{0x0000000713e53670} in {method} {0x00000001326f80b8} 'g' '(Lcom/amazon/kaf/c/s;)V' in 'com/amazon/kcfpositionmapcreator/d/b' at 0x000000011d1cb838]
[5.646s][info][exceptions] 1290 [Exception (): a 'com/amazon/kcfpositionmapcreator/e/b'{0x0000000713e59b30} in {method} {0x00000001326f80b8} 'g' '(Lcom/amazon/kaf/c/s;)V' in 'com/amazon/kcfpositionmapcreator/d/b' at 0x000000011d1cb838]
[5.646s][info][exceptions] 1291 [Exception (): a 'com/amazon/kcfpositionmapcreator/e/b'{0x0000000713e5a638} in {method} {0x00000001326f80b8} 'g' '(Lcom/amazon/kaf/c/s;)V' in 'com/amazon/kcfpositionmapcreator/d/b' at 0x000000011d1cb838]
[5.646s][info][exceptions] 1292 [Exception (): a 'com/amazon/kcfpositionmapcreator/e/b'{0x0000000713e5c298} in {method} {0x00000001326f80b8} 'g' '(Lcom/amazon/kaf/c/s;)V' in 'com/amazon/kcfpositionmapcreator/d/b' at 0x000000011d1cb838]
[5.647s][info][exceptions] 1293 [Exception (): a 'com/amazon/kcfpositionmapcreator/e/b'{0x0000000713e6e280} in {method} {0x00000001326f80b8} 'g' '(Lcom/amazon/kaf/c/s;)V' in 'com/amazon/kcfpositionmapcreator/d/b' at 0x000000011d1cb838]
[5.647s][info][exceptions] 1294 [Exception (): a 'com/amazon/kcfpositionmapcreator/e/b'{0x0000000713e717f0} in {method} {0x00000001326f80b8} 'g' '(Lcom/amazon/kaf/c/s;)V' in 'com/amazon/kcfpositionmapcreator/d/b' at 0x000000011d1cb838]
[5.653s][info][exceptions] 1295 [Exception (): a 'com/amazon/kcfpositionmapcreator/e/b'{0x0000000713e8e770} in {method} {0x00000001326f80b8} 'g' '(Lcom/amazon/kaf/c/s;)V' in 'com/amazon/kcfpositionmapcreator/d/b' at 0x000000011d1cb838]
[5.655s][info][exceptions] 1296 [Exception (): a 'com/amazon/kcfpositionmapcreator/e/b'{0x0000000713e94db0} in {method} {0x00000001326f80b8} 'g' '(Lcom/amazon/kaf/c/s;)V' in 'com/amazon/kcfpositionmapcreator/d/b' at 0x000000011d1cb838]
[5.655s][info][exceptions] 1297 [Exception (): a 'com/amazon/kcfpositionmapcreator/e/b'{0x0000000713e958d0} in {method} {0x00000001326f80b8} 'g' '(Lcom/amazon/kaf/c/s;)V' in 'com/amazon/kcfpositionmapcreator/d/b' at 0x000000011d1cb838]
[5.655s][info][exceptions] 1298 [Exception (): a 'com/amazon/kcfpositionmapcreator/e/b'{0x0000000713e97578} in {method} {0x00000001326f80b8} 'g' '(Lcom/amazon/kaf/c/s;)V' in 'com/amazon/kcfpositionmapcreator/d/b' at 0x000000011d1cb838]
[5.656s][info][exceptions] 1299 [Exception (): a 'com/amazon/kcfpositionmapcreator/e/b'{0x0000000713ea7708} in {method} {0x00000001326f80b8} 'g' '(Lcom/amazon/kaf/c/s;)V' in 'com/amazon/kcfpositionmapcreator/d/b' at 0x000000011d1cb838]
[5.656s][info][exceptions] 1300 [Exception (): a 'com/amazon/kcfpositionmapcreator/e/b'{0x0000000713eaa328} in {method} {0x00000001326f80b8} 'g' '(Lcom/amazon/kaf/c/s;)V' in 'com/amazon/kcfpositionmapcreator/d/b' at 0x000000011d1cb838]
[5.658s][info][exceptions] 1301 [Exception (): a 'com/amazon/kcfpositionmapcreator/e/b'{0x0000000713ebcd10} in {method} {0x00000001326f80b8} 'g' '(Lcom/amazon/kaf/c/s;)V' in 'com/amazon/kcfpositionmapcreator/d/b' at 0x000000011d1cb838]
[5.661s][info][exceptions] 1302 [Exception (): a 'com/amazon/kcfpositionmapcreator/e/b'{0x0000000713ef4870} in {method} {0x00000001326f80b8} 'g' '(Lcom/amazon/kaf/c/s;)V' in 'com/amazon/kcfpositionmapcreator/d/b' at 0x000000011d1cb838]
[5.661s][info][exceptions] 1303 [Exception (): a 'com/amazon/kcfpositionmapcreator/e/b'{0x0000000713ef5310} in {method} {0x00000001326f80b8} 'g' '(Lcom/amazon/kaf/c/s;)V' in 'com/amazon/kcfpositionmapcreator/d/b' at 0x000000011d1cb838]
[5.661s][info][exceptions] 1304 [Exception (): a 'com/amazon/kcfpositionmapcreator/e/b'{0x0000000713ef5f60} in {method} {0x00000001326f80b8} 'g' '(Lcom/amazon/kaf/c/s;)V' in 'com/amazon/kcfpositionmapcreator/d/b' at 0x000000011d1cb838]
[5.661s][info][exceptions] 1305 [Exception (): a 'com/amazon/kcfpositionmapcreator/e/b'{0x0000000713ef7058} in {method} {0x00000001326f80b8} 'g' '(Lcom/amazon/kaf/c/s;)V' in 'com/amazon/kcfpositionmapcreator/d/b' at 0x000000011d1cb838]
[5.662s][info][exceptions] 1306 [Exception (): a 'com/amazon/kcfpositionmapcreator/e/b'{0x0000000713efd920} in {method} {0x00000001326f80b8} 'g' '(Lcom/amazon/kaf/c/s;)V' in 'com/amazon/kcfpositionmapcreator/d/b' at 0x000000011d1cb838]
[5.662s][info][exceptions] 1307 [Exception (): a 'com/amazon/kcfpositionmapcreator/e/b'{0x0000000713d04678} in {method} {0x00000001326f80b8} 'g' '(Lcom/amazon/kaf/c/s;)V' in 'com/amazon/kcfpositionmapcreator/d/b' at 0x000000011d1cb838]
[5.662s][info][exceptions] 1308 [Exception (): a 'com/amazon/kcfpositionmapcreator/e/b'{0x0000000713d0c7d8} in {method} {0x00000001326f80b8} 'g' '(Lcom/amazon/kaf/c/s;)V' in 'com/amazon/kcfpositionmapcreator/d/b' at 0x000000011d1cb838]
[5.662s][info][exceptions] 1309 [Exception (): a 'com/amazon/kcfpositionmapcreator/e/b'{0x0000000713d0d428} in {method} {0x00000001326f80b8} 'g' '(Lcom/amazon/kaf/c/s;)V' in 'com/amazon/kcfpositionmapcreator/d/b' at 0x000000011d1cb838]
[5.662s][info][exceptions] 1310 [Exception (): a 'com/amazon/kcfpositionmapcreator/e/b'{0x0000000713d0df48} in {method} {0x00000001326f80b8} 'g' '(Lcom/amazon/kaf/c/s;)V' in 'com/amazon/kcfpositionmapcreator/d/b' at 0x000000011d1cb838]
[5.662s][info][exceptions] 1311 [Exception (): a 'com/amazon/kcfpositionmapcreator/e/b'{0x0000000713d10b68} in {method} {0x00000001326f80b8} 'g' '(Lcom/amazon/kaf/c/s;)V' in 'com/amazon/kcfpositionmapcreator/d/b' at 0x000000011d1cb838]
[5.663s][info][exceptions] 1312 [Exception (): a 'com/amazon/kcfpositionmapcreator/e/b'{0x0000000713d18b50} in {method} {0x00000001326f80b8} 'g' '(Lcom/amazon/kaf/c/s;)V' in 'com/amazon/kcfpositionmapcreator/d/b' at 0x000000011d1cb838]
[5.663s][info][exceptions] 1313 [Exception (): a 'com/amazon/kcfpositionmapcreator/e/b'{0x0000000713d22d68} in {method} {0x00000001326f80b8} 'g' '(Lcom/amazon/kaf/c/s;)V' in 'com/amazon/kcfpositionmapcreator/d/b' at 0x000000011d1cb838]
[5.664s][info][exceptions] 1314 [Exception (): a 'com/amazon/kcfpositionmapcreator/e/b'{0x0000000713d2f930} in {method} {0x00000001326f80b8} 'g' '(Lcom/amazon/kaf/c/s;)V' in 'com/amazon/kcfpositionmapcreator/d/b' at 0x000000011d1cb838]
[5.664s][info][exceptions] 1315 [Exception (): a 'com/amazon/kcfpositionmapcreator/e/b'{0x0000000713d30450} in {method} {0x00000001326f80b8} 'g' '(Lcom/amazon/kaf/c/s;)V' in 'com/amazon/kcfpositionmapcreator/d/b' at 0x000000011d1cb838]
[5.664s][info][exceptions] 1316 [Exception (): a 'com/amazon/kcfpositionmapcreator/e/b'{0x0000000713d360f0} in {method} {0x00000001326f80b8} 'g' '(Lcom/amazon/kaf/c/s;)V' in 'com/amazon/kcfpositionmapcreator/d/b' at 0x000000011d1cb838]
[5.664s][info][exceptions] 1317 [Exception (): a 'com/amazon/kcfpositionmapcreator/e/b'{0x0000000713d456f8} in {method} {0x00000001326f80b8} 'g' '(Lcom/amazon/kaf/c/s;)V' in 'com/amazon/kcfpositionmapcreator/d/b' at 0x000000011d1cb838]
[5.665s][info][exceptions] 1318 [Exception (): a 'com/amazon/kcfpositionmapcreator/e/b'{0x0000000713d55800} in {method} {0x00000001326f80b8} 'g' '(Lcom/amazon/kaf/c/s;)V' in 'com/amazon/kcfpositionmapcreator/d/b' at 0x000000011d1cb838]
[5.665s][info][exceptions] 1319 [Exception (): a 'com/amazon/kcfpositionmapcreator/e/b'{0x0000000713d60498} in {method} {0x00000001326f80b8} 'g' '(Lcom/amazon/kaf/c/s;)V' in 'com/amazon/kcfpositionmapcreator/d/b' at 0x000000011d1cb838]
[5.665s][info][exceptions] 1320 [Exception (): a 'com/amazon/kcfpositionmapcreator/e/b'{0x0000000713d60fb8} in {method} {0x00000001326f80b8} 'g' '(Lcom/amazon/kaf/c/s;)V' in 'com/amazon/kcfpositionmapcreator/d/b' at 0x000000011d1cb838]
[5.666s][info][exceptions] 1321 [Exception (): a 'com/amazon/kcfpositionmapcreator/e/b'{0x0000000713d6f528} in {method} {0x00000001326f80b8} 'g' '(Lcom/amazon/kaf/c/s;)V' in 'com/amazon/kcfpositionmapcreator/d/b' at 0x000000011d1cb838]
[5.667s][info][exceptions] 1322 [Exception (): a 'com/amazon/kcfpositionmapcreator/e/b'{0x0000000713d8c948} in {method} {0x00000001326f80b8} 'g' '(Lcom/amazon/kaf/c/s;)V' in 'com/amazon/kcfpositionmapcreator/d/b' at 0x000000011d1cb838]
[5.667s][info][exceptions] 1323 [Exception (): a 'com/amazon/kcfpositionmapcreator/e/b'{0x0000000713d99d68} in {method} {0x00000001326f80b8} 'g' '(Lcom/amazon/kaf/c/s;)V' in 'com/amazon/kcfpositionmapcreator/d/b' at 0x000000011d1cb838]
[5.670s][info][exceptions] 1324 [Exception (): a 'com/amazon/kcfpositionmapcreator/e/b'{0x0000000713dbe398} in {method} {0x00000001326f80b8} 'g' '(Lcom/amazon/kaf/c/s;)V' in 'com/amazon/kcfpositionmapcreator/d/b' at 0x000000011d1cb838]
[5.670s][info][exceptions] 1325 [Exception (): a 'com/amazon/kcfpositionmapcreator/e/b'{0x0000000713dbeeb8} in {method} {0x00000001326f80b8} 'g' '(Lcom/amazon/kaf/c/s;)V' in 'com/amazon/kcfpositionmapcreator/d/b' at 0x000000011d1cb838]
[5.670s][info][exceptions] 1326 [Exception (): a 'com/amazon/kcfpositionmapcreator/e/b'{0x0000000713dc1b98} in {method} {0x00000001326f80b8} 'g' '(Lcom/amazon/kaf/c/s;)V' in 'com/amazon/kcfpositionmapcreator/d/b' at 0x000000011d1cb838]
[5.671s][info][exceptions] 1327 [Exception (): a 'com/amazon/kcfpositionmapcreator/e/b'{0x0000000713de29b0} in {method} {0x00000001326f80b8} 'g' '(Lcom/amazon/kaf/c/s;)V' in 'com/amazon/kcfpositionmapcreator/d/b' at 0x000000011d1cb838]
[5.671s][info][exceptions] 1328 [Exception (): a 'com/amazon/kcfpositionmapcreator/e/b'{0x0000000713defc70} in {method} {0x00000001326f80b8} 'g' '(Lcom/amazon/kaf/c/s;)V' in 'com/amazon/kcfpositionmapcreator/d/b' at 0x000000011d1cb838]
[5.673s][info][exceptions] 1329 [Exception (): a 'com/amazon/kcfpositionmapcreator/e/b'{0x0000000713c15fe8} in {method} {0x00000001326f80b8} 'g' '(Lcom/amazon/kaf/c/s;)V' in 'com/amazon/kcfpositionmapcreator/d/b' at 0x000000011d1cb838]
[5.673s][info][exceptions] 1330 [Exception (): a 'com/amazon/kcfpositionmapcreator/e/b'{0x0000000713c16a88} in {method} {0x00000001326f80b8} 'g' '(Lcom/amazon/kaf/c/s;)V' in 'com/amazon/kcfpositionmapcreator/d/b' at 0x000000011d1cb838]
[5.673s][info][exceptions] 1331 [Exception (): a 'com/amazon/kcfpositionmapcreator/e/b'{0x0000000713c176d8} in {method} {0x00000001326f80b8} 'g' '(Lcom/amazon/kaf/c/s;)V' in 'com/amazon/kcfpositionmapcreator/d/b' at 0x000000011d1cb838]
[5.673s][info][exceptions] 1332 [Exception (): a 'com/amazon/kcfpositionmapcreator/e/b'{0x0000000713c181f8} in {method} {0x00000001326f80b8} 'g' '(Lcom/amazon/kaf/c/s;)V' in 'com/amazon/kcfpositionmapcreator/d/b' at 0x000000011d1cb838]
[5.673s][info][exceptions] 1333 [Exception (): a 'com/amazon/kcfpositionmapcreator/e/b'{0x0000000713c1ae18} in {method} {0x00000001326f80b8} 'g' '(Lcom/amazon/kaf/c/s;)V' in 'com/amazon/kcfpositionmapcreator/d/b' at 0x000000011d1cb838]
[5.673s][info][exceptions] 1334 [Exception (): a 'com/amazon/kcfpositionmapcreator/e/b'{0x0000000713c21ad0} in {method} {0x00000001326f80b8} 'g' '(Lcom/amazon/kaf/c/s;)V' in 'com/amazon/kcfpositionmapcreator/d/b' at 0x000000011d1cb838]
[5.673s][info][exceptions] 1335 [Exception (): a 'com/amazon/kcfpositionmapcreator/e/b'{0x0000000713c2a3d8} in {method} {0x00000001326f80b8} 'g' '(Lcom/amazon/kaf/c/s;)V' in 'com/amazon/kcfpositionmapcreator/d/b' at 0x000000011d1cb838]
[5.674s][info][exceptions] 1336 [Exception (): a 'com/amazon/kcfpositionmapcreator/e/b'{0x0000000713c322c0} in {method} {0x00000001326f80b8} 'g' '(Lcom/amazon/kaf/c/s;)V' in 'com/amazon/kcfpositionmapcreator/d/b' at 0x000000011d1cb838]
[5.674s][info][exceptions] 1337 [Exception (): a 'com/amazon/kcfpositionmapcreator/e/b'{0x0000000713c32f10} in {method} {0x00000001326f80b8} 'g' '(Lcom/amazon/kaf/c/s;)V' in 'com/amazon/kcfpositionmapcreator/d/b' at 0x000000011d1cb838]
[5.674s][info][exceptions] 1338 [Exception (): a 'com/amazon/kcfpositionmapcreator/e/b'{0x0000000713c33a30} in {method} {0x00000001326f80b8} 'g' '(Lcom/amazon/kaf/c/s;)V' in 'com/amazon/kcfpositionmapcreator/d/b' at 0x000000011d1cb838]
[5.674s][info][exceptions] 1339 [Exception (): a 'com/amazon/kcfpositionmapcreator/e/b'{0x0000000713c356d8} in {method} {0x00000001326f80b8} 'g' '(Lcom/amazon/kaf/c/s;)V' in 'com/amazon/kcfpositionmapcreator/d/b' at 0x000000011d1cb838]
[5.674s][info][exceptions] 1340 [Exception (): a 'com/amazon/kcfpositionmapcreator/e/b'{0x0000000713c378e8} in {method} {0x00000001326f80b8} 'g' '(Lcom/amazon/kaf/c/s;)V' in 'com/amazon/kcfpositionmapcreator/d/b' at 0x000000011d1cb838]
[5.674s][info][exceptions] 1341 [Exception (): a 'com/amazon/kcfpositionmapcreator/e/b'{0x0000000713c39590} in {method} {0x00000001326f80b8} 'g' '(Lcom/amazon/kaf/c/s;)V' in 'com/amazon/kcfpositionmapcreator/d/b' at 0x000000011d1cb838]
[5.674s][info][exceptions] 1342 [Exception (): a 'com/amazon/kcfpositionmapcreator/e/b'{0x0000000713c3b370} in {method} {0x00000001326f80b8} 'g' '(Lcom/amazon/kaf/c/s;)V' in 'com/amazon/kcfpositionmapcreator/d/b' at 0x000000011d1cb838]
[5.674s][info][exceptions] 1343 [Exception (): a 'com/amazon/kcfpositionmapcreator/e/b'{0x0000000713c3be90} in {method} {0x00000001326f80b8} 'g' '(Lcom/amazon/kaf/c/s;)V' in 'com/amazon/kcfpositionmapcreator/d/b' at 0x000000011d1cb838]
[5.674s][info][exceptions] 1344 [Exception (): a 'com/amazon/kcfpositionmapcreator/e/b'{0x0000000713c3db38} in {method} {0x00000001326f80b8} 'g' '(Lcom/amazon/kaf/c/s;)V' in 'com/amazon/kcfpositionmapcreator/d/b' at 0x000000011d1cb838]
[5.674s][info][exceptions] 1345 [Exception (): a 'com/amazon/kcfpositionmapcreator/e/b'{0x0000000713c40250} in {method} {0x00000001326f80b8} 'g' '(Lcom/amazon/kaf/c/s;)V' in 'com/amazon/kcfpositionmapcreator/d/b' at 0x000000011d1cb838]
[5.674s][info][exceptions] 1346 [Exception (): a 'com/amazon/kcfpositionmapcreator/e/b'{0x0000000713c41ef8} in {method} {0x00000001326f80b8} 'g' '(Lcom/amazon/kaf/c/s;)V' in 'com/amazon/kcfpositionmapcreator/d/b' at 0x000000011d1cb838]
[5.675s][info][exceptions] 1347 [Exception (): a 'com/amazon/kcfpositionmapcreator/e/b'{0x0000000713c43cd8} in {method} {0x00000001326f80b8} 'g' '(Lcom/amazon/kaf/c/s;)V' in 'com/amazon/kcfpositionmapcreator/d/b' at 0x000000011d1cb838]
[5.675s][info][exceptions] 1348 [Exception (): a 'com/amazon/kcfpositionmapcreator/e/b'{0x0000000713c447f8} in {method} {0x00000001326f80b8} 'g' '(Lcom/amazon/kaf/c/s;)V' in 'com/amazon/kcfpositionmapcreator/d/b' at 0x000000011d1cb838]
[5.675s][info][exceptions] 1349 [Exception (): a 'com/amazon/kcfpositionmapcreator/e/b'{0x0000000713c464a0} in {method} {0x00000001326f80b8} 'g' '(Lcom/amazon/kaf/c/s;)V' in 'com/amazon/kcfpositionmapcreator/d/b' at 0x000000011d1cb838]
[5.675s][info][exceptions] 1350 [Exception (): a 'com/amazon/kcfpositionmapcreator/e/b'{0x0000000713c48bb8} in {method} {0x00000001326f80b8} 'g' '(Lcom/amazon/kaf/c/s;)V' in 'com/amazon/kcfpositionmapcreator/d/b' at 0x000000011d1cb838]
[5.675s][info][exceptions] 1351 [Exception (): a 'com/amazon/kcfpositionmapcreator/e/b'{0x0000000713c4adc8} in {method} {0x00000001326f80b8} 'g' '(Lcom/amazon/kaf/c/s;)V' in 'com/amazon/kcfpositionmapcreator/d/b' at 0x000000011d1cb838]
[5.675s][info][exceptions] 1352 [Exception (): a 'com/amazon/kcfpositionmapcreator/e/b'{0x0000000713c4cba8} in {method} {0x00000001326f80b8} 'g' '(Lcom/amazon/kaf/c/s;)V' in 'com/amazon/kcfpositionmapcreator/d/b' at 0x000000011d1cb838]
[5.675s][info][exceptions] 1353 [Exception (): a 'com/amazon/kcfpositionmapcreator/e/b'{0x0000000713c4d6c8} in {method} {0x00000001326f80b8} 'g' '(Lcom/amazon/kaf/c/s;)V' in 'com/amazon/kcfpositionmapcreator/d/b' at 0x000000011d1cb838]
[5.675s][info][exceptions] 1354 [Exception (): a 'com/amazon/kcfpositionmapcreator/e/b'{0x0000000713c4f370} in {method} {0x00000001326f80b8} 'g' '(Lcom/amazon/kaf/c/s;)V' in 'com/amazon/kcfpositionmapcreator/d/b' at 0x000000011d1cb838]
[5.675s][info][exceptions] 1355 [Exception (): a 'com/amazon/kcfpositionmapcreator/e/b'{0x0000000713c51a88} in {method} {0x00000001326f80b8} 'g' '(Lcom/amazon/kaf/c/s;)V' in 'com/amazon/kcfpositionmapcreator/d/b' at 0x000000011d1cb838]
[5.675s][info][exceptions] 1356 [Exception (): a 'com/amazon/kcfpositionmapcreator/e/b'{0x0000000713c53c98} in {method} {0x00000001326f80b8} 'g' '(Lcom/amazon/kaf/c/s;)V' in 'com/amazon/kcfpositionmapcreator/d/b' at 0x000000011d1cb838]
[5.675s][info][exceptions] 1357 [Exception (): a 'com/amazon/kcfpositionmapcreator/e/b'{0x0000000713c55fe0} in {method} {0x00000001326f80b8} 'g' '(Lcom/amazon/kaf/c/s;)V' in 'com/amazon/kcfpositionmapcreator/d/b' at 0x000000011d1cb838]
[5.675s][info][exceptions] 1358 [Exception (): a 'com/amazon/kcfpositionmapcreator/e/b'{0x0000000713c56b00} in {method} {0x00000001326f80b8} 'g' '(Lcom/amazon/kaf/c/s;)V' in 'com/amazon/kcfpositionmapcreator/d/b' at 0x000000011d1cb838]
[5.675s][info][exceptions] 1359 [Exception (): a 'com/amazon/kcfpositionmapcreator/e/b'{0x0000000713c587a8} in {method} {0x00000001326f80b8} 'g' '(Lcom/amazon/kaf/c/s;)V' in 'com/amazon/kcfpositionmapcreator/d/b' at 0x000000011d1cb838]
[5.675s][info][exceptions] 1360 [Exception (): a 'com/amazon/kcfpositionmapcreator/e/b'{0x0000000713c5aec0} in {method} {0x00000001326f80b8} 'g' '(Lcom/amazon/kaf/c/s;)V' in 'com/amazon/kcfpositionmapcreator/d/b' at 0x000000011d1cb838]
[5.676s][info][exceptions] 1361 [Exception (): a 'com/amazon/kcfpositionmapcreator/e/b'{0x0000000713c5d0d0} in {method} {0x00000001326f80b8} 'g' '(Lcom/amazon/kaf/c/s;)V' in 'com/amazon/kcfpositionmapcreator/d/b' at 0x000000011d1cb838]
[5.676s][info][exceptions] 1362 [Exception (): a 'com/amazon/kcfpositionmapcreator/e/b'{0x0000000713c5f418} in {method} {0x00000001326f80b8} 'g' '(Lcom/amazon/kaf/c/s;)V' in 'com/amazon/kcfpositionmapcreator/d/b' at 0x000000011d1cb838]
[5.676s][info][exceptions] 1363 [Exception (): a 'com/amazon/kcfpositionmapcreator/e/b'{0x0000000713c5ff38} in {method} {0x00000001326f80b8} 'g' '(Lcom/amazon/kaf/c/s;)V' in 'com/amazon/kcfpositionmapcreator/d/b' at 0x000000011d1cb838]
[5.676s][info][exceptions] 1364 [Exception (): a 'com/amazon/kcfpositionmapcreator/e/b'{0x0000000713c61be0} in {method} {0x00000001326f80b8} 'g' '(Lcom/amazon/kaf/c/s;)V' in 'com/amazon/kcfpositionmapcreator/d/b' at 0x000000011d1cb838]
[5.676s][info][exceptions] 1365 [Exception (): a 'com/amazon/kcfpositionmapcreator/e/b'{0x0000000713c642f8} in {method} {0x00000001326f80b8} 'g' '(Lcom/amazon/kaf/c/s;)V' in 'com/amazon/kcfpositionmapcreator/d/b' at 0x000000011d1cb838]
[5.676s][info][exceptions] 1366 [Exception (): a 'com/amazon/kcfpositionmapcreator/e/b'{0x0000000713c66508} in {method} {0x00000001326f80b8} 'g' '(Lcom/amazon/kaf/c/s;)V' in 'com/amazon/kcfpositionmapcreator/d/b' at 0x000000011d1cb838]
[5.676s][info][exceptions] 1367 [Exception (): a 'com/amazon/kcfpositionmapcreator/e/b'{0x0000000713c68850} in {method} {0x00000001326f80b8} 'g' '(Lcom/amazon/kaf/c/s;)V' in 'com/amazon/kcfpositionmapcreator/d/b' at 0x000000011d1cb838]
[5.676s][info][exceptions] 1368 [Exception (): a 'com/amazon/kcfpositionmapcreator/e/b'{0x0000000713c69370} in {method} {0x00000001326f80b8} 'g' '(Lcom/amazon/kaf/c/s;)V' in 'com/amazon/kcfpositionmapcreator/d/b' at 0x000000011d1cb838]
[5.676s][info][exceptions] 1369 [Exception (): a 'com/amazon/kcfpositionmapcreator/e/b'{0x0000000713c6b018} in {method} {0x00000001326f80b8} 'g' '(Lcom/amazon/kaf/c/s;)V' in 'com/amazon/kcfpositionmapcreator/d/b' at 0x000000011d1cb838]
[5.676s][info][exceptions] 1370 [Exception (): a 'com/amazon/kcfpositionmapcreator/e/b'{0x0000000713c6d730} in {method} {0x00000001326f80b8} 'g' '(Lcom/amazon/kaf/c/s;)V' in 'com/amazon/kcfpositionmapcreator/d/b' at 0x000000011d1cb838]
[5.676s][info][exceptions] 1371 [Exception (): a 'com/amazon/kcfpositionmapcreator/e/b'{0x0000000713c6f940} in {method} {0x00000001326f80b8} 'g' '(Lcom/amazon/kaf/c/s;)V' in 'com/amazon/kcfpositionmapcreator/d/b' at 0x000000011d1cb838]
[5.676s][info][exceptions] 1372 [Exception (): a 'com/amazon/kcfpositionmapcreator/e/b'{0x0000000713c71c88} in {method} {0x00000001326f80b8} 'g' '(Lcom/amazon/kaf/c/s;)V' in 'com/amazon/kcfpositionmapcreator/d/b' at 0x000000011d1cb838]
[5.676s][info][exceptions] 1373 [Exception (): a 'com/amazon/kcfpositionmapcreator/e/b'{0x0000000713c727a8} in {method} {0x00000001326f80b8} 'g' '(Lcom/amazon/kaf/c/s;)V' in 'com/amazon/kcfpositionmapcreator/d/b' at 0x000000011d1cb838]
[5.676s][info][exceptions] 1374 [Exception (): a 'com/amazon/kcfpositionmapcreator/e/b'{0x0000000713c74450} in {method} {0x00000001326f80b8} 'g' '(Lcom/amazon/kaf/c/s;)V' in 'com/amazon/kcfpositionmapcreator/d/b' at 0x000000011d1cb838]
[5.677s][info][exceptions] 1375 [Exception (): a 'com/amazon/kcfpositionmapcreator/e/b'{0x0000000713c76b68} in {method} {0x00000001326f80b8} 'g' '(Lcom/amazon/kaf/c/s;)V' in 'com/amazon/kcfpositionmapcreator/d/b' at 0x000000011d1cb838]
[5.677s][info][exceptions] 1376 [Exception (): a 'com/amazon/kcfpositionmapcreator/e/b'{0x0000000713c78d78} in {method} {0x00000001326f80b8} 'g' '(Lcom/amazon/kaf/c/s;)V' in 'com/amazon/kcfpositionmapcreator/d/b' at 0x000000011d1cb838]
[5.677s][info][exceptions] 1377 [Exception (): a 'com/amazon/kcfpositionmapcreator/e/b'{0x0000000713c7b0c0} in {method} {0x00000001326f80b8} 'g' '(Lcom/amazon/kaf/c/s;)V' in 'com/amazon/kcfpositionmapcreator/d/b' at 0x000000011d1cb838]
[5.677s][info][exceptions] 1378 [Exception (): a 'com/amazon/kcfpositionmapcreator/e/b'{0x0000000713c7bbe0} in {method} {0x00000001326f80b8} 'g' '(Lcom/amazon/kaf/c/s;)V' in 'com/amazon/kcfpositionmapcreator/d/b' at 0x000000011d1cb838]
[5.677s][info][exceptions] 1379 [Exception (): a 'com/amazon/kcfpositionmapcreator/e/b'{0x0000000713c7d888} in {method} {0x00000001326f80b8} 'g' '(Lcom/amazon/kaf/c/s;)V' in 'com/amazon/kcfpositionmapcreator/d/b' at 0x000000011d1cb838]
[5.677s][info][exceptions] 1380 [Exception (): a 'com/amazon/kcfpositionmapcreator/e/b'{0x0000000713c804a8} in {method} {0x00000001326f80b8} 'g' '(Lcom/amazon/kaf/c/s;)V' in 'com/amazon/kcfpositionmapcreator/d/b' at 0x000000011d1cb838]
[5.677s][info][exceptions] 1381 [Exception (): a 'com/amazon/kcfpositionmapcreator/e/b'{0x0000000713c82960} in {method} {0x00000001326f80b8} 'g' '(Lcom/amazon/kaf/c/s;)V' in 'com/amazon/kcfpositionmapcreator/d/b' at 0x000000011d1cb838]
[5.680s][info][exceptions] 1382 [Exception (): a 'com/amazon/kcfpositionmapcreator/e/b'{0x0000000713ce4ba8} in {method} {0x00000001326f80b8} 'g' '(Lcom/amazon/kaf/c/s;)V' in 'com/amazon/kcfpositionmapcreator/d/b' at 0x000000011d1cb838]
[5.680s][info][exceptions] 1383 [Exception (): a 'com/amazon/kcfpositionmapcreator/e/b'{0x0000000713ce5648} in {method} {0x00000001326f80b8} 'g' '(Lcom/amazon/kaf/c/s;)V' in 'com/amazon/kcfpositionmapcreator/d/b' at 0x000000011d1cb838]
[5.680s][info][exceptions] 1384 [Exception (): a 'com/amazon/kcfpositionmapcreator/e/b'{0x0000000713ce6208} in {method} {0x00000001326f80b8} 'g' '(Lcom/amazon/kaf/c/s;)V' in 'com/amazon/kcfpositionmapcreator/d/b' at 0x000000011d1cb838]
[5.680s][info][exceptions] 1385 [Exception (): a 'com/amazon/kcfpositionmapcreator/e/b'{0x0000000713ce6d28} in {method} {0x00000001326f80b8} 'g' '(Lcom/amazon/kaf/c/s;)V' in 'com/amazon/kcfpositionmapcreator/d/b' at 0x000000011d1cb838]
[5.681s][info][exceptions] 1386 [Exception (): a 'com/amazon/kcfpositionmapcreator/e/b'{0x0000000713ceb698} in {method} {0x00000001326f80b8} 'g' '(Lcom/amazon/kaf/c/s;)V' in 'com/amazon/kcfpositionmapcreator/d/b' at 0x000000011d1cb838]
[5.681s][info][exceptions] 1387 [Exception (): a 'com/amazon/kcfpositionmapcreator/e/b'{0x0000000713cf0e30} in {method} {0x00000001326f80b8} 'g' '(Lcom/amazon/kaf/c/s;)V' in 'com/amazon/kcfpositionmapcreator/d/b' at 0x000000011d1cb838]
[5.681s][info][exceptions] 1388 [Exception (): a 'com/amazon/kcfpositionmapcreator/e/b'{0x0000000713cf5670} in {method} {0x00000001326f80b8} 'g' '(Lcom/amazon/kaf/c/s;)V' in 'com/amazon/kcfpositionmapcreator/d/b' at 0x000000011d1cb838]
[5.681s][info][exceptions] 1389 [Exception (): a 'com/amazon/kcfpositionmapcreator/e/b'{0x0000000713cf6230} in {method} {0x00000001326f80b8} 'g' '(Lcom/amazon/kaf/c/s;)V' in 'com/amazon/kcfpositionmapcreator/d/b' at 0x000000011d1cb838]
[5.681s][info][exceptions] 1390 [Exception (): a 'com/amazon/kcfpositionmapcreator/e/b'{0x0000000713cf6d50} in {method} {0x00000001326f80b8} 'g' '(Lcom/amazon/kaf/c/s;)V' in 'com/amazon/kcfpositionmapcreator/d/b' at 0x000000011d1cb838]
[5.681s][info][exceptions] 1391 [Exception (): a 'com/amazon/kcfpositionmapcreator/e/b'{0x0000000713cf89f8} in {method} {0x00000001326f80b8} 'g' '(Lcom/amazon/kaf/c/s;)V' in 'com/amazon/kcfpositionmapcreator/d/b' at 0x000000011d1cb838]
[5.681s][info][exceptions] 1392 [Exception (): a 'com/amazon/kcfpositionmapcreator/e/b'{0x0000000713cfcbb0} in {method} {0x00000001326f80b8} 'g' '(Lcom/amazon/kaf/c/s;)V' in 'com/amazon/kcfpositionmapcreator/d/b' at 0x000000011d1cb838]
[5.681s][info][exceptions] 1393 [Exception (): a 'com/amazon/kcfpositionmapcreator/e/b'{0x0000000713cfd6d0} in {method} {0x00000001326f80b8} 'g' '(Lcom/amazon/kaf/c/s;)V' in 'com/amazon/kcfpositionmapcreator/d/b' at 0x000000011d1cb838]
[5.681s][info][exceptions] 1394 [Exception (): a 'com/amazon/kcfpositionmapcreator/e/b'{0x0000000713cff378} in {method} {0x00000001326f80b8} 'g' '(Lcom/amazon/kaf/c/s;)V' in 'com/amazon/kcfpositionmapcreator/d/b' at 0x000000011d1cb838]
[5.682s][info][exceptions] 1395 [Exception (): a 'com/amazon/kcfpositionmapcreator/e/b'{0x0000000713b03ec8} in {method} {0x00000001326f80b8} 'g' '(Lcom/amazon/kaf/c/s;)V' in 'com/amazon/kcfpositionmapcreator/d/b' at 0x000000011d1cb838]
[5.682s][info][exceptions] 1396 [Exception (): a 'com/amazon/kcfpositionmapcreator/e/b'{0x0000000713b049e8} in {method} {0x00000001326f80b8} 'g' '(Lcom/amazon/kaf/c/s;)V' in 'com/amazon/kcfpositionmapcreator/d/b' at 0x000000011d1cb838]
[5.682s][info][exceptions] 1397 [Exception (): a 'com/amazon/kcfpositionmapcreator/e/b'{0x0000000713b06690} in {method} {0x00000001326f80b8} 'g' '(Lcom/amazon/kaf/c/s;)V' in 'com/amazon/kcfpositionmapcreator/d/b' at 0x000000011d1cb838]
[5.682s][info][exceptions] 1398 [Exception (): a 'com/amazon/kcfpositionmapcreator/e/b'{0x0000000713b10038} in {method} {0x00000001326f80b8} 'g' '(Lcom/amazon/kaf/c/s;)V' in 'com/amazon/kcfpositionmapcreator/d/b' at 0x000000011d1cb838]
[5.682s][info][exceptions] 1399 [Exception (): a 'com/amazon/kcfpositionmapcreator/e/b'{0x0000000713b10b58} in {method} {0x00000001326f80b8} 'g' '(Lcom/amazon/kaf/c/s;)V' in 'com/amazon/kcfpositionmapcreator/d/b' at 0x000000011d1cb838]
[5.682s][info][exceptions] 1400 [Exception (): a 'com/amazon/kcfpositionmapcreator/e/b'{0x0000000713b12800} in {method} {0x00000001326f80b8} 'g' '(Lcom/amazon/kaf/c/s;)V' in 'com/amazon/kcfpositionmapcreator/d/b' at 0x000000011d1cb838]
[5.683s][info][exceptions] 1401 [Exception (): a 'com/amazon/kcfpositionmapcreator/e/b'{0x0000000713b236d8} in {method} {0x00000001326f80b8} 'g' '(Lcom/amazon/kaf/c/s;)V' in 'com/amazon/kcfpositionmapcreator/d/b' at 0x000000011d1cb838]
[5.683s][info][exceptions] 1402 [Exception (): a 'com/amazon/kcfpositionmapcreator/e/b'{0x0000000713b241f8} in {method} {0x00000001326f80b8} 'g' '(Lcom/amazon/kaf/c/s;)V' in 'com/amazon/kcfpositionmapcreator/d/b' at 0x000000011d1cb838]
[5.683s][info][exceptions] 1403 [Exception (): a 'com/amazon/kcfpositionmapcreator/e/b'{0x0000000713b25ea0} in {method} {0x00000001326f80b8} 'g' '(Lcom/amazon/kaf/c/s;)V' in 'com/amazon/kcfpositionmapcreator/d/b' at 0x000000011d1cb838]
[5.683s][info][exceptions] 1404 [Exception (): a 'com/amazon/kcfpositionmapcreator/e/b'{0x0000000713b34dc0} in {method} {0x00000001326f80b8} 'g' '(Lcom/amazon/kaf/c/s;)V' in 'com/amazon/kcfpositionmapcreator/d/b' at 0x000000011d1cb838]
[5.683s][info][exceptions] 1405 [Exception (): a 'com/amazon/kcfpositionmapcreator/e/b'{0x0000000713b38ea8} in {method} {0x00000001326f80b8} 'g' '(Lcom/amazon/kaf/c/s;)V' in 'com/amazon/kcfpositionmapcreator/d/b' at 0x000000011d1cb838]
[5.683s][info][exceptions] 1406 [Exception (): a 'com/amazon/kcfpositionmapcreator/e/b'{0x0000000713b399c8} in {method} {0x00000001326f80b8} 'g' '(Lcom/amazon/kaf/c/s;)V' in 'com/amazon/kcfpositionmapcreator/d/b' at 0x000000011d1cb838]
[5.684s][info][exceptions] 1407 [Exception (): a 'com/amazon/kcfpositionmapcreator/e/b'{0x0000000713b3bbd8} in {method} {0x00000001326f80b8} 'g' '(Lcom/amazon/kaf/c/s;)V' in 'com/amazon/kcfpositionmapcreator/d/b' at 0x000000011d1cb838]
[5.684s][info][exceptions] 1408 [Exception (): a 'com/amazon/kcfpositionmapcreator/e/b'{0x0000000713b4aaf8} in {method} {0x00000001326f80b8} 'g' '(Lcom/amazon/kaf/c/s;)V' in 'com/amazon/kcfpositionmapcreator/d/b' at 0x000000011d1cb838]
[5.684s][info][exceptions] 1409 [Exception (): a 'com/amazon/kcfpositionmapcreator/e/b'{0x0000000713b50e38} in {method} {0x00000001326f80b8} 'g' '(Lcom/amazon/kaf/c/s;)V' in 'com/amazon/kcfpositionmapcreator/d/b' at 0x000000011d1cb838]
[5.684s][info][exceptions] 1410 [Exception (): a 'com/amazon/kcfpositionmapcreator/e/b'{0x0000000713b51958} in {method} {0x00000001326f80b8} 'g' '(Lcom/amazon/kaf/c/s;)V' in 'com/amazon/kcfpositionmapcreator/d/b' at 0x000000011d1cb838]
[5.684s][info][exceptions] 1411 [Exception (): a 'com/amazon/kcfpositionmapcreator/e/b'{0x0000000713b53b68} in {method} {0x00000001326f80b8} 'g' '(Lcom/amazon/kaf/c/s;)V' in 'com/amazon/kcfpositionmapcreator/d/b' at 0x000000011d1cb838]
[5.685s][info][exceptions] 1412 [Exception (): a 'com/amazon/kcfpositionmapcreator/e/b'{0x0000000713b63498} in {method} {0x00000001326f80b8} 'g' '(Lcom/amazon/kaf/c/s;)V' in 'com/amazon/kcfpositionmapcreator/d/b' at 0x000000011d1cb838]
[5.686s][info][exceptions] 1413 [Exception (): a 'com/amazon/kcfpositionmapcreator/e/b'{0x0000000713b81c70} in {method} {0x00000001326f80b8} 'g' '(Lcom/amazon/kaf/c/s;)V' in 'com/amazon/kcfpositionmapcreator/d/b' at 0x000000011d1cb838]
[5.686s][info][exceptions] 1414 [Exception (): a 'com/amazon/kcfpositionmapcreator/e/b'{0x0000000713b82710} in {method} {0x00000001326f80b8} 'g' '(Lcom/amazon/kaf/c/s;)V' in 'com/amazon/kcfpositionmapcreator/d/b' at 0x000000011d1cb838]
[5.686s][info][exceptions] 1415 [Exception (): a 'com/amazon/kcfpositionmapcreator/e/b'{0x0000000713b83240} in {method} {0x00000001326f80b8} 'g' '(Lcom/amazon/kaf/c/s;)V' in 'com/amazon/kcfpositionmapcreator/d/b' at 0x000000011d1cb838]
[5.686s][info][exceptions] 1416 [Exception (): a 'com/amazon/kcfpositionmapcreator/e/b'{0x0000000713b83d60} in {method} {0x00000001326f80b8} 'g' '(Lcom/amazon/kaf/c/s;)V' in 'com/amazon/kcfpositionmapcreator/d/b' at 0x000000011d1cb838]
[5.686s][info][exceptions] 1417 [Exception (): a 'com/amazon/kcfpositionmapcreator/e/b'{0x0000000713b86e88} in {method} {0x00000001326f80b8} 'g' '(Lcom/amazon/kaf/c/s;)V' in 'com/amazon/kcfpositionmapcreator/d/b' at 0x000000011d1cb838]
[5.687s][info][exceptions] 1418 [Exception (): a 'com/amazon/kcfpositionmapcreator/e/b'{0x0000000713b911a0} in {method} {0x00000001326f80b8} 'g' '(Lcom/amazon/kaf/c/s;)V' in 'com/amazon/kcfpositionmapcreator/d/b' at 0x000000011d1cb838]
[5.687s][info][exceptions] 1419 [Exception (): a 'com/amazon/kcfpositionmapcreator/e/b'{0x0000000713b91cd0} in {method} {0x00000001326f80b8} 'g' '(Lcom/amazon/kaf/c/s;)V' in 'com/amazon/kcfpositionmapcreator/d/b' at 0x000000011d1cb838]
[5.687s][info][exceptions] 1420 [Exception (): a 'com/amazon/kcfpositionmapcreator/e/b'{0x0000000713b927f0} in {method} {0x00000001326f80b8} 'g' '(Lcom/amazon/kaf/c/s;)V' in 'com/amazon/kcfpositionmapcreator/d/b' at 0x000000011d1cb838]
[5.687s][info][exceptions] 1421 [Exception (): a 'com/amazon/kcfpositionmapcreator/e/b'{0x0000000713b97b70} in {method} {0x00000001326f80b8} 'g' '(Lcom/amazon/kaf/c/s;)V' in 'com/amazon/kcfpositionmapcreator/d/b' at 0x000000011d1cb838]
[5.687s][info][exceptions] 1422 [Exception (): a 'com/amazon/kcfpositionmapcreator/e/b'{0x0000000713ba3e40} in {method} {0x00000001326f80b8} 'g' '(Lcom/amazon/kaf/c/s;)V' in 'com/amazon/kcfpositionmapcreator/d/b' at 0x000000011d1cb838]
[5.687s][info][exceptions] 1423 [Exception (): a 'com/amazon/kcfpositionmapcreator/e/b'{0x0000000713ba4960} in {method} {0x00000001326f80b8} 'g' '(Lcom/amazon/kaf/c/s;)V' in 'com/amazon/kcfpositionmapcreator/d/b' at 0x000000011d1cb838]
[5.687s][info][exceptions] 1424 [Exception (): a 'com/amazon/kcfpositionmapcreator/e/b'{0x0000000713ba7580} in {method} {0x00000001326f80b8} 'g' '(Lcom/amazon/kaf/c/s;)V' in 'com/amazon/kcfpositionmapcreator/d/b' at 0x000000011d1cb838]
[5.688s][info][exceptions] 1425 [Exception (): a 'com/amazon/kcfpositionmapcreator/e/b'{0x0000000713bb4858} in {method} {0x00000001326f80b8} 'g' '(Lcom/amazon/kaf/c/s;)V' in 'com/amazon/kcfpositionmapcreator/d/b' at 0x000000011d1cb838]
[5.688s][info][exceptions] 1426 [Exception (): a 'com/amazon/kcfpositionmapcreator/e/b'{0x0000000713bb5378} in {method} {0x00000001326f80b8} 'g' '(Lcom/amazon/kaf/c/s;)V' in 'com/amazon/kcfpositionmapcreator/d/b' at 0x000000011d1cb838]
[5.688s][info][exceptions] 1427 [Exception (): a 'com/amazon/kcfpositionmapcreator/e/b'{0x0000000713bb8eb0} in {method} {0x00000001326f80b8} 'g' '(Lcom/amazon/kaf/c/s;)V' in 'com/amazon/kcfpositionmapcreator/d/b' at 0x000000011d1cb838]
[5.688s][info][exceptions] 1428 [Exception (): a 'com/amazon/kcfpositionmapcreator/e/b'{0x0000000713bc9118} in {method} {0x00000001326f80b8} 'g' '(Lcom/amazon/kaf/c/s;)V' in 'com/amazon/kcfpositionmapcreator/d/b' at 0x000000011d1cb838]
[5.688s][info][exceptions] 1429 [Exception (): a 'com/amazon/kcfpositionmapcreator/e/b'{0x0000000713bc9c38} in {method} {0x00000001326f80b8} 'g' '(Lcom/amazon/kaf/c/s;)V' in 'com/amazon/kcfpositionmapcreator/d/b' at 0x000000011d1cb838]
[5.689s][info][exceptions] 1430 [Exception (): a 'com/amazon/kcfpositionmapcreator/e/b'{0x0000000713bcd770} in {method} {0x00000001326f80b8} 'g' '(Lcom/amazon/kaf/c/s;)V' in 'com/amazon/kcfpositionmapcreator/d/b' at 0x000000011d1cb838]
[5.689s][info][exceptions] 1431 [Exception (): a 'com/amazon/kcfpositionmapcreator/e/b'{0x0000000713be1458} in {method} {0x00000001326f80b8} 'g' '(Lcom/amazon/kaf/c/s;)V' in 'com/amazon/kcfpositionmapcreator/d/b' at 0x000000011d1cb838]
[5.689s][info][exceptions] 1432 [Exception (): a 'com/amazon/kcfpositionmapcreator/e/b'{0x0000000713be1f78} in {method} {0x00000001326f80b8} 'g' '(Lcom/amazon/kaf/c/s;)V' in 'com/amazon/kcfpositionmapcreator/d/b' at 0x000000011d1cb838]
[5.689s][info][exceptions] 1433 [Exception (): a 'com/amazon/kcfpositionmapcreator/e/b'{0x0000000713be5668} in {method} {0x00000001326f80b8} 'g' '(Lcom/amazon/kaf/c/s;)V' in 'com/amazon/kcfpositionmapcreator/d/b' at 0x000000011d1cb838]
[5.690s][info][exceptions] 1434 [Exception (): a 'com/amazon/kcfpositionmapcreator/e/b'{0x0000000713bf3cc0} in {method} {0x00000001326f80b8} 'g' '(Lcom/amazon/kaf/c/s;)V' in 'com/amazon/kcfpositionmapcreator/d/b' at 0x000000011d1cb838]
[5.690s][info][exceptions] 1435 [Exception (): a 'com/amazon/kcfpositionmapcreator/e/b'{0x0000000713bf4760} in {method} {0x00000001326f80b8} 'g' '(Lcom/amazon/kaf/c/s;)V' in 'com/amazon/kcfpositionmapcreator/d/b' at 0x000000011d1cb838]
[5.690s][info][exceptions] 1436 [Exception (): a 'com/amazon/kcfpositionmapcreator/e/b'{0x0000000713bf53b0} in {method} {0x00000001326f80b8} 'g' '(Lcom/amazon/kaf/c/s;)V' in 'com/amazon/kcfpositionmapcreator/d/b' at 0x000000011d1cb838]
[5.690s][info][exceptions] 1437 [Exception (): a 'com/amazon/kcfpositionmapcreator/e/b'{0x0000000713bf5ed0} in {method} {0x00000001326f80b8} 'g' '(Lcom/amazon/kaf/c/s;)V' in 'com/amazon/kcfpositionmapcreator/d/b' at 0x000000011d1cb838]
[5.690s][info][exceptions] 1438 [Exception (): a 'com/amazon/kcfpositionmapcreator/e/b'{0x0000000713bfc580} in {method} {0x00000001326f80b8} 'g' '(Lcom/amazon/kaf/c/s;)V' in 'com/amazon/kcfpositionmapcreator/d/b' at 0x000000011d1cb838]
[5.690s][info][exceptions] 1439 [Exception (): a 'com/amazon/kcfpositionmapcreator/e/b'{0x0000000713a00f58} in {method} {0x00000001326f80b8} 'g' '(Lcom/amazon/kaf/c/s;)V' in 'com/amazon/kcfpositionmapcreator/d/b' at 0x000000011d1cb838]
[5.690s][info][exceptions] 1440 [Exception (): a 'com/amazon/kcfpositionmapcreator/e/b'{0x0000000713a03b78} in {method} {0x00000001326f80b8} 'g' '(Lcom/amazon/kaf/c/s;)V' in 'com/amazon/kcfpositionmapcreator/d/b' at 0x000000011d1cb838]
[5.691s][info][exceptions] 1441 [Exception (): a 'com/amazon/kcfpositionmapcreator/e/b'{0x0000000713a0b408} in {method} {0x00000001326f80b8} 'g' '(Lcom/amazon/kaf/c/s;)V' in 'com/amazon/kcfpositionmapcreator/d/b' at 0x000000011d1cb838]
[5.691s][info][exceptions] 1442 [Exception (): a 'com/amazon/kcfpositionmapcreator/e/b'{0x0000000713a0c058} in {method} {0x00000001326f80b8} 'g' '(Lcom/amazon/kaf/c/s;)V' in 'com/amazon/kcfpositionmapcreator/d/b' at 0x000000011d1cb838]
[5.691s][info][exceptions] 1443 [Exception (): a 'com/amazon/kcfpositionmapcreator/e/b'{0x0000000713a0cb78} in {method} {0x00000001326f80b8} 'g' '(Lcom/amazon/kaf/c/s;)V' in 'com/amazon/kcfpositionmapcreator/d/b' at 0x000000011d1cb838]
[5.691s][info][exceptions] 1444 [Exception (): a 'com/amazon/kcfpositionmapcreator/e/b'{0x0000000713a0e820} in {method} {0x00000001326f80b8} 'g' '(Lcom/amazon/kaf/c/s;)V' in 'com/amazon/kcfpositionmapcreator/d/b' at 0x000000011d1cb838]
[5.691s][info][exceptions] 1445 [Exception (): a 'com/amazon/kcfpositionmapcreator/e/b'{0x0000000713a10f38} in {method} {0x00000001326f80b8} 'g' '(Lcom/amazon/kaf/c/s;)V' in 'com/amazon/kcfpositionmapcreator/d/b' at 0x000000011d1cb838]
[5.691s][info][exceptions] 1446 [Exception (): a 'com/amazon/kcfpositionmapcreator/e/b'{0x0000000713a13650} in {method} {0x00000001326f80b8} 'g' '(Lcom/amazon/kaf/c/s;)V' in 'com/amazon/kcfpositionmapcreator/d/b' at 0x000000011d1cb838]
[5.692s][info][exceptions] 1447 [Exception (): a 'com/amazon/kcfpositionmapcreator/e/b'{0x0000000713a2cf80} in {method} {0x00000001326f80b8} 'g' '(Lcom/amazon/kaf/c/s;)V' in 'com/amazon/kcfpositionmapcreator/d/b' at 0x000000011d1cb838]
[5.692s][info][exceptions] 1448 [Exception (): a 'com/amazon/kcfpositionmapcreator/e/b'{0x0000000713a2daa0} in {method} {0x00000001326f80b8} 'g' '(Lcom/amazon/kaf/c/s;)V' in 'com/amazon/kcfpositionmapcreator/d/b' at 0x000000011d1cb838]
[5.692s][info][exceptions] 1449 [Exception (): a 'com/amazon/kcfpositionmapcreator/e/b'{0x0000000713a2f748} in {method} {0x00000001326f80b8} 'g' '(Lcom/amazon/kaf/c/s;)V' in 'com/amazon/kcfpositionmapcreator/d/b' at 0x000000011d1cb838]
[5.692s][info][exceptions] 1450 [Exception (): a 'com/amazon/kcfpositionmapcreator/e/b'{0x0000000713a31e60} in {method} {0x00000001326f80b8} 'g' '(Lcom/amazon/kaf/c/s;)V' in 'com/amazon/kcfpositionmapcreator/d/b' at 0x000000011d1cb838]
[5.692s][info][exceptions] 1451 [Exception (): a 'com/amazon/kcfpositionmapcreator/e/b'{0x0000000713a34578} in {method} {0x00000001326f80b8} 'g' '(Lcom/amazon/kaf/c/s;)V' in 'com/amazon/kcfpositionmapcreator/d/b' at 0x000000011d1cb838]
[5.693s][info][exceptions] 1452 [Exception (): a 'com/amazon/kcfpositionmapcreator/e/b'{0x0000000713a4dea8} in {method} {0x00000001326f80b8} 'g' '(Lcom/amazon/kaf/c/s;)V' in 'com/amazon/kcfpositionmapcreator/d/b' at 0x000000011d1cb838]
[5.693s][info][exceptions] 1453 [Exception (): a 'com/amazon/kcfpositionmapcreator/e/b'{0x0000000713a4e9c8} in {method} {0x00000001326f80b8} 'g' '(Lcom/amazon/kaf/c/s;)V' in 'com/amazon/kcfpositionmapcreator/d/b' at 0x000000011d1cb838]
[5.693s][info][exceptions] 1454 [Exception (): a 'com/amazon/kcfpositionmapcreator/e/b'{0x0000000713a50670} in {method} {0x00000001326f80b8} 'g' '(Lcom/amazon/kaf/c/s;)V' in 'com/amazon/kcfpositionmapcreator/d/b' at 0x000000011d1cb838]
[5.693s][info][exceptions] 1455 [Exception (): a 'com/amazon/kcfpositionmapcreator/e/b'{0x0000000713a52d88} in {method} {0x00000001326f80b8} 'g' '(Lcom/amazon/kaf/c/s;)V' in 'com/amazon/kcfpositionmapcreator/d/b' at 0x000000011d1cb838]
[5.693s][info][exceptions] 1456 [Exception (): a 'com/amazon/kcfpositionmapcreator/e/b'{0x0000000713a563b8} in {method} {0x00000001326f80b8} 'g' '(Lcom/amazon/kaf/c/s;)V' in 'com/amazon/kcfpositionmapcreator/d/b' at 0x000000011d1cb838]
[5.695s][info][exceptions] 1457 [Exception (): a 'com/amazon/kcfpositionmapcreator/e/b'{0x0000000713a8a638} in {method} {0x00000001326f80b8} 'g' '(Lcom/amazon/kaf/c/s;)V' in 'com/amazon/kcfpositionmapcreator/d/b' at 0x000000011d1cb838]
[5.695s][info][exceptions] 1458 [Exception (): a 'com/amazon/kcfpositionmapcreator/e/b'{0x0000000713a8b158} in {method} {0x00000001326f80b8} 'g' '(Lcom/amazon/kaf/c/s;)V' in 'com/amazon/kcfpositionmapcreator/d/b' at 0x000000011d1cb838]
[5.695s][info][exceptions] 1459 [Exception (): a 'com/amazon/kcfpositionmapcreator/e/b'{0x0000000713a8ce00} in {method} {0x00000001326f80b8} 'g' '(Lcom/amazon/kaf/c/s;)V' in 'com/amazon/kcfpositionmapcreator/d/b' at 0x000000011d1cb838]
[5.695s][info][exceptions] 1460 [Exception (): a 'com/amazon/kcfpositionmapcreator/e/b'{0x0000000713a8f518} in {method} {0x00000001326f80b8} 'g' '(Lcom/amazon/kaf/c/s;)V' in 'com/amazon/kcfpositionmapcreator/d/b' at 0x000000011d1cb838]
[5.695s][info][exceptions] 1461 [Exception (): a 'com/amazon/kcfpositionmapcreator/e/b'{0x0000000713a92138} in {method} {0x00000001326f80b8} 'g' '(Lcom/amazon/kaf/c/s;)V' in 'com/amazon/kcfpositionmapcreator/d/b' at 0x000000011d1cb838]
[5.699s][info][exceptions] 1462 [Exception (): a 'com/amazon/kcfpositionmapcreator/e/b'{0x0000000713ad0e58} in {method} {0x00000001326f80b8} 'g' '(Lcom/amazon/kaf/c/s;)V' in 'com/amazon/kcfpositionmapcreator/d/b' at 0x000000011d1cb838]
[5.699s][info][exceptions] 1463 [Exception (): a 'com/amazon/kcfpositionmapcreator/e/b'{0x0000000713ad1960} in {method} {0x00000001326f80b8} 'g' '(Lcom/amazon/kaf/c/s;)V' in 'com/amazon/kcfpositionmapcreator/d/b' at 0x000000011d1cb838]
[5.700s][info][exceptions] 1464 [Exception (): a 'com/amazon/kcfpositionmapcreator/e/b'{0x0000000713ad35d8} in {method} {0x00000001326f80b8} 'g' '(Lcom/amazon/kaf/c/s;)V' in 'com/amazon/kcfpositionmapcreator/d/b' at 0x000000011d1cb838]
[5.700s][info][exceptions] 1465 [Exception (): a 'com/amazon/kcfpositionmapcreator/e/b'{0x0000000713ad61c8} in {method} {0x00000001326f80b8} 'g' '(Lcom/amazon/kaf/c/s;)V' in 'com/amazon/kcfpositionmapcreator/d/b' at 0x000000011d1cb838]
[5.701s][info][exceptions] 1466 [Exception (): a 'com/amazon/kcfpositionmapcreator/e/b'{0x0000000713ad8db8} in {method} {0x00000001326f80b8} 'g' '(Lcom/amazon/kaf/c/s;)V' in 'com/amazon/kcfpositionmapcreator/d/b' at 0x000000011d1cb838]
[5.705s][info][exceptions] 1467 [Exception (): a 'com/amazon/kcfpositionmapcreator/e/b'{0x0000000713970c18} in {method} {0x00000001326f80b8} 'g' '(Lcom/amazon/kaf/c/s;)V' in 'com/amazon/kcfpositionmapcreator/d/b' at 0x000000011d1cb838]
[5.705s][info][exceptions] 1468 [Exception (): a 'com/amazon/kcfpositionmapcreator/e/b'{0x00000007139716a0} in {method} {0x00000001326f80b8} 'g' '(Lcom/amazon/kaf/c/s;)V' in 'com/amazon/kcfpositionmapcreator/d/b' at 0x000000011d1cb838]
[5.705s][info][exceptions] 1469 [Exception (): a 'com/amazon/kcfpositionmapcreator/e/b'{0x00000007139722d8} in {method} {0x00000001326f80b8} 'g' '(Lcom/amazon/kaf/c/s;)V' in 'com/amazon/kcfpositionmapcreator/d/b' at 0x000000011d1cb838]
[5.705s][info][exceptions] 1470 [Exception (): a 'com/amazon/kcfpositionmapcreator/e/b'{0x0000000713972de0} in {method} {0x00000001326f80b8} 'g' '(Lcom/amazon/kaf/c/s;)V' in 'com/amazon/kcfpositionmapcreator/d/b' at 0x000000011d1cb838]
[5.706s][info][exceptions] 1471 [Exception (): a 'com/amazon/kcfpositionmapcreator/e/b'{0x0000000713976df0} in {method} {0x00000001326f80b8} 'g' '(Lcom/amazon/kaf/c/s;)V' in 'com/amazon/kcfpositionmapcreator/d/b' at 0x000000011d1cb838]
[5.706s][info][exceptions] 1472 [Exception (): a 'com/amazon/kcfpositionmapcreator/e/b'{0x0000000713982068} in {method} {0x00000001326f80b8} 'g' '(Lcom/amazon/kaf/c/s;)V' in 'com/amazon/kcfpositionmapcreator/d/b' at 0x000000011d1cb838]
[5.707s][info][exceptions] 1473 [Exception (): a 'com/amazon/kcfpositionmapcreator/e/b'{0x000000071398ae48} in {method} {0x00000001326f80b8} 'g' '(Lcom/amazon/kaf/c/s;)V' in 'com/amazon/kcfpositionmapcreator/d/b' at 0x000000011d1cb838]
[5.707s][info][exceptions] 1474 [Exception (): a 'com/amazon/kcfpositionmapcreator/e/b'{0x00000007139932c0} in {method} {0x00000001326f80b8} 'g' '(Lcom/amazon/kaf/c/s;)V' in 'com/amazon/kcfpositionmapcreator/d/b' at 0x000000011d1cb838]
[5.707s][info][exceptions] 1475 [Exception (): a 'com/amazon/kcfpositionmapcreator/e/b'{0x0000000713993ef8} in {method} {0x00000001326f80b8} 'g' '(Lcom/amazon/kaf/c/s;)V' in 'com/amazon/kcfpositionmapcreator/d/b' at 0x000000011d1cb838]
[5.707s][info][exceptions] 1476 [Exception (): a 'com/amazon/kcfpositionmapcreator/e/b'{0x0000000713994a00} in {method} {0x00000001326f80b8} 'g' '(Lcom/amazon/kaf/c/s;)V' in 'com/amazon/kcfpositionmapcreator/d/b' at 0x000000011d1cb838]
[5.707s][info][exceptions] 1477 [Exception (): a 'com/amazon/kcfpositionmapcreator/e/b'{0x00000007139a1ec8} in {method} {0x00000001326f80b8} 'g' '(Lcom/amazon/kaf/c/s;)V' in 'com/amazon/kcfpositionmapcreator/d/b' at 0x000000011d1cb838]
[5.708s][info][exceptions] 1478 [Exception (): a 'com/amazon/kcfpositionmapcreator/e/b'{0x00000007139c4c78} in {method} {0x00000001326f80b8} 'g' '(Lcom/amazon/kaf/c/s;)V' in 'com/amazon/kcfpositionmapcreator/d/b' at 0x000000011d1cb838]
[5.709s][info][exceptions] 1479 [Exception (): a 'com/amazon/kcfpositionmapcreator/e/b'{0x00000007139da180} in {method} {0x00000001326f80b8} 'g' '(Lcom/amazon/kaf/c/s;)V' in 'com/amazon/kcfpositionmapcreator/d/b' at 0x000000011d1cb838]
[5.710s][info][exceptions] 1480 [Exception (): a 'com/amazon/kcfpositionmapcreator/e/b'{0x00000007139f4c08} in {method} {0x00000001326f80b8} 'g' '(Lcom/amazon/kaf/c/s;)V' in 'com/amazon/kcfpositionmapcreator/d/b' at 0x000000011d1cb838]
[5.710s][info][exceptions] 1481 [Exception (): a 'com/amazon/kcfpositionmapcreator/e/b'{0x00000007139f5710} in {method} {0x00000001326f80b8} 'g' '(Lcom/amazon/kaf/c/s;)V' in 'com/amazon/kcfpositionmapcreator/d/b' at 0x000000011d1cb838]
[5.710s][info][exceptions] 1482 [Exception (): a 'com/amazon/kcfpositionmapcreator/e/b'{0x00000007139ffd38} in {method} {0x00000001326f80b8} 'g' '(Lcom/amazon/kaf/c/s;)V' in 'com/amazon/kcfpositionmapcreator/d/b' at 0x000000011d1cb838]
[5.711s][info][exceptions] 1483 [Exception (): a 'com/amazon/kcfpositionmapcreator/e/b'{0x000000071381cd88} in {method} {0x00000001326f80b8} 'g' '(Lcom/amazon/kaf/c/s;)V' in 'com/amazon/kcfpositionmapcreator/d/b' at 0x000000011d1cb838]
[5.712s][info][exceptions] 1484 [Exception (): a 'com/amazon/kcfpositionmapcreator/e/b'{0x000000071382fb30} in {method} {0x00000001326f80b8} 'g' '(Lcom/amazon/kaf/c/s;)V' in 'com/amazon/kcfpositionmapcreator/d/b' at 0x000000011d1cb838]
[5.712s][info][exceptions] 1485 [Exception (): a 'com/amazon/kcfpositionmapcreator/e/b'{0x000000071384aed8} in {method} {0x00000001326f80b8} 'g' '(Lcom/amazon/kaf/c/s;)V' in 'com/amazon/kcfpositionmapcreator/d/b' at 0x000000011d1cb838]
[5.712s][info][exceptions] 1486 [Exception (): a 'com/amazon/kcfpositionmapcreator/e/b'{0x000000071384b9e0} in {method} {0x00000001326f80b8} 'g' '(Lcom/amazon/kaf/c/s;)V' in 'com/amazon/kcfpositionmapcreator/d/b' at 0x000000011d1cb838]
[5.713s][info][exceptions] 1487 [Exception (): a 'com/amazon/kcfpositionmapcreator/e/b'{0x0000000713856928} in {method} {0x00000001326f80b8} 'g' '(Lcom/amazon/kaf/c/s;)V' in 'com/amazon/kcfpositionmapcreator/d/b' at 0x000000011d1cb838]
[5.714s][info][exceptions] 1488 [Exception (): a 'com/amazon/kcfpositionmapcreator/e/b'{0x0000000713876238} in {method} {0x00000001326f80b8} 'g' '(Lcom/amazon/kaf/c/s;)V' in 'com/amazon/kcfpositionmapcreator/d/b' at 0x000000011d1cb838]
[5.714s][info][exceptions] 1489 [Exception (): a 'com/amazon/kcfpositionmapcreator/e/b'{0x00000007138893f8} in {method} {0x00000001326f80b8} 'g' '(Lcom/amazon/kaf/c/s;)V' in 'com/amazon/kcfpositionmapcreator/d/b' at 0x000000011d1cb838]
[5.717s][info][exceptions] 1490 [Exception (): a 'com/amazon/kcfpositionmapcreator/e/b'{0x00000007138e1d80} in {method} {0x00000001326f80b8} 'g' '(Lcom/amazon/kaf/c/s;)V' in 'com/amazon/kcfpositionmapcreator/d/b' at 0x000000011d1cb838]
[5.717s][info][exceptions] 1491 [Exception (): a 'com/amazon/kcfpositionmapcreator/e/b'{0x00000007138e2808} in {method} {0x00000001326f80b8} 'g' '(Lcom/amazon/kaf/c/s;)V' in 'com/amazon/kcfpositionmapcreator/d/b' at 0x000000011d1cb838]
[5.719s][info][exceptions] 1492 [Exception (): a 'com/amazon/kcfpositionmapcreator/e/b'{0x00000007138e3440} in {method} {0x00000001326f80b8} 'g' '(Lcom/amazon/kaf/c/s;)V' in 'com/amazon/kcfpositionmapcreator/d/b' at 0x000000011d1cb838]
[5.719s][info][exceptions] 1493 [Exception (): a 'com/amazon/kcfpositionmapcreator/e/b'{0x00000007138e3f48} in {method} {0x00000001326f80b8} 'g' '(Lcom/amazon/kaf/c/s;)V' in 'com/amazon/kcfpositionmapcreator/d/b' at 0x000000011d1cb838]
[5.720s][info][exceptions] 1494 [Exception (): a 'com/amazon/kcfpositionmapcreator/e/b'{0x00000007138e6b38} in {method} {0x00000001326f80b8} 'g' '(Lcom/amazon/kaf/c/s;)V' in 'com/amazon/kcfpositionmapcreator/d/b' at 0x000000011d1cb838]
[5.721s][info][exceptions] 1495 [Exception (): a 'com/amazon/kcfpositionmapcreator/e/b'{0x00000007138ea640} in {method} {0x00000001326f80b8} 'g' '(Lcom/amazon/kaf/c/s;)V' in 'com/amazon/kcfpositionmapcreator/d/b' at 0x000000011d1cb838]
[5.721s][info][exceptions] 1496 [Exception (): a 'com/amazon/kcfpositionmapcreator/e/b'{0x00000007138eea78} in {method} {0x00000001326f80b8} 'g' '(Lcom/amazon/kaf/c/s;)V' in 'com/amazon/kcfpositionmapcreator/d/b' at 0x000000011d1cb838]
[5.721s][info][exceptions] 1497 [Exception (): a 'com/amazon/kcfpositionmapcreator/e/b'{0x00000007138f3a58} in {method} {0x00000001326f80b8} 'g' '(Lcom/amazon/kaf/c/s;)V' in 'com/amazon/kcfpositionmapcreator/d/b' at 0x000000011d1cb838]
[5.721s][info][exceptions] 1498 [Exception (): a 'com/amazon/kcfpositionmapcreator/e/b'{0x00000007138f4690} in {method} {0x00000001326f80b8} 'g' '(Lcom/amazon/kaf/c/s;)V' in 'com/amazon/kcfpositionmapcreator/d/b' at 0x000000011d1cb838]
[5.721s][info][exceptions] 1499 [Exception (): a 'com/amazon/kcfpositionmapcreator/e/b'{0x00000007138f5198} in {method} {0x00000001326f80b8} 'g' '(Lcom/amazon/kaf/c/s;)V' in 'com/amazon/kcfpositionmapcreator/d/b' at 0x000000011d1cb838]
[5.721s][info][exceptions] 1500 [Exception (): a 'com/amazon/kcfpositionmapcreator/e/b'{0x00000007138f6e10} in {method} {0x00000001326f80b8} 'g' '(Lcom/amazon/kaf/c/s;)V' in 'com/amazon/kcfpositionmapcreator/d/b' at 0x000000011d1cb838]
[5.722s][info][exceptions] 1501 [Exception (): a 'com/amazon/kcfpositionmapcreator/e/b'{0x0000000713702c48} in {method} {0x00000001326f80b8} 'g' '(Lcom/amazon/kaf/c/s;)V' in 'com/amazon/kcfpositionmapcreator/d/b' at 0x000000011d1cb838]
[5.722s][info][exceptions] 1502 [Exception (): a 'com/amazon/kcfpositionmapcreator/e/b'{0x000000071370ac00} in {method} {0x00000001326f80b8} 'g' '(Lcom/amazon/kaf/c/s;)V' in 'com/amazon/kcfpositionmapcreator/d/b' at 0x000000011d1cb838]
[5.722s][info][exceptions] 1503 [Exception (): a 'com/amazon/kcfpositionmapcreator/e/b'{0x000000071370d420} in {method} {0x00000001326f80b8} 'g' '(Lcom/amazon/kaf/c/s;)V' in 'com/amazon/kcfpositionmapcreator/d/b' at 0x000000011d1cb838]
[5.722s][info][exceptions] 1504 [Exception (): a 'com/amazon/kcfpositionmapcreator/e/b'{0x000000071370df28} in {method} {0x00000001326f80b8} 'g' '(Lcom/amazon/kaf/c/s;)V' in 'com/amazon/kcfpositionmapcreator/d/b' at 0x000000011d1cb838]
[5.722s][info][exceptions] 1505 [Exception (): a 'com/amazon/kcfpositionmapcreator/e/b'{0x000000071370fba0} in {method} {0x00000001326f80b8} 'g' '(Lcom/amazon/kaf/c/s;)V' in 'com/amazon/kcfpositionmapcreator/d/b' at 0x000000011d1cb838]
[5.722s][info][exceptions] 1506 [Exception (): a 'com/amazon/kcfpositionmapcreator/e/b'{0x000000071371c058} in {method} {0x00000001326f80b8} 'g' '(Lcom/amazon/kaf/c/s;)V' in 'com/amazon/kcfpositionmapcreator/d/b' at 0x000000011d1cb838]
[5.723s][info][exceptions] 1507 [Exception (): a 'com/amazon/kcfpositionmapcreator/e/b'{0x0000000713724010} in {method} {0x00000001326f80b8} 'g' '(Lcom/amazon/kaf/c/s;)V' in 'com/amazon/kcfpositionmapcreator/d/b' at 0x000000011d1cb838]
[5.723s][info][exceptions] 1508 [Exception (): a 'com/amazon/kcfpositionmapcreator/e/b'{0x0000000713726328} in {method} {0x00000001326f80b8} 'g' '(Lcom/amazon/kaf/c/s;)V' in 'com/amazon/kcfpositionmapcreator/d/b' at 0x000000011d1cb838]
[5.723s][info][exceptions] 1509 [Exception (): a 'com/amazon/kcfpositionmapcreator/e/b'{0x0000000713726e30} in {method} {0x00000001326f80b8} 'g' '(Lcom/amazon/kaf/c/s;)V' in 'com/amazon/kcfpositionmapcreator/d/b' at 0x000000011d1cb838]
[5.723s][info][exceptions] 1510 [Exception (): a 'com/amazon/kcfpositionmapcreator/e/b'{0x0000000713728aa8} in {method} {0x00000001326f80b8} 'g' '(Lcom/amazon/kaf/c/s;)V' in 'com/amazon/kcfpositionmapcreator/d/b' at 0x000000011d1cb838]
[5.723s][info][exceptions] 1511 [Exception (): a 'com/amazon/kcfpositionmapcreator/e/b'{0x00000007137396e8} in {method} {0x00000001326f80b8} 'g' '(Lcom/amazon/kaf/c/s;)V' in 'com/amazon/kcfpositionmapcreator/d/b' at 0x000000011d1cb838]
[5.724s][info][exceptions] 1512 [Exception (): a 'com/amazon/kcfpositionmapcreator/e/b'{0x000000071373db20} in {method} {0x00000001326f80b8} 'g' '(Lcom/amazon/kaf/c/s;)V' in 'com/amazon/kcfpositionmapcreator/d/b' at 0x000000011d1cb838]
[5.725s][info][exceptions] 1513 [Exception (): a 'com/amazon/kcfpositionmapcreator/e/b'{0x0000000713772a58} in {method} {0x00000001326f80b8} 'g' '(Lcom/amazon/kaf/c/s;)V' in 'com/amazon/kcfpositionmapcreator/d/b' at 0x000000011d1cb838]
[5.725s][info][exceptions] 1514 [Exception (): a 'com/amazon/kcfpositionmapcreator/e/b'{0x00000007137734e0} in {method} {0x00000001326f80b8} 'g' '(Lcom/amazon/kaf/c/s;)V' in 'com/amazon/kcfpositionmapcreator/d/b' at 0x000000011d1cb838]
[5.725s][info][exceptions] 1515 [Exception (): a 'com/amazon/kcfpositionmapcreator/e/b'{0x0000000713774088} in {method} {0x00000001326f80b8} 'g' '(Lcom/amazon/kaf/c/s;)V' in 'com/amazon/kcfpositionmapcreator/d/b' at 0x000000011d1cb838]
[5.725s][info][exceptions] 1516 [Exception (): a 'com/amazon/kcfpositionmapcreator/e/b'{0x0000000713774b90} in {method} {0x00000001326f80b8} 'g' '(Lcom/amazon/kaf/c/s;)V' in 'com/amazon/kcfpositionmapcreator/d/b' at 0x000000011d1cb838]
[5.725s][info][exceptions] 1517 [Exception (): a 'com/amazon/kcfpositionmapcreator/e/b'{0x0000000713776808} in {method} {0x00000001326f80b8} 'g' '(Lcom/amazon/kaf/c/s;)V' in 'com/amazon/kcfpositionmapcreator/d/b' at 0x000000011d1cb838]
[5.725s][info][exceptions] 1518 [Exception (): a 'com/amazon/kcfpositionmapcreator/e/b'{0x00000007137793f8} in {method} {0x00000001326f80b8} 'g' '(Lcom/amazon/kaf/c/s;)V' in 'com/amazon/kcfpositionmapcreator/d/b' at 0x000000011d1cb838]
[5.726s][info][exceptions] 1519 [Exception (): a 'com/amazon/kcfpositionmapcreator/e/b'{0x0000000713780570} in {method} {0x00000001326f80b8} 'g' '(Lcom/amazon/kaf/c/s;)V' in 'com/amazon/kcfpositionmapcreator/d/b' at 0x000000011d1cb838]
[5.726s][info][exceptions] 1520 [Exception (): a 'com/amazon/kcfpositionmapcreator/e/b'{0x0000000713781360} in {method} {0x00000001326f80b8} 'g' '(Lcom/amazon/kaf/c/s;)V' in 'com/amazon/kcfpositionmapcreator/d/b' at 0x000000011d1cb838]
[5.726s][info][exceptions] 1521 [Exception (): a 'com/amazon/kcfpositionmapcreator/e/b'{0x0000000713781e68} in {method} {0x00000001326f80b8} 'g' '(Lcom/amazon/kaf/c/s;)V' in 'com/amazon/kcfpositionmapcreator/d/b' at 0x000000011d1cb838]
[5.726s][info][exceptions] 1522 [Exception (): a 'com/amazon/kcfpositionmapcreator/e/b'{0x0000000713783ae0} in {method} {0x00000001326f80b8} 'g' '(Lcom/amazon/kaf/c/s;)V' in 'com/amazon/kcfpositionmapcreator/d/b' at 0x000000011d1cb838]
[5.726s][info][exceptions] 1523 [Exception (): a 'com/amazon/kcfpositionmapcreator/e/b'{0x0000000713788008} in {method} {0x00000001326f80b8} 'g' '(Lcom/amazon/kaf/c/s;)V' in 'com/amazon/kcfpositionmapcreator/d/b' at 0x000000011d1cb838]
[5.726s][info][exceptions] 1524 [Exception (): a 'com/amazon/kcfpositionmapcreator/e/b'{0x000000071379fd18} in {method} {0x00000001326f80b8} 'g' '(Lcom/amazon/kaf/c/s;)V' in 'com/amazon/kcfpositionmapcreator/d/b' at 0x000000011d1cb838]
[5.727s][info][exceptions] 1525 [Exception (): a 'com/amazon/kcfpositionmapcreator/e/b'{0x00000007137a0820} in {method} {0x00000001326f80b8} 'g' '(Lcom/amazon/kaf/c/s;)V' in 'com/amazon/kcfpositionmapcreator/d/b' at 0x000000011d1cb838]
[5.727s][info][exceptions] 1526 [Exception (): a 'com/amazon/kcfpositionmapcreator/e/b'{0x00000007137a2498} in {method} {0x00000001326f80b8} 'g' '(Lcom/amazon/kaf/c/s;)V' in 'com/amazon/kcfpositionmapcreator/d/b' at 0x000000011d1cb838]
[5.727s][info][exceptions] 1527 [Exception (): a 'com/amazon/kcfpositionmapcreator/e/b'{0x00000007137a7de0} in {method} {0x00000001326f80b8} 'g' '(Lcom/amazon/kaf/c/s;)V' in 'com/amazon/kcfpositionmapcreator/d/b' at 0x000000011d1cb838]
[5.728s][info][exceptions] 1528 [Exception (): a 'com/amazon/kcfpositionmapcreator/e/b'{0x00000007137d0380} in {method} {0x00000001326f80b8} 'g' '(Lcom/amazon/kaf/c/s;)V' in 'com/amazon/kcfpositionmapcreator/d/b' at 0x000000011d1cb838]
[5.728s][info][exceptions] 1529 [Exception (): a 'com/amazon/kcfpositionmapcreator/e/b'{0x00000007137d0e88} in {method} {0x00000001326f80b8} 'g' '(Lcom/amazon/kaf/c/s;)V' in 'com/amazon/kcfpositionmapcreator/d/b' at 0x000000011d1cb838]
[5.728s][info][exceptions] 1530 [Exception (): a 'com/amazon/kcfpositionmapcreator/e/b'{0x00000007137d2b00} in {method} {0x00000001326f80b8} 'g' '(Lcom/amazon/kaf/c/s;)V' in 'com/amazon/kcfpositionmapcreator/d/b' at 0x000000011d1cb838]
[5.728s][info][exceptions] 1531 [Exception (): a 'com/amazon/kcfpositionmapcreator/e/b'{0x00000007137d8860} in {method} {0x00000001326f80b8} 'g' '(Lcom/amazon/kaf/c/s;)V' in 'com/amazon/kcfpositionmapcreator/d/b' at 0x000000011d1cb838]
[5.730s][info][exceptions] 1532 [Exception (): a 'com/amazon/kcfpositionmapcreator/e/b'{0x0000000713615898} in {method} {0x00000001326f80b8} 'g' '(Lcom/amazon/kaf/c/s;)V' in 'com/amazon/kcfpositionmapcreator/d/b' at 0x000000011d1cb838]
[5.730s][info][exceptions] 1533 [Exception (): a 'com/amazon/kcfpositionmapcreator/e/b'{0x00000007136163a0} in {method} {0x00000001326f80b8} 'g' '(Lcom/amazon/kaf/c/s;)V' in 'com/amazon/kcfpositionmapcreator/d/b' at 0x000000011d1cb838]
[5.730s][info][exceptions] 1534 [Exception (): a 'com/amazon/kcfpositionmapcreator/e/b'{0x0000000713618018} in {method} {0x00000001326f80b8} 'g' '(Lcom/amazon/kaf/c/s;)V' in 'com/amazon/kcfpositionmapcreator/d/b' at 0x000000011d1cb838]
[5.730s][info][exceptions] 1535 [Exception (): a 'com/amazon/kcfpositionmapcreator/e/b'{0x000000071361b110} in {method} {0x00000001326f80b8} 'g' '(Lcom/amazon/kaf/c/s;)V' in 'com/amazon/kcfpositionmapcreator/d/b' at 0x000000011d1cb838]
[5.731s][info][exceptions] 1536 [Exception (): a 'com/amazon/kcfpositionmapcreator/e/b'{0x0000000713639508} in {method} {0x00000001326f80b8} 'g' '(Lcom/amazon/kaf/c/s;)V' in 'com/amazon/kcfpositionmapcreator/d/b' at 0x000000011d1cb838]
[5.731s][info][exceptions] 1537 [Exception (): a 'com/amazon/kcfpositionmapcreator/e/b'{0x000000071363a010} in {method} {0x00000001326f80b8} 'g' '(Lcom/amazon/kaf/c/s;)V' in 'com/amazon/kcfpositionmapcreator/d/b' at 0x000000011d1cb838]
[5.731s][info][exceptions] 1538 [Exception (): a 'com/amazon/kcfpositionmapcreator/e/b'{0x000000071363bc88} in {method} {0x00000001326f80b8} 'g' '(Lcom/amazon/kaf/c/s;)V' in 'com/amazon/kcfpositionmapcreator/d/b' at 0x000000011d1cb838]
[5.731s][info][exceptions] 1539 [Exception (): a 'com/amazon/kcfpositionmapcreator/e/b'{0x000000071363f288} in {method} {0x00000001326f80b8} 'g' '(Lcom/amazon/kaf/c/s;)V' in 'com/amazon/kcfpositionmapcreator/d/b' at 0x000000011d1cb838]
[5.734s][info][exceptions] 1540 [Exception (): a 'com/amazon/kcfpositionmapcreator/e/b'{0x00000007136a2328} in {method} {0x00000001326f80b8} 'g' '(Lcom/amazon/kaf/c/s;)V' in 'com/amazon/kcfpositionmapcreator/d/b' at 0x000000011d1cb838]
[5.734s][info][exceptions] 1541 [Exception (): a 'com/amazon/kcfpositionmapcreator/e/b'{0x00000007136a2db0} in {method} {0x00000001326f80b8} 'g' '(Lcom/amazon/kaf/c/s;)V' in 'com/amazon/kcfpositionmapcreator/d/b' at 0x000000011d1cb838]
[5.734s][info][exceptions] 1542 [Exception (): a 'com/amazon/kcfpositionmapcreator/e/b'{0x00000007136a39e8} in {method} {0x00000001326f80b8} 'g' '(Lcom/amazon/kaf/c/s;)V' in 'com/amazon/kcfpositionmapcreator/d/b' at 0x000000011d1cb838]
[5.734s][info][exceptions] 1543 [Exception (): a 'com/amazon/kcfpositionmapcreator/e/b'{0x00000007136a44f0} in {method} {0x00000001326f80b8} 'g' '(Lcom/amazon/kaf/c/s;)V' in 'com/amazon/kcfpositionmapcreator/d/b' at 0x000000011d1cb838]
[5.734s][info][exceptions] 1544 [Exception (): a 'com/amazon/kcfpositionmapcreator/e/b'{0x00000007136a75e8} in {method} {0x00000001326f80b8} 'g' '(Lcom/amazon/kaf/c/s;)V' in 'com/amazon/kcfpositionmapcreator/d/b' at 0x000000011d1cb838]
[5.735s][info][exceptions] 1545 [Exception (): a 'com/amazon/kcfpositionmapcreator/e/b'{0x00000007136aba20} in {method} {0x00000001326f80b8} 'g' '(Lcom/amazon/kaf/c/s;)V' in 'com/amazon/kcfpositionmapcreator/d/b' at 0x000000011d1cb838]
[5.735s][info][exceptions] 1546 [Exception (): a 'com/amazon/kcfpositionmapcreator/e/b'{0x00000007136afe58} in {method} {0x00000001326f80b8} 'g' '(Lcom/amazon/kaf/c/s;)V' in 'com/amazon/kcfpositionmapcreator/d/b' at 0x000000011d1cb838]
[5.735s][info][exceptions] 1547 [Exception (): a 'com/amazon/kcfpositionmapcreator/e/b'{0x00000007136b44e8} in {method} {0x00000001326f80b8} 'g' '(Lcom/amazon/kaf/c/s;)V' in 'com/amazon/kcfpositionmapcreator/d/b' at 0x000000011d1cb838]
[5.735s][info][exceptions] 1548 [Exception (): a 'com/amazon/kcfpositionmapcreator/e/b'{0x00000007136b5120} in {method} {0x00000001326f80b8} 'g' '(Lcom/amazon/kaf/c/s;)V' in 'com/amazon/kcfpositionmapcreator/d/b' at 0x000000011d1cb838]
[5.735s][info][exceptions] 1549 [Exception (): a 'com/amazon/kcfpositionmapcreator/e/b'{0x00000007136b5c28} in {method} {0x00000001326f80b8} 'g' '(Lcom/amazon/kaf/c/s;)V' in 'com/amazon/kcfpositionmapcreator/d/b' at 0x000000011d1cb838]
[5.735s][info][exceptions] 1550 [Exception (): a 'com/amazon/kcfpositionmapcreator/e/b'{0x00000007136b9228} in {method} {0x00000001326f80b8} 'g' '(Lcom/amazon/kaf/c/s;)V' in 'com/amazon/kcfpositionmapcreator/d/b' at 0x000000011d1cb838]
[5.736s][info][exceptions] 1551 [Exception (): a 'com/amazon/kcfpositionmapcreator/e/b'{0x00000007136c9b40} in {method} {0x00000001326f80b8} 'g' '(Lcom/amazon/kaf/c/s;)V' in 'com/amazon/kcfpositionmapcreator/d/b' at 0x000000011d1cb838]
[5.736s][info][exceptions] 1552 [Exception (): a 'com/amazon/kcfpositionmapcreator/e/b'{0x00000007136d64b0} in {method} {0x00000001326f80b8} 'g' '(Lcom/amazon/kaf/c/s;)V' in 'com/amazon/kcfpositionmapcreator/d/b' at 0x000000011d1cb838]
[5.736s][info][exceptions] 1553 [Exception (): a 'com/amazon/kcfpositionmapcreator/e/b'{0x00000007136e65d0} in {method} {0x00000001326f80b8} 'g' '(Lcom/amazon/kaf/c/s;)V' in 'com/amazon/kcfpositionmapcreator/d/b' at 0x000000011d1cb838]
[5.736s][info][exceptions] 1554 [Exception (): a 'com/amazon/kcfpositionmapcreator/e/b'{0x00000007136e70d8} in {method} {0x00000001326f80b8} 'g' '(Lcom/amazon/kaf/c/s;)V' in 'com/amazon/kcfpositionmapcreator/d/b' at 0x000000011d1cb838]
[5.737s][info][exceptions] 1555 [Exception (): a 'com/amazon/kcfpositionmapcreator/e/b'{0x00000007136eabe0} in {method} {0x00000001326f80b8} 'g' '(Lcom/amazon/kaf/c/s;)V' in 'com/amazon/kcfpositionmapcreator/d/b' at 0x000000011d1cb838]
[5.737s][info][exceptions] 1556 [Exception (): a 'com/amazon/kcfpositionmapcreator/e/b'{0x00000007136f3fc8} in {method} {0x00000001326f80b8} 'g' '(Lcom/amazon/kaf/c/s;)V' in 'com/amazon/kcfpositionmapcreator/d/b' at 0x000000011d1cb838]
[5.737s][info][exceptions] 1557 [Exception (): a 'com/amazon/kcfpositionmapcreator/e/b'{0x0000000713503128} in {method} {0x00000001326f80b8} 'g' '(Lcom/amazon/kaf/c/s;)V' in 'com/amazon/kcfpositionmapcreator/d/b' at 0x000000011d1cb838]
[5.738s][info][exceptions] 1558 [Exception (): a 'com/amazon/kcfpositionmapcreator/e/b'{0x000000071350d058} in {method} {0x00000001326f80b8} 'g' '(Lcom/amazon/kaf/c/s;)V' in 'com/amazon/kcfpositionmapcreator/d/b' at 0x000000011d1cb838]
[5.738s][info][exceptions] 1559 [Exception (): a 'com/amazon/kcfpositionmapcreator/e/b'{0x000000071350db60} in {method} {0x00000001326f80b8} 'g' '(Lcom/amazon/kaf/c/s;)V' in 'com/amazon/kcfpositionmapcreator/d/b' at 0x000000011d1cb838]
[5.738s][info][exceptions] 1560 [Exception (): a 'com/amazon/kcfpositionmapcreator/e/b'{0x00000007135134a8} in {method} {0x00000001326f80b8} 'g' '(Lcom/amazon/kaf/c/s;)V' in 'com/amazon/kcfpositionmapcreator/d/b' at 0x000000011d1cb838]
[5.738s][info][exceptions] 1561 [Exception (): a 'com/amazon/kcfpositionmapcreator/e/b'{0x0000000713522758} in {method} {0x00000001326f80b8} 'g' '(Lcom/amazon/kaf/c/s;)V' in 'com/amazon/kcfpositionmapcreator/d/b' at 0x000000011d1cb838]
[5.739s][info][exceptions] 1562 [Exception (): a 'com/amazon/kcfpositionmapcreator/e/b'{0x000000071352ac18} in {method} {0x00000001326f80b8} 'g' '(Lcom/amazon/kaf/c/s;)V' in 'com/amazon/kcfpositionmapcreator/d/b' at 0x000000011d1cb838]
[5.739s][info][exceptions] 1563 [Exception (): a 'com/amazon/kcfpositionmapcreator/e/b'{0x0000000713534228} in {method} {0x00000001326f80b8} 'g' '(Lcom/amazon/kaf/c/s;)V' in 'com/amazon/kcfpositionmapcreator/d/b' at 0x000000011d1cb838]
[5.739s][info][exceptions] 1564 [Exception (): a 'com/amazon/kcfpositionmapcreator/e/b'{0x0000000713534d30} in {method} {0x00000001326f80b8} 'g' '(Lcom/amazon/kaf/c/s;)V' in 'com/amazon/kcfpositionmapcreator/d/b' at 0x000000011d1cb838]
[5.742s][info][exceptions] 1565 [Exception (): a 'com/amazon/kcfpositionmapcreator/e/b'{0x0000000713538760} in {method} {0x00000001326f80b8} 'g' '(Lcom/amazon/kaf/c/s;)V' in 'com/amazon/kcfpositionmapcreator/d/b' at 0x000000011d1cb838]
[5.743s][info][exceptions] 1566 [Exception (): a 'com/amazon/kcfpositionmapcreator/e/b'{0x0000000713546100} in {method} {0x00000001326f80b8} 'g' '(Lcom/amazon/kaf/c/s;)V' in 'com/amazon/kcfpositionmapcreator/d/b' at 0x000000011d1cb838]
[5.743s][info][exceptions] 1567 [Exception (): a 'com/amazon/kcfpositionmapcreator/e/b'{0x00000007135521f0} in {method} {0x00000001326f80b8} 'g' '(Lcom/amazon/kaf/c/s;)V' in 'com/amazon/kcfpositionmapcreator/d/b' at 0x000000011d1cb838]
[5.744s][info][exceptions] 1568 [Exception (): a 'com/amazon/kcfpositionmapcreator/e/b'{0x000000071355e9f8} in {method} {0x00000001326f80b8} 'g' '(Lcom/amazon/kaf/c/s;)V' in 'com/amazon/kcfpositionmapcreator/d/b' at 0x000000011d1cb838]
[5.744s][info][exceptions] 1569 [Exception (): a 'com/amazon/kcfpositionmapcreator/e/b'{0x000000071355f4e8} in {method} {0x00000001326f80b8} 'g' '(Lcom/amazon/kaf/c/s;)V' in 'com/amazon/kcfpositionmapcreator/d/b' at 0x000000011d1cb838]
[5.744s][info][exceptions] 1570 [Exception (): a 'com/amazon/kcfpositionmapcreator/e/b'{0x0000000713561b58} in {method} {0x00000001326f80b8} 'g' '(Lcom/amazon/kaf/c/s;)V' in 'com/amazon/kcfpositionmapcreator/d/b' at 0x000000011d1cb838]
[5.745s][info][exceptions] 1571 [Exception (): a 'com/amazon/kcfpositionmapcreator/e/b'{0x000000071356cd68} in {method} {0x00000001326f80b8} 'g' '(Lcom/amazon/kaf/c/s;)V' in 'com/amazon/kcfpositionmapcreator/d/b' at 0x000000011d1cb838]
[5.745s][info][exceptions] 1572 [Exception (): a 'com/amazon/kcfpositionmapcreator/e/b'{0x0000000713578e58} in {method} {0x00000001326f80b8} 'g' '(Lcom/amazon/kaf/c/s;)V' in 'com/amazon/kcfpositionmapcreator/d/b' at 0x000000011d1cb838]
[5.745s][info][exceptions] 1573 [Exception (): a 'com/amazon/kcfpositionmapcreator/e/b'{0x0000000713583b00} in {method} {0x00000001326f80b8} 'g' '(Lcom/amazon/kaf/c/s;)V' in 'com/amazon/kcfpositionmapcreator/d/b' at 0x000000011d1cb838]
[5.745s][info][exceptions] 1574 [Exception (): a 'com/amazon/kcfpositionmapcreator/e/b'{0x00000007135845f0} in {method} {0x00000001326f80b8} 'g' '(Lcom/amazon/kaf/c/s;)V' in 'com/amazon/kcfpositionmapcreator/d/b' at 0x000000011d1cb838]
[5.746s][info][exceptions] 1575 [Exception (): a 'com/amazon/kcfpositionmapcreator/e/b'{0x0000000713588e10} in {method} {0x00000001326f80b8} 'g' '(Lcom/amazon/kaf/c/s;)V' in 'com/amazon/kcfpositionmapcreator/d/b' at 0x000000011d1cb838]
[5.746s][info][exceptions] 1576 [Exception (): a 'com/amazon/kcfpositionmapcreator/e/b'{0x0000000713592d50} in {method} {0x00000001326f80b8} 'g' '(Lcom/amazon/kaf/c/s;)V' in 'com/amazon/kcfpositionmapcreator/d/b' at 0x000000011d1cb838]
[5.747s][info][exceptions] 1577 [Exception (): a 'com/amazon/kcfpositionmapcreator/e/b'{0x00000007135a0ce0} in {method} {0x00000001326f80b8} 'g' '(Lcom/amazon/kaf/c/s;)V' in 'com/amazon/kcfpositionmapcreator/d/b' at 0x000000011d1cb838]
[5.749s][info][exceptions] 1578 [Exception (): a 'com/amazon/kcfpositionmapcreator/e/b'{0x00000007135de3e0} in {method} {0x00000001326f80b8} 'g' '(Lcom/amazon/kaf/c/s;)V' in 'com/amazon/kcfpositionmapcreator/d/b' at 0x000000011d1cb838]
[5.749s][info][exceptions] 1579 [Exception (): a 'com/amazon/kcfpositionmapcreator/e/b'{0x00000007135dee50} in {method} {0x00000001326f80b8} 'g' '(Lcom/amazon/kaf/c/s;)V' in 'com/amazon/kcfpositionmapcreator/d/b' at 0x000000011d1cb838]
[5.749s][info][exceptions] 1580 [Exception (): a 'com/amazon/kcfpositionmapcreator/e/b'{0x00000007135dfb00} in {method} {0x00000001326f80b8} 'g' '(Lcom/amazon/kaf/c/s;)V' in 'com/amazon/kcfpositionmapcreator/d/b' at 0x000000011d1cb838]
[5.749s][info][exceptions] 1581 [Exception (): a 'com/amazon/kcfpositionmapcreator/e/b'{0x00000007135e05f0} in {method} {0x00000001326f80b8} 'g' '(Lcom/amazon/kaf/c/s;)V' in 'com/amazon/kcfpositionmapcreator/d/b' at 0x000000011d1cb838]
[5.749s][info][exceptions] 1582 [Exception (): a 'com/amazon/kcfpositionmapcreator/e/b'{0x00000007135e2220} in {method} {0x00000001326f80b8} 'g' '(Lcom/amazon/kaf/c/s;)V' in 'com/amazon/kcfpositionmapcreator/d/b' at 0x000000011d1cb838]
[5.750s][info][exceptions] 1583 [Exception (): a 'com/amazon/kcfpositionmapcreator/e/b'{0x00000007135e6a40} in {method} {0x00000001326f80b8} 'g' '(Lcom/amazon/kaf/c/s;)V' in 'com/amazon/kcfpositionmapcreator/d/b' at 0x000000011d1cb838]
[5.750s][info][exceptions] 1584 [Exception (): a 'com/amazon/kcfpositionmapcreator/e/b'{0x00000007135eb260} in {method} {0x00000001326f80b8} 'g' '(Lcom/amazon/kaf/c/s;)V' in 'com/amazon/kcfpositionmapcreator/d/b' at 0x000000011d1cb838]
[5.750s][info][exceptions] 1585 [Exception (): a 'com/amazon/kcfpositionmapcreator/e/b'{0x00000007135f1c30} in {method} {0x00000001326f80b8} 'g' '(Lcom/amazon/kaf/c/s;)V' in 'com/amazon/kcfpositionmapcreator/d/b' at 0x000000011d1cb838]
[5.750s][info][exceptions] 1586 [Exception (): a 'com/amazon/kcfpositionmapcreator/e/b'{0x00000007135f4838} in {method} {0x00000001326f80b8} 'g' '(Lcom/amazon/kaf/c/s;)V' in 'com/amazon/kcfpositionmapcreator/d/b' at 0x000000011d1cb838]
[5.750s][info][exceptions] 1587 [Exception (): a 'com/amazon/kcfpositionmapcreator/e/b'{0x00000007135f54e8} in {method} {0x00000001326f80b8} 'g' '(Lcom/amazon/kaf/c/s;)V' in 'com/amazon/kcfpositionmapcreator/d/b' at 0x000000011d1cb838]
[5.750s][info][exceptions] 1588 [Exception (): a 'com/amazon/kcfpositionmapcreator/e/b'{0x00000007135f5fd8} in {method} {0x00000001326f80b8} 'g' '(Lcom/amazon/kaf/c/s;)V' in 'com/amazon/kcfpositionmapcreator/d/b' at 0x000000011d1cb838]
[5.750s][info][exceptions] 1589 [Exception (): a 'com/amazon/kcfpositionmapcreator/e/b'{0x00000007135f8158} in {method} {0x00000001326f80b8} 'g' '(Lcom/amazon/kaf/c/s;)V' in 'com/amazon/kcfpositionmapcreator/d/b' at 0x000000011d1cb838]
[5.750s][info][exceptions] 1590 [Exception (): a 'com/amazon/kcfpositionmapcreator/e/b'{0x00000007135fa7c8} in {method} {0x00000001326f80b8} 'g' '(Lcom/amazon/kaf/c/s;)V' in 'com/amazon/kcfpositionmapcreator/d/b' at 0x000000011d1cb838]
[5.750s][info][exceptions] 1591 [Exception (): a 'com/amazon/kcfpositionmapcreator/e/b'{0x00000007135fce38} in {method} {0x00000001326f80b8} 'g' '(Lcom/amazon/kaf/c/s;)V' in 'com/amazon/kcfpositionmapcreator/d/b' at 0x000000011d1cb838]
[5.751s][info][exceptions] 1592 [Exception (): a 'com/amazon/kcfpositionmapcreator/e/b'{0x0000000713404698} in {method} {0x00000001326f80b8} 'g' '(Lcom/amazon/kaf/c/s;)V' in 'com/amazon/kcfpositionmapcreator/d/b' at 0x000000011d1cb838]
[5.751s][info][exceptions] 1593 [Exception (): a 'com/amazon/kcfpositionmapcreator/e/b'{0x0000000713409f50} in {method} {0x00000001326f80b8} 'g' '(Lcom/amazon/kaf/c/s;)V' in 'com/amazon/kcfpositionmapcreator/d/b' at 0x000000011d1cb838]
[5.751s][info][exceptions] 1594 [Exception (): a 'com/amazon/kcfpositionmapcreator/e/b'{0x000000071340aa40} in {method} {0x00000001326f80b8} 'g' '(Lcom/amazon/kaf/c/s;)V' in 'com/amazon/kcfpositionmapcreator/d/b' at 0x000000011d1cb838]
[5.751s][info][exceptions] 1595 [Exception (): a 'com/amazon/kcfpositionmapcreator/e/b'{0x000000071340d0b0} in {method} {0x00000001326f80b8} 'g' '(Lcom/amazon/kaf/c/s;)V' in 'com/amazon/kcfpositionmapcreator/d/b' at 0x000000011d1cb838]
[5.751s][info][exceptions] 1596 [Exception (): a 'com/amazon/kcfpositionmapcreator/e/b'{0x000000071340f720} in {method} {0x00000001326f80b8} 'g' '(Lcom/amazon/kaf/c/s;)V' in 'com/amazon/kcfpositionmapcreator/d/b' at 0x000000011d1cb838]
[5.751s][info][exceptions] 1597 [Exception (): a 'com/amazon/kcfpositionmapcreator/e/b'{0x0000000713411d90} in {method} {0x00000001326f80b8} 'g' '(Lcom/amazon/kaf/c/s;)V' in 'com/amazon/kcfpositionmapcreator/d/b' at 0x000000011d1cb838]
[5.752s][info][exceptions] 1598 [Exception (): a 'com/amazon/kcfpositionmapcreator/e/b'{0x0000000713419630} in {method} {0x00000001326f80b8} 'g' '(Lcom/amazon/kaf/c/s;)V' in 'com/amazon/kcfpositionmapcreator/d/b' at 0x000000011d1cb838]
[5.753s][info][exceptions] 1599 [Exception (): a 'com/amazon/kcfpositionmapcreator/e/b'{0x000000071341cd38} in {method} {0x00000001326f80b8} 'g' '(Lcom/amazon/kaf/c/s;)V' in 'com/amazon/kcfpositionmapcreator/d/b' at 0x000000011d1cb838]
[5.753s][info][exceptions] 1600 [Exception (): a 'com/amazon/kcfpositionmapcreator/e/b'{0x000000071341d828} in {method} {0x00000001326f80b8} 'g' '(Lcom/amazon/kaf/c/s;)V' in 'com/amazon/kcfpositionmapcreator/d/b' at 0x000000011d1cb838]
[5.753s][info][exceptions] 1601 [Exception (): a 'com/amazon/kcfpositionmapcreator/e/b'{0x0000000713420388} in {method} {0x00000001326f80b8} 'g' '(Lcom/amazon/kaf/c/s;)V' in 'com/amazon/kcfpositionmapcreator/d/b' at 0x000000011d1cb838]
[5.753s][info][exceptions] 1602 [Exception (): a 'com/amazon/kcfpositionmapcreator/e/b'{0x00000007134229f8} in {method} {0x00000001326f80b8} 'g' '(Lcom/amazon/kaf/c/s;)V' in 'com/amazon/kcfpositionmapcreator/d/b' at 0x000000011d1cb838]
[5.753s][info][exceptions] 1603 [Exception (): a 'com/amazon/kcfpositionmapcreator/e/b'{0x0000000713425068} in {method} {0x00000001326f80b8} 'g' '(Lcom/amazon/kaf/c/s;)V' in 'com/amazon/kcfpositionmapcreator/d/b' at 0x000000011d1cb838]
[5.753s][info][exceptions] 1604 [Exception (): a 'com/amazon/kcfpositionmapcreator/e/b'{0x000000071342c908} in {method} {0x00000001326f80b8} 'g' '(Lcom/amazon/kaf/c/s;)V' in 'com/amazon/kcfpositionmapcreator/d/b' at 0x000000011d1cb838]
[5.753s][info][exceptions] 1605 [Exception (): a 'com/amazon/kcfpositionmapcreator/e/b'{0x000000071342fe48} in {method} {0x00000001326f80b8} 'g' '(Lcom/amazon/kaf/c/s;)V' in 'com/amazon/kcfpositionmapcreator/d/b' at 0x000000011d1cb838]
[5.758s][info][exceptions] 1606 [Exception (): a 'com/amazon/kcfpositionmapcreator/e/b'{0x00000007134d0ca0} in {method} {0x00000001326f80b8} 'g' '(Lcom/amazon/kaf/c/s;)V' in 'com/amazon/kcfpositionmapcreator/d/b' at 0x000000011d1cb838]
[5.758s][info][exceptions] 1607 [Exception (): a 'com/amazon/kcfpositionmapcreator/e/b'{0x00000007134d1710} in {method} {0x00000001326f80b8} 'g' '(Lcom/amazon/kaf/c/s;)V' in 'com/amazon/kcfpositionmapcreator/d/b' at 0x000000011d1cb838]
[5.758s][info][exceptions] 1608 [Exception (): a 'com/amazon/kcfpositionmapcreator/e/b'{0x00000007134d2210} in {method} {0x00000001326f80b8} 'g' '(Lcom/amazon/kaf/c/s;)V' in 'com/amazon/kcfpositionmapcreator/d/b' at 0x000000011d1cb838]
[5.758s][info][exceptions] 1609 [Exception (): a 'com/amazon/kcfpositionmapcreator/e/b'{0x00000007134d2d00} in {method} {0x00000001326f80b8} 'g' '(Lcom/amazon/kaf/c/s;)V' in 'com/amazon/kcfpositionmapcreator/d/b' at 0x000000011d1cb838]
[5.758s][info][exceptions] 1610 [Exception (): a 'com/amazon/kcfpositionmapcreator/e/b'{0x00000007134d7f00} in {method} {0x00000001326f80b8} 'g' '(Lcom/amazon/kaf/c/s;)V' in 'com/amazon/kcfpositionmapcreator/d/b' at 0x000000011d1cb838]
[5.759s][info][exceptions] 1611 [Exception (): a 'com/amazon/kcfpositionmapcreator/e/b'{0x00000007134e0068} in {method} {0x00000001326f80b8} 'g' '(Lcom/amazon/kaf/c/s;)V' in 'com/amazon/kcfpositionmapcreator/d/b' at 0x000000011d1cb838]
[5.759s][info][exceptions] 1612 [Exception (): a 'com/amazon/kcfpositionmapcreator/e/b'{0x00000007134e0b68} in {method} {0x00000001326f80b8} 'g' '(Lcom/amazon/kaf/c/s;)V' in 'com/amazon/kcfpositionmapcreator/d/b' at 0x000000011d1cb838]
[5.759s][info][exceptions] 1613 [Exception (): a 'com/amazon/kcfpositionmapcreator/e/b'{0x00000007134e1658} in {method} {0x00000001326f80b8} 'g' '(Lcom/amazon/kaf/c/s;)V' in 'com/amazon/kcfpositionmapcreator/d/b' at 0x000000011d1cb838]
[5.759s][info][exceptions] 1614 [Exception (): a 'com/amazon/kcfpositionmapcreator/e/b'{0x00000007134e7e40} in {method} {0x00000001326f80b8} 'g' '(Lcom/amazon/kaf/c/s;)V' in 'com/amazon/kcfpositionmapcreator/d/b' at 0x000000011d1cb838]
[5.759s][info][exceptions] 1615 [Exception (): a 'com/amazon/kcfpositionmapcreator/e/b'{0x00000007134e9a88} in {method} {0x00000001326f80b8} 'g' '(Lcom/amazon/kaf/c/s;)V' in 'com/amazon/kcfpositionmapcreator/d/b' at 0x000000011d1cb838]
[5.759s][info][exceptions] 1616 [Exception (): a 'com/amazon/kcfpositionmapcreator/e/b'{0x00000007134ea578} in {method} {0x00000001326f80b8} 'g' '(Lcom/amazon/kaf/c/s;)V' in 'com/amazon/kcfpositionmapcreator/d/b' at 0x000000011d1cb838]
[5.759s][info][exceptions] 1617 [Exception (): a 'com/amazon/kcfpositionmapcreator/e/b'{0x00000007134efc68} in {method} {0x00000001326f80b8} 'g' '(Lcom/amazon/kaf/c/s;)V' in 'com/amazon/kcfpositionmapcreator/d/b' at 0x000000011d1cb838]
[5.759s][info][exceptions] 1618 [Exception (): a 'com/amazon/kcfpositionmapcreator/e/b'{0x00000007134f22f0} in {method} {0x00000001326f80b8} 'g' '(Lcom/amazon/kaf/c/s;)V' in 'com/amazon/kcfpositionmapcreator/d/b' at 0x000000011d1cb838]
[5.759s][info][exceptions] 1619 [Exception (): a 'com/amazon/kcfpositionmapcreator/e/b'{0x00000007134f2de0} in {method} {0x00000001326f80b8} 'g' '(Lcom/amazon/kaf/c/s;)V' in 'com/amazon/kcfpositionmapcreator/d/b' at 0x000000011d1cb838]
[5.760s][info][exceptions] 1620 [Exception (): a 'com/amazon/kcfpositionmapcreator/e/b'{0x00000007134f9ca0} in {method} {0x00000001326f80b8} 'g' '(Lcom/amazon/kaf/c/s;)V' in 'com/amazon/kcfpositionmapcreator/d/b' at 0x000000011d1cb838]
[5.760s][info][exceptions] 1621 [Exception (): a 'com/amazon/kcfpositionmapcreator/e/b'{0x00000007134fc7d8} in {method} {0x00000001326f80b8} 'g' '(Lcom/amazon/kaf/c/s;)V' in 'com/amazon/kcfpositionmapcreator/d/b' at 0x000000011d1cb838]
[5.760s][info][exceptions] 1622 [Exception (): a 'com/amazon/kcfpositionmapcreator/e/b'{0x00000007134fd2c8} in {method} {0x00000001326f80b8} 'g' '(Lcom/amazon/kaf/c/s;)V' in 'com/amazon/kcfpositionmapcreator/d/b' at 0x000000011d1cb838]
[5.760s][info][exceptions] 1623 [Exception (): a 'com/amazon/kcfpositionmapcreator/e/b'{0x0000000713305008} in {method} {0x00000001326f80b8} 'g' '(Lcom/amazon/kaf/c/s;)V' in 'com/amazon/kcfpositionmapcreator/d/b' at 0x000000011d1cb838]
[5.760s][info][exceptions] 1624 [Exception (): a 'com/amazon/kcfpositionmapcreator/e/b'{0x0000000713307690} in {method} {0x00000001326f80b8} 'g' '(Lcom/amazon/kaf/c/s;)V' in 'com/amazon/kcfpositionmapcreator/d/b' at 0x000000011d1cb838]
[5.760s][info][exceptions] 1625 [Exception (): a 'com/amazon/kcfpositionmapcreator/e/b'{0x0000000713308180} in {method} {0x00000001326f80b8} 'g' '(Lcom/amazon/kaf/c/s;)V' in 'com/amazon/kcfpositionmapcreator/d/b' at 0x000000011d1cb838]
[5.760s][info][exceptions] 1626 [Exception (): a 'com/amazon/kcfpositionmapcreator/e/b'{0x000000071330ff10} in {method} {0x00000001326f80b8} 'g' '(Lcom/amazon/kaf/c/s;)V' in 'com/amazon/kcfpositionmapcreator/d/b' at 0x000000011d1cb838]
[5.761s][info][exceptions] 1627 [Exception (): a 'com/amazon/kcfpositionmapcreator/e/b'{0x0000000713312a48} in {method} {0x00000001326f80b8} 'g' '(Lcom/amazon/kaf/c/s;)V' in 'com/amazon/kcfpositionmapcreator/d/b' at 0x000000011d1cb838]
[5.761s][info][exceptions] 1628 [Exception (): a 'com/amazon/kcfpositionmapcreator/e/b'{0x0000000713313538} in {method} {0x00000001326f80b8} 'g' '(Lcom/amazon/kaf/c/s;)V' in 'com/amazon/kcfpositionmapcreator/d/b' at 0x000000011d1cb838]
[5.761s][info][exceptions] 1629 [Exception (): a 'com/amazon/kcfpositionmapcreator/e/b'{0x0000000713316378} in {method} {0x00000001326f80b8} 'g' '(Lcom/amazon/kaf/c/s;)V' in 'com/amazon/kcfpositionmapcreator/d/b' at 0x000000011d1cb838]
[5.761s][info][exceptions] 1630 [Exception (): a 'com/amazon/kcfpositionmapcreator/e/b'{0x0000000713318a78} in {method} {0x00000001326f80b8} 'g' '(Lcom/amazon/kaf/c/s;)V' in 'com/amazon/kcfpositionmapcreator/d/b' at 0x000000011d1cb838]
[5.761s][info][exceptions] 1631 [Exception (): a 'com/amazon/kcfpositionmapcreator/e/b'{0x0000000713319568} in {method} {0x00000001326f80b8} 'g' '(Lcom/amazon/kaf/c/s;)V' in 'com/amazon/kcfpositionmapcreator/d/b' at 0x000000011d1cb838]
[5.761s][info][exceptions] 1632 [Exception (): a 'com/amazon/kcfpositionmapcreator/e/b'{0x00000007133209b0} in {method} {0x00000001326f80b8} 'g' '(Lcom/amazon/kaf/c/s;)V' in 'com/amazon/kcfpositionmapcreator/d/b' at 0x000000011d1cb838]
[5.761s][info][exceptions] 1633 [Exception (): a 'com/amazon/kcfpositionmapcreator/e/b'{0x000000071332a6d0} in {method} {0x00000001326f80b8} 'g' '(Lcom/amazon/kaf/c/s;)V' in 'com/amazon/kcfpositionmapcreator/d/b' at 0x000000011d1cb838]
[5.761s][info][exceptions] 1634 [Exception (): a 'com/amazon/kcfpositionmapcreator/e/b'{0x000000071332b140} in {method} {0x00000001326f80b8} 'g' '(Lcom/amazon/kaf/c/s;)V' in 'com/amazon/kcfpositionmapcreator/d/b' at 0x000000011d1cb838]
[5.761s][info][exceptions] 1635 [Exception (): a 'com/amazon/kcfpositionmapcreator/e/b'{0x000000071332bc40} in {method} {0x00000001326f80b8} 'g' '(Lcom/amazon/kaf/c/s;)V' in 'com/amazon/kcfpositionmapcreator/d/b' at 0x000000011d1cb838]
[5.761s][info][exceptions] 1636 [Exception (): a 'com/amazon/kcfpositionmapcreator/e/b'{0x000000071332c730} in {method} {0x00000001326f80b8} 'g' '(Lcom/amazon/kaf/c/s;)V' in 'com/amazon/kcfpositionmapcreator/d/b' at 0x000000011d1cb838]
[5.762s][info][exceptions] 1637 [Exception (): a 'com/amazon/kcfpositionmapcreator/e/b'{0x0000000713331930} in {method} {0x00000001326f80b8} 'g' '(Lcom/amazon/kaf/c/s;)V' in 'com/amazon/kcfpositionmapcreator/d/b' at 0x000000011d1cb838]
[5.762s][info][exceptions] 1638 [Exception (): a 'com/amazon/kcfpositionmapcreator/e/b'{0x0000000713339a98} in {method} {0x00000001326f80b8} 'g' '(Lcom/amazon/kaf/c/s;)V' in 'com/amazon/kcfpositionmapcreator/d/b' at 0x000000011d1cb838]
[5.762s][info][exceptions] 1639 [Exception (): a 'com/amazon/kcfpositionmapcreator/e/b'{0x000000071333a598} in {method} {0x00000001326f80b8} 'g' '(Lcom/amazon/kaf/c/s;)V' in 'com/amazon/kcfpositionmapcreator/d/b' at 0x000000011d1cb838]
[5.762s][info][exceptions] 1640 [Exception (): a 'com/amazon/kcfpositionmapcreator/e/b'{0x000000071333b088} in {method} {0x00000001326f80b8} 'g' '(Lcom/amazon/kaf/c/s;)V' in 'com/amazon/kcfpositionmapcreator/d/b' at 0x000000011d1cb838]
[5.762s][info][exceptions] 1641 [Exception (): a 'com/amazon/kcfpositionmapcreator/e/b'{0x0000000713341870} in {method} {0x00000001326f80b8} 'g' '(Lcom/amazon/kaf/c/s;)V' in 'com/amazon/kcfpositionmapcreator/d/b' at 0x000000011d1cb838]
[5.762s][info][exceptions] 1642 [Exception (): a 'com/amazon/kcfpositionmapcreator/e/b'{0x00000007133434b8} in {method} {0x00000001326f80b8} 'g' '(Lcom/amazon/kaf/c/s;)V' in 'com/amazon/kcfpositionmapcreator/d/b' at 0x000000011d1cb838]
[5.762s][info][exceptions] 1643 [Exception (): a 'com/amazon/kcfpositionmapcreator/e/b'{0x0000000713343fa8} in {method} {0x00000001326f80b8} 'g' '(Lcom/amazon/kaf/c/s;)V' in 'com/amazon/kcfpositionmapcreator/d/b' at 0x000000011d1cb838]
[5.762s][info][exceptions] 1644 [Exception (): a 'com/amazon/kcfpositionmapcreator/e/b'{0x0000000713348cb8} in {method} {0x00000001326f80b8} 'g' '(Lcom/amazon/kaf/c/s;)V' in 'com/amazon/kcfpositionmapcreator/d/b' at 0x000000011d1cb838]
[5.763s][info][exceptions] 1645 [Exception (): a 'com/amazon/kcfpositionmapcreator/e/b'{0x000000071334b340} in {method} {0x00000001326f80b8} 'g' '(Lcom/amazon/kaf/c/s;)V' in 'com/amazon/kcfpositionmapcreator/d/b' at 0x000000011d1cb838]
[5.763s][info][exceptions] 1646 [Exception (): a 'com/amazon/kcfpositionmapcreator/e/b'{0x000000071334be30} in {method} {0x00000001326f80b8} 'g' '(Lcom/amazon/kaf/c/s;)V' in 'com/amazon/kcfpositionmapcreator/d/b' at 0x000000011d1cb838]
[5.763s][info][exceptions] 1647 [Exception (): a 'com/amazon/kcfpositionmapcreator/e/b'{0x000000071334fc60} in {method} {0x00000001326f80b8} 'g' '(Lcom/amazon/kaf/c/s;)V' in 'com/amazon/kcfpositionmapcreator/d/b' at 0x000000011d1cb838]
[5.763s][info][exceptions] 1648 [Exception (): a 'com/amazon/kcfpositionmapcreator/e/b'{0x00000007133522e8} in {method} {0x00000001326f80b8} 'g' '(Lcom/amazon/kaf/c/s;)V' in 'com/amazon/kcfpositionmapcreator/d/b' at 0x000000011d1cb838]
[5.763s][info][exceptions] 1649 [Exception (): a 'com/amazon/kcfpositionmapcreator/e/b'{0x0000000713352dd8} in {method} {0x00000001326f80b8} 'g' '(Lcom/amazon/kaf/c/s;)V' in 'com/amazon/kcfpositionmapcreator/d/b' at 0x000000011d1cb838]
[5.763s][info][exceptions] 1650 [Exception (): a 'com/amazon/kcfpositionmapcreator/e/b'{0x000000071335a188} in {method} {0x00000001326f80b8} 'g' '(Lcom/amazon/kaf/c/s;)V' in 'com/amazon/kcfpositionmapcreator/d/b' at 0x000000011d1cb838]
[5.763s][info][exceptions] 1651 [Exception (): a 'com/amazon/kcfpositionmapcreator/e/b'{0x000000071335c810} in {method} {0x00000001326f80b8} 'g' '(Lcom/amazon/kaf/c/s;)V' in 'com/amazon/kcfpositionmapcreator/d/b' at 0x000000011d1cb838]
[5.763s][info][exceptions] 1652 [Exception (): a 'com/amazon/kcfpositionmapcreator/e/b'{0x000000071335d300} in {method} {0x00000001326f80b8} 'g' '(Lcom/amazon/kaf/c/s;)V' in 'com/amazon/kcfpositionmapcreator/d/b' at 0x000000011d1cb838]
[5.764s][info][exceptions] 1653 [Exception (): a 'com/amazon/kcfpositionmapcreator/e/b'{0x0000000713364ba0} in {method} {0x00000001326f80b8} 'g' '(Lcom/amazon/kaf/c/s;)V' in 'com/amazon/kcfpositionmapcreator/d/b' at 0x000000011d1cb838]
[5.764s][info][exceptions] 1654 [Exception (): a 'com/amazon/kcfpositionmapcreator/e/b'{0x00000007133676d8} in {method} {0x00000001326f80b8} 'g' '(Lcom/amazon/kaf/c/s;)V' in 'com/amazon/kcfpositionmapcreator/d/b' at 0x000000011d1cb838]
[5.764s][info][exceptions] 1655 [Exception (): a 'com/amazon/kcfpositionmapcreator/e/b'{0x00000007133681c8} in {method} {0x00000001326f80b8} 'g' '(Lcom/amazon/kaf/c/s;)V' in 'com/amazon/kcfpositionmapcreator/d/b' at 0x000000011d1cb838]
[5.764s][info][exceptions] 1656 [Exception (): a 'com/amazon/kcfpositionmapcreator/e/b'{0x000000071336b008} in {method} {0x00000001326f80b8} 'g' '(Lcom/amazon/kaf/c/s;)V' in 'com/amazon/kcfpositionmapcreator/d/b' at 0x000000011d1cb838]
[5.764s][info][exceptions] 1657 [Exception (): a 'com/amazon/kcfpositionmapcreator/e/b'{0x000000071336d750} in {method} {0x00000001326f80b8} 'g' '(Lcom/amazon/kaf/c/s;)V' in 'com/amazon/kcfpositionmapcreator/d/b' at 0x000000011d1cb838]
[5.764s][info][exceptions] 1658 [Exception (): a 'com/amazon/kcfpositionmapcreator/e/b'{0x000000071336e240} in {method} {0x00000001326f80b8} 'g' '(Lcom/amazon/kaf/c/s;)V' in 'com/amazon/kcfpositionmapcreator/d/b' at 0x000000011d1cb838]
[5.764s][info][exceptions] 1659 [Exception (): a 'com/amazon/kcfpositionmapcreator/e/b'{0x0000000713375688} in {method} {0x00000001326f80b8} 'g' '(Lcom/amazon/kaf/c/s;)V' in 'com/amazon/kcfpositionmapcreator/d/b' at 0x000000011d1cb838]
[5.765s][info][exceptions] 1660 [Exception (): a 'com/amazon/kcfpositionmapcreator/e/b'{0x000000071337f3c0} in {method} {0x00000001326f80b8} 'g' '(Lcom/amazon/kaf/c/s;)V' in 'com/amazon/kcfpositionmapcreator/d/b' at 0x000000011d1cb838]
[5.767s][info][exceptions] 1661 [Exception (): a 'com/amazon/kcfpositionmapcreator/e/b'{0x00000007133c9908} in {method} {0x00000001326f80b8} 'g' '(Lcom/amazon/kaf/c/s;)V' in 'com/amazon/kcfpositionmapcreator/d/b' at 0x000000011d1cb838]
[5.767s][info][exceptions] 1662 [Exception (): a 'com/amazon/kcfpositionmapcreator/e/b'{0x00000007133ca378} in {method} {0x00000001326f80b8} 'g' '(Lcom/amazon/kaf/c/s;)V' in 'com/amazon/kcfpositionmapcreator/d/b' at 0x000000011d1cb838]
[5.767s][info][exceptions] 1663 [Exception (): a 'com/amazon/kcfpositionmapcreator/e/b'{0x00000007133caf98} in {method} {0x00000001326f80b8} 'g' '(Lcom/amazon/kaf/c/s;)V' in 'com/amazon/kcfpositionmapcreator/d/b' at 0x000000011d1cb838]
[5.767s][info][exceptions] 1664 [Exception (): a 'com/amazon/kcfpositionmapcreator/e/b'{0x00000007133cba88} in {method} {0x00000001326f80b8} 'g' '(Lcom/amazon/kaf/c/s;)V' in 'com/amazon/kcfpositionmapcreator/d/b' at 0x000000011d1cb838]
[5.767s][info][exceptions] 1665 [Exception (): a 'com/amazon/kcfpositionmapcreator/e/b'{0x00000007133cd6b8} in {method} {0x00000001326f80b8} 'g' '(Lcom/amazon/kaf/c/s;)V' in 'com/amazon/kcfpositionmapcreator/d/b' at 0x000000011d1cb838]
[5.767s][info][exceptions] 1666 [Exception (): a 'com/amazon/kcfpositionmapcreator/e/b'{0x00000007133d0bf8} in {method} {0x00000001326f80b8} 'g' '(Lcom/amazon/kaf/c/s;)V' in 'com/amazon/kcfpositionmapcreator/d/b' at 0x000000011d1cb838]
[5.767s][info][exceptions] 1667 [Exception (): a 'com/amazon/kcfpositionmapcreator/e/b'{0x00000007133d3758} in {method} {0x00000001326f80b8} 'g' '(Lcom/amazon/kaf/c/s;)V' in 'com/amazon/kcfpositionmapcreator/d/b' at 0x000000011d1cb838]
[5.767s][info][exceptions] 1668 [Exception (): a 'com/amazon/kcfpositionmapcreator/e/b'{0x00000007133d72c0} in {method} {0x00000001326f80b8} 'g' '(Lcom/amazon/kaf/c/s;)V' in 'com/amazon/kcfpositionmapcreator/d/b' at 0x000000011d1cb838]
[5.767s][info][exceptions] 1669 [Exception (): a 'com/amazon/kcfpositionmapcreator/e/b'{0x00000007133d7ee0} in {method} {0x00000001326f80b8} 'g' '(Lcom/amazon/kaf/c/s;)V' in 'com/amazon/kcfpositionmapcreator/d/b' at 0x000000011d1cb838]
[5.767s][info][exceptions] 1670 [Exception (): a 'com/amazon/kcfpositionmapcreator/e/b'{0x00000007133d89d0} in {method} {0x00000001326f80b8} 'g' '(Lcom/amazon/kaf/c/s;)V' in 'com/amazon/kcfpositionmapcreator/d/b' at 0x000000011d1cb838]
[5.767s][info][exceptions] 1671 [Exception (): a 'com/amazon/kcfpositionmapcreator/e/b'{0x00000007133da600} in {method} {0x00000001326f80b8} 'g' '(Lcom/amazon/kaf/c/s;)V' in 'com/amazon/kcfpositionmapcreator/d/b' at 0x000000011d1cb838]
[5.767s][info][exceptions] 1672 [Exception (): a 'com/amazon/kcfpositionmapcreator/e/b'{0x00000007133dd650} in {method} {0x00000001326f80b8} 'g' '(Lcom/amazon/kaf/c/s;)V' in 'com/amazon/kcfpositionmapcreator/d/b' at 0x000000011d1cb838]
[5.769s][info][exceptions] 1673 [Exception (): a 'com/amazon/kcfpositionmapcreator/e/b'{0x00000007132035b8} in {method} {0x00000001326f80b8} 'g' '(Lcom/amazon/kaf/c/s;)V' in 'com/amazon/kcfpositionmapcreator/d/b' at 0x000000011d1cb838]
[5.769s][info][exceptions] 1674 [Exception (): a 'com/amazon/kcfpositionmapcreator/e/b'{0x0000000713217698} in {method} {0x00000001326f80b8} 'g' '(Lcom/amazon/kaf/c/s;)V' in 'com/amazon/kcfpositionmapcreator/d/b' at 0x000000011d1cb838]
[5.769s][info][exceptions] 1675 [Exception (): a 'com/amazon/kcfpositionmapcreator/e/b'{0x0000000713218188} in {method} {0x00000001326f80b8} 'g' '(Lcom/amazon/kaf/c/s;)V' in 'com/amazon/kcfpositionmapcreator/d/b' at 0x000000011d1cb838]
[5.769s][info][exceptions] 1676 [Exception (): a 'com/amazon/kcfpositionmapcreator/e/b'{0x0000000713219db8} in {method} {0x00000001326f80b8} 'g' '(Lcom/amazon/kaf/c/s;)V' in 'com/amazon/kcfpositionmapcreator/d/b' at 0x000000011d1cb838]
[5.769s][info][exceptions] 1677 [Exception (): a 'com/amazon/kcfpositionmapcreator/e/b'{0x000000071321ce08} in {method} {0x00000001326f80b8} 'g' '(Lcom/amazon/kaf/c/s;)V' in 'com/amazon/kcfpositionmapcreator/d/b' at 0x000000011d1cb838]
[5.771s][info][exceptions] 1678 [Exception (): a 'com/amazon/kcfpositionmapcreator/e/b'{0x00000007132478f0} in {method} {0x00000001326f80b8} 'g' '(Lcom/amazon/kaf/c/s;)V' in 'com/amazon/kcfpositionmapcreator/d/b' at 0x000000011d1cb838]
[5.771s][info][exceptions] 1679 [Exception (): a 'com/amazon/kcfpositionmapcreator/e/b'{0x000000071325b9d0} in {method} {0x00000001326f80b8} 'g' '(Lcom/amazon/kaf/c/s;)V' in 'com/amazon/kcfpositionmapcreator/d/b' at 0x000000011d1cb838]
[5.771s][info][exceptions] 1680 [Exception (): a 'com/amazon/kcfpositionmapcreator/e/b'{0x000000071325c4c0} in {method} {0x00000001326f80b8} 'g' '(Lcom/amazon/kaf/c/s;)V' in 'com/amazon/kcfpositionmapcreator/d/b' at 0x000000011d1cb838]
[5.771s][info][exceptions] 1681 [Exception (): a 'com/amazon/kcfpositionmapcreator/e/b'{0x000000071325e0f0} in {method} {0x00000001326f80b8} 'g' '(Lcom/amazon/kaf/c/s;)V' in 'com/amazon/kcfpositionmapcreator/d/b' at 0x000000011d1cb838]
[5.771s][info][exceptions] 1682 [Exception (): a 'com/amazon/kcfpositionmapcreator/e/b'{0x00000007132632f0} in {method} {0x00000001326f80b8} 'g' '(Lcom/amazon/kaf/c/s;)V' in 'com/amazon/kcfpositionmapcreator/d/b' at 0x000000011d1cb838]
[5.772s][info][exceptions] 1683 [Exception (): a 'com/amazon/kcfpositionmapcreator/e/b'{0x000000071327ddb8} in {method} {0x00000001326f80b8} 'g' '(Lcom/amazon/kaf/c/s;)V' in 'com/amazon/kcfpositionmapcreator/d/b' at 0x000000011d1cb838]
[5.773s][info][exceptions] 1684 [Exception (): a 'com/amazon/kcfpositionmapcreator/e/b'{0x00000007132920f8} in {method} {0x00000001326f80b8} 'g' '(Lcom/amazon/kaf/c/s;)V' in 'com/amazon/kcfpositionmapcreator/d/b' at 0x000000011d1cb838]
[5.773s][info][exceptions] 1685 [Exception (): a 'com/amazon/kcfpositionmapcreator/e/b'{0x0000000713292be8} in {method} {0x00000001326f80b8} 'g' '(Lcom/amazon/kaf/c/s;)V' in 'com/amazon/kcfpositionmapcreator/d/b' at 0x000000011d1cb838]
[5.773s][info][exceptions] 1686 [Exception (): a 'com/amazon/kcfpositionmapcreator/e/b'{0x0000000713294818} in {method} {0x00000001326f80b8} 'g' '(Lcom/amazon/kaf/c/s;)V' in 'com/amazon/kcfpositionmapcreator/d/b' at 0x000000011d1cb838]
[5.773s][info][exceptions] 1687 [Exception (): a 'com/amazon/kcfpositionmapcreator/e/b'{0x0000000713297868} in {method} {0x00000001326f80b8} 'g' '(Lcom/amazon/kaf/c/s;)V' in 'com/amazon/kcfpositionmapcreator/d/b' at 0x000000011d1cb838]
[5.774s][info][exceptions] 1688 [Exception (): a 'com/amazon/kcfpositionmapcreator/e/b'{0x00000007132b3d38} in {method} {0x00000001326f80b8} 'g' '(Lcom/amazon/kaf/c/s;)V' in 'com/amazon/kcfpositionmapcreator/d/b' at 0x000000011d1cb838]
[5.774s][info][exceptions] 1689 [Exception (): a 'com/amazon/kcfpositionmapcreator/e/b'{0x00000007132c7ce0} in {method} {0x00000001326f80b8} 'g' '(Lcom/amazon/kaf/c/s;)V' in 'com/amazon/kcfpositionmapcreator/d/b' at 0x000000011d1cb838]
[5.776s][info][exceptions] 1690 [Exception (): a 'com/amazon/kcfpositionmapcreator/e/b'{0x0000000713105f58} in {method} {0x00000001326f80b8} 'g' '(Lcom/amazon/kaf/c/s;)V' in 'com/amazon/kcfpositionmapcreator/d/b' at 0x000000011d1cb838]
[5.776s][info][exceptions] 1691 [Exception (): a 'com/amazon/kcfpositionmapcreator/e/b'{0x00000007131069c8} in {method} {0x00000001326f80b8} 'g' '(Lcom/amazon/kaf/c/s;)V' in 'com/amazon/kcfpositionmapcreator/d/b' at 0x000000011d1cb838]
[5.776s][info][exceptions] 1692 [Exception (): a 'com/amazon/kcfpositionmapcreator/e/b'{0x00000007131074c8} in {method} {0x00000001326f80b8} 'g' '(Lcom/amazon/kaf/c/s;)V' in 'com/amazon/kcfpositionmapcreator/d/b' at 0x000000011d1cb838]
[5.776s][info][exceptions] 1693 [Exception (): a 'com/amazon/kcfpositionmapcreator/e/b'{0x0000000713107fb8} in {method} {0x00000001326f80b8} 'g' '(Lcom/amazon/kaf/c/s;)V' in 'com/amazon/kcfpositionmapcreator/d/b' at 0x000000011d1cb838]
[5.776s][info][exceptions] 1694 [Exception (): a 'com/amazon/kcfpositionmapcreator/e/b'{0x000000071310ab18} in {method} {0x00000001326f80b8} 'g' '(Lcom/amazon/kaf/c/s;)V' in 'com/amazon/kcfpositionmapcreator/d/b' at 0x000000011d1cb838]
[5.777s][info][exceptions] 1695 [Exception (): a 'com/amazon/kcfpositionmapcreator/e/b'{0x000000071310d7b0} in {method} {0x00000001326f80b8} 'g' '(Lcom/amazon/kaf/c/s;)V' in 'com/amazon/kcfpositionmapcreator/d/b' at 0x000000011d1cb838]
[5.777s][info][exceptions] 1696 [Exception (): a 'com/amazon/kcfpositionmapcreator/e/b'{0x000000071310e2b0} in {method} {0x00000001326f80b8} 'g' '(Lcom/amazon/kaf/c/s;)V' in 'com/amazon/kcfpositionmapcreator/d/b' at 0x000000011d1cb838]
[5.777s][info][exceptions] 1697 [Exception (): a 'com/amazon/kcfpositionmapcreator/e/b'{0x000000071310eda0} in {method} {0x00000001326f80b8} 'g' '(Lcom/amazon/kaf/c/s;)V' in 'com/amazon/kcfpositionmapcreator/d/b' at 0x000000011d1cb838]
[5.777s][info][exceptions] 1698 [Exception (): a 'com/amazon/kcfpositionmapcreator/e/b'{0x00000007131122e0} in {method} {0x00000001326f80b8} 'g' '(Lcom/amazon/kaf/c/s;)V' in 'com/amazon/kcfpositionmapcreator/d/b' at 0x000000011d1cb838]
[5.778s][info][exceptions] 1699 [Exception (): a 'com/amazon/kcfpositionmapcreator/e/b'{0x000000071312b2e8} in {method} {0x00000001326f80b8} 'g' '(Lcom/amazon/kaf/c/s;)V' in 'com/amazon/kcfpositionmapcreator/d/b' at 0x000000011d1cb838]
[5.778s][info][exceptions] 1700 [Exception (): a 'com/amazon/kcfpositionmapcreator/e/b'{0x000000071312bdd8} in {method} {0x00000001326f80b8} 'g' '(Lcom/amazon/kaf/c/s;)V' in 'com/amazon/kcfpositionmapcreator/d/b' at 0x000000011d1cb838]
[5.778s][info][exceptions] 1701 [Exception (): a 'com/amazon/kcfpositionmapcreator/e/b'{0x000000071312e938} in {method} {0x00000001326f80b8} 'g' '(Lcom/amazon/kaf/c/s;)V' in 'com/amazon/kcfpositionmapcreator/d/b' at 0x000000011d1cb838]
[5.778s][info][exceptions] 1702 [Exception (): a 'com/amazon/kcfpositionmapcreator/e/b'{0x00000007131428f0} in {method} {0x00000001326f80b8} 'g' '(Lcom/amazon/kaf/c/s;)V' in 'com/amazon/kcfpositionmapcreator/d/b' at 0x000000011d1cb838]
[5.778s][info][exceptions] 1703 [Exception (): a 'com/amazon/kcfpositionmapcreator/e/b'{0x00000007131433e0} in {method} {0x00000001326f80b8} 'g' '(Lcom/amazon/kaf/c/s;)V' in 'com/amazon/kcfpositionmapcreator/d/b' at 0x000000011d1cb838]
[5.778s][info][exceptions] 1704 [Exception (): a 'com/amazon/kcfpositionmapcreator/e/b'{0x0000000713146e10} in {method} {0x00000001326f80b8} 'g' '(Lcom/amazon/kaf/c/s;)V' in 'com/amazon/kcfpositionmapcreator/d/b' at 0x000000011d1cb838]
[5.779s][info][exceptions] 1705 [Exception (): a 'com/amazon/kcfpositionmapcreator/e/b'{0x000000071315b8d8} in {method} {0x00000001326f80b8} 'g' '(Lcom/amazon/kaf/c/s;)V' in 'com/amazon/kcfpositionmapcreator/d/b' at 0x000000011d1cb838]
[5.779s][info][exceptions] 1706 [Exception (): a 'com/amazon/kcfpositionmapcreator/e/b'{0x000000071315c3c8} in {method} {0x00000001326f80b8} 'g' '(Lcom/amazon/kaf/c/s;)V' in 'com/amazon/kcfpositionmapcreator/d/b' at 0x000000011d1cb838]
[5.779s][info][exceptions] 1707 [Exception (): a 'com/amazon/kcfpositionmapcreator/e/b'{0x000000071315fdf8} in {method} {0x00000001326f80b8} 'g' '(Lcom/amazon/kaf/c/s;)V' in 'com/amazon/kcfpositionmapcreator/d/b' at 0x000000011d1cb838]
[5.779s][info][exceptions] 1708 [Exception (): a 'com/amazon/kcfpositionmapcreator/e/b'{0x0000000713165050} in {method} {0x00000001326f80b8} 'g' '(Lcom/amazon/kaf/c/s;)V' in 'com/amazon/kcfpositionmapcreator/d/b' at 0x000000011d1cb838]
[5.779s][info][exceptions] 1709 [Exception (): a 'com/amazon/kcfpositionmapcreator/e/b'{0x0000000713165ac0} in {method} {0x00000001326f80b8} 'g' '(Lcom/amazon/kaf/c/s;)V' in 'com/amazon/kcfpositionmapcreator/d/b' at 0x000000011d1cb838]
[5.779s][info][exceptions] 1710 [Exception (): a 'com/amazon/kcfpositionmapcreator/e/b'{0x00000007131665c0} in {method} {0x00000001326f80b8} 'g' '(Lcom/amazon/kaf/c/s;)V' in 'com/amazon/kcfpositionmapcreator/d/b' at 0x000000011d1cb838]
[5.780s][info][exceptions] 1711 [Exception (): a 'com/amazon/kcfpositionmapcreator/e/b'{0x00000007131670b0} in {method} {0x00000001326f80b8} 'g' '(Lcom/amazon/kaf/c/s;)V' in 'com/amazon/kcfpositionmapcreator/d/b' at 0x000000011d1cb838]
[5.780s][info][exceptions] 1712 [Exception (): a 'com/amazon/kcfpositionmapcreator/e/b'{0x0000000713168ce0} in {method} {0x00000001326f80b8} 'g' '(Lcom/amazon/kaf/c/s;)V' in 'com/amazon/kcfpositionmapcreator/d/b' at 0x000000011d1cb838]
[5.780s][info][exceptions] 1713 [Exception (): a 'com/amazon/kcfpositionmapcreator/e/b'{0x000000071316b5a8} in {method} {0x00000001326f80b8} 'g' '(Lcom/amazon/kaf/c/s;)V' in 'com/amazon/kcfpositionmapcreator/d/b' at 0x000000011d1cb838]
[5.780s][info][exceptions] 1714 [Exception (): a 'com/amazon/kcfpositionmapcreator/e/b'{0x000000071316c0a8} in {method} {0x00000001326f80b8} 'g' '(Lcom/amazon/kaf/c/s;)V' in 'com/amazon/kcfpositionmapcreator/d/b' at 0x000000011d1cb838]
[5.780s][info][exceptions] 1715 [Exception (): a 'com/amazon/kcfpositionmapcreator/e/b'{0x000000071316cb98} in {method} {0x00000001326f80b8} 'g' '(Lcom/amazon/kaf/c/s;)V' in 'com/amazon/kcfpositionmapcreator/d/b' at 0x000000011d1cb838]
[5.780s][info][exceptions] 1716 [Exception (): a 'com/amazon/kcfpositionmapcreator/e/b'{0x000000071316e7c8} in {method} {0x00000001326f80b8} 'g' '(Lcom/amazon/kaf/c/s;)V' in 'com/amazon/kcfpositionmapcreator/d/b' at 0x000000011d1cb838]
[5.781s][info][exceptions] 1717 [Exception (): a 'com/amazon/kcfpositionmapcreator/e/b'{0x000000071318b080} in {method} {0x00000001326f80b8} 'g' '(Lcom/amazon/kaf/c/s;)V' in 'com/amazon/kcfpositionmapcreator/d/b' at 0x000000011d1cb838]
[5.781s][info][exceptions] 1718 [Exception (): a 'com/amazon/kcfpositionmapcreator/e/b'{0x000000071318bb70} in {method} {0x00000001326f80b8} 'g' '(Lcom/amazon/kaf/c/s;)V' in 'com/amazon/kcfpositionmapcreator/d/b' at 0x000000011d1cb838]
[5.781s][info][exceptions] 1719 [Exception (): a 'com/amazon/kcfpositionmapcreator/e/b'{0x000000071318d7a0} in {method} {0x00000001326f80b8} 'g' '(Lcom/amazon/kaf/c/s;)V' in 'com/amazon/kcfpositionmapcreator/d/b' at 0x000000011d1cb838]
[5.781s][info][exceptions] 1720 [Exception (): a 'com/amazon/kcfpositionmapcreator/e/b'{0x000000071319a778} in {method} {0x00000001326f80b8} 'g' '(Lcom/amazon/kaf/c/s;)V' in 'com/amazon/kcfpositionmapcreator/d/b' at 0x000000011d1cb838]
[5.781s][info][exceptions] 1721 [Exception (): a 'com/amazon/kcfpositionmapcreator/e/b'{0x000000071319b268} in {method} {0x00000001326f80b8} 'g' '(Lcom/amazon/kaf/c/s;)V' in 'com/amazon/kcfpositionmapcreator/d/b' at 0x000000011d1cb838]
[5.781s][info][exceptions] 1722 [Exception (): a 'com/amazon/kcfpositionmapcreator/e/b'{0x000000071319ce98} in {method} {0x00000001326f80b8} 'g' '(Lcom/amazon/kaf/c/s;)V' in 'com/amazon/kcfpositionmapcreator/d/b' at 0x000000011d1cb838]
[5.782s][info][exceptions] 1723 [Exception (): a 'com/amazon/kcfpositionmapcreator/e/b'{0x00000007131a76e0} in {method} {0x00000001326f80b8} 'g' '(Lcom/amazon/kaf/c/s;)V' in 'com/amazon/kcfpositionmapcreator/d/b' at 0x000000011d1cb838]
[5.782s][info][exceptions] 1724 [Exception (): a 'com/amazon/kcfpositionmapcreator/e/b'{0x00000007131a81d0} in {method} {0x00000001326f80b8} 'g' '(Lcom/amazon/kaf/c/s;)V' in 'com/amazon/kcfpositionmapcreator/d/b' at 0x000000011d1cb838]
[5.782s][info][exceptions] 1725 [Exception (): a 'com/amazon/kcfpositionmapcreator/e/b'{0x00000007131a9e00} in {method} {0x00000001326f80b8} 'g' '(Lcom/amazon/kaf/c/s;)V' in 'com/amazon/kcfpositionmapcreator/d/b' at 0x000000011d1cb838]
[5.782s][info][exceptions] 1726 [Exception (): a 'com/amazon/kcfpositionmapcreator/e/b'{0x00000007131b1eb8} in {method} {0x00000001326f80b8} 'g' '(Lcom/amazon/kaf/c/s;)V' in 'com/amazon/kcfpositionmapcreator/d/b' at 0x000000011d1cb838]
[5.782s][info][exceptions] 1727 [Exception (): a 'com/amazon/kcfpositionmapcreator/e/b'{0x00000007131b29a8} in {method} {0x00000001326f80b8} 'g' '(Lcom/amazon/kaf/c/s;)V' in 'com/amazon/kcfpositionmapcreator/d/b' at 0x000000011d1cb838]
[5.782s][info][exceptions] 1728 [Exception (): a 'com/amazon/kcfpositionmapcreator/e/b'{0x00000007131b45d8} in {method} {0x00000001326f80b8} 'g' '(Lcom/amazon/kaf/c/s;)V' in 'com/amazon/kcfpositionmapcreator/d/b' at 0x000000011d1cb838]
[5.783s][info][exceptions] 1729 [Exception (): a 'com/amazon/kcfpositionmapcreator/e/b'{0x00000007131c06e0} in {method} {0x00000001326f80b8} 'g' '(Lcom/amazon/kaf/c/s;)V' in 'com/amazon/kcfpositionmapcreator/d/b' at 0x000000011d1cb838]
[5.783s][info][exceptions] 1730 [Exception (): a 'com/amazon/kcfpositionmapcreator/e/b'{0x00000007131c11d0} in {method} {0x00000001326f80b8} 'g' '(Lcom/amazon/kaf/c/s;)V' in 'com/amazon/kcfpositionmapcreator/d/b' at 0x000000011d1cb838]
[5.783s][info][exceptions] 1731 [Exception (): a 'com/amazon/kcfpositionmapcreator/e/b'{0x00000007131c2e00} in {method} {0x00000001326f80b8} 'g' '(Lcom/amazon/kaf/c/s;)V' in 'com/amazon/kcfpositionmapcreator/d/b' at 0x000000011d1cb838]
[5.783s][info][exceptions] 1732 [Exception (): a 'com/amazon/kcfpositionmapcreator/e/b'{0x00000007131ccb60} in {method} {0x00000001326f80b8} 'g' '(Lcom/amazon/kaf/c/s;)V' in 'com/amazon/kcfpositionmapcreator/d/b' at 0x000000011d1cb838]
[5.784s][info][exceptions] 1733 [Exception (): a 'com/amazon/kcfpositionmapcreator/e/b'{0x00000007131f4188} in {method} {0x00000001326f80b8} 'g' '(Lcom/amazon/kaf/c/s;)V' in 'com/amazon/kcfpositionmapcreator/d/b' at 0x000000011d1cb838]
[5.784s][info][exceptions] 1734 [Exception (): a 'com/amazon/kcfpositionmapcreator/e/b'{0x00000007131f4bf8} in {method} {0x00000001326f80b8} 'g' '(Lcom/amazon/kaf/c/s;)V' in 'com/amazon/kcfpositionmapcreator/d/b' at 0x000000011d1cb838]
[5.784s][info][exceptions] 1735 [Exception (): a 'com/amazon/kcfpositionmapcreator/e/b'{0x00000007131f5788} in {method} {0x00000001326f80b8} 'g' '(Lcom/amazon/kaf/c/s;)V' in 'com/amazon/kcfpositionmapcreator/d/b' at 0x000000011d1cb838]
[5.784s][info][exceptions] 1736 [Exception (): a 'com/amazon/kcfpositionmapcreator/e/b'{0x00000007131f6278} in {method} {0x00000001326f80b8} 'g' '(Lcom/amazon/kaf/c/s;)V' in 'com/amazon/kcfpositionmapcreator/d/b' at 0x000000011d1cb838]
[5.785s][info][exceptions] 1737 [Exception (): a 'com/amazon/kcfpositionmapcreator/e/b'{0x00000007131faa98} in {method} {0x00000001326f80b8} 'g' '(Lcom/amazon/kaf/c/s;)V' in 'com/amazon/kcfpositionmapcreator/d/b' at 0x000000011d1cb838]
[5.785s][info][exceptions] 1738 [Exception (): a 'com/amazon/kcfpositionmapcreator/e/b'{0x00000007130021e8} in {method} {0x00000001326f80b8} 'g' '(Lcom/amazon/kaf/c/s;)V' in 'com/amazon/kcfpositionmapcreator/d/b' at 0x000000011d1cb838]
[5.785s][info][exceptions] 1739 [Exception (): a 'com/amazon/kcfpositionmapcreator/e/b'{0x00000007130057d0} in {method} {0x00000001326f80b8} 'g' '(Lcom/amazon/kaf/c/s;)V' in 'com/amazon/kcfpositionmapcreator/d/b' at 0x000000011d1cb838]
[5.785s][info][exceptions] 1740 [Exception (): a 'com/amazon/kcfpositionmapcreator/e/b'{0x0000000713006360} in {method} {0x00000001326f80b8} 'g' '(Lcom/amazon/kaf/c/s;)V' in 'com/amazon/kcfpositionmapcreator/d/b' at 0x000000011d1cb838]
[5.785s][info][exceptions] 1741 [Exception (): a 'com/amazon/kcfpositionmapcreator/e/b'{0x0000000713006e50} in {method} {0x00000001326f80b8} 'g' '(Lcom/amazon/kaf/c/s;)V' in 'com/amazon/kcfpositionmapcreator/d/b' at 0x000000011d1cb838]
[5.785s][info][exceptions] 1742 [Exception (): a 'com/amazon/kcfpositionmapcreator/e/b'{0x0000000713018c78} in {method} {0x00000001326f80b8} 'g' '(Lcom/amazon/kaf/c/s;)V' in 'com/amazon/kcfpositionmapcreator/d/b' at 0x000000011d1cb838]
[5.787s][info][exceptions] 1743 [Exception (): a 'com/amazon/kcfpositionmapcreator/e/b'{0x000000071303e950} in {method} {0x00000001326f80b8} 'g' '(Lcom/amazon/kaf/c/s;)V' in 'com/amazon/kcfpositionmapcreator/d/b' at 0x000000011d1cb838]
[5.787s][info][exceptions] 1744 [Exception (): a 'com/amazon/kcfpositionmapcreator/e/b'{0x000000071305b588} in {method} {0x00000001326f80b8} 'g' '(Lcom/amazon/kaf/c/s;)V' in 'com/amazon/kcfpositionmapcreator/d/b' at 0x000000011d1cb838]
[5.787s][info][exceptions] 1745 [Exception (): a 'com/amazon/kcfpositionmapcreator/e/b'{0x000000071305c078} in {method} {0x00000001326f80b8} 'g' '(Lcom/amazon/kaf/c/s;)V' in 'com/amazon/kcfpositionmapcreator/d/b' at 0x000000011d1cb838]
[5.788s][info][exceptions] 1746 [Exception (): a 'com/amazon/kcfpositionmapcreator/e/b'{0x000000071306e990} in {method} {0x00000001326f80b8} 'g' '(Lcom/amazon/kaf/c/s;)V' in 'com/amazon/kcfpositionmapcreator/d/b' at 0x000000011d1cb838]
[5.789s][info][exceptions] 1747 [Exception (): a 'com/amazon/kcfpositionmapcreator/e/b'{0x0000000713087df0} in {method} {0x00000001326f80b8} 'g' '(Lcom/amazon/kaf/c/s;)V' in 'com/amazon/kcfpositionmapcreator/d/b' at 0x000000011d1cb838]
[5.790s][info][exceptions] 1748 [Exception (): a 'com/amazon/kcfpositionmapcreator/e/b'{0x00000007130a1b88} in {method} {0x00000001326f80b8} 'g' '(Lcom/amazon/kaf/c/s;)V' in 'com/amazon/kcfpositionmapcreator/d/b' at 0x000000011d1cb838]
[5.790s][info][exceptions] 1749 [Exception (): a 'com/amazon/kcfpositionmapcreator/e/b'{0x00000007130a2678} in {method} {0x00000001326f80b8} 'g' '(Lcom/amazon/kaf/c/s;)V' in 'com/amazon/kcfpositionmapcreator/d/b' at 0x000000011d1cb838]
[5.790s][info][exceptions] 1750 [Exception (): a 'com/amazon/kcfpositionmapcreator/e/b'{0x00000007130b35d0} in {method} {0x00000001326f80b8} 'g' '(Lcom/amazon/kaf/c/s;)V' in 'com/amazon/kcfpositionmapcreator/d/b' at 0x000000011d1cb838]
[5.791s][info][exceptions] 1751 [Exception (): a 'com/amazon/kcfpositionmapcreator/e/b'{0x00000007130cb910} in {method} {0x00000001326f80b8} 'g' '(Lcom/amazon/kaf/c/s;)V' in 'com/amazon/kcfpositionmapcreator/d/b' at 0x000000011d1cb838]
[5.792s][info][exceptions] 1752 [Exception (): a 'com/amazon/kcfpositionmapcreator/e/b'{0x00000007130fea28} in {method} {0x00000001326f80b8} 'g' '(Lcom/amazon/kaf/c/s;)V' in 'com/amazon/kcfpositionmapcreator/d/b' at 0x000000011d1cb838]
[5.792s][info][exceptions] 1753 [Exception (): a 'com/amazon/kcfpositionmapcreator/e/b'{0x00000007130ff498} in {method} {0x00000001326f80b8} 'g' '(Lcom/amazon/kaf/c/s;)V' in 'com/amazon/kcfpositionmapcreator/d/b' at 0x000000011d1cb838]
[5.792s][info][exceptions] 1754 [Exception (): a 'com/amazon/kcfpositionmapcreator/e/b'{0x0000000712f00270} in {method} {0x00000001326f80b8} 'g' '(Lcom/amazon/kaf/c/s;)V' in 'com/amazon/kcfpositionmapcreator/d/b' at 0x000000011d1cb838]
[5.792s][info][exceptions] 1755 [Exception (): a 'com/amazon/kcfpositionmapcreator/e/b'{0x0000000712f00fb0} in {method} {0x00000001326f80b8} 'g' '(Lcom/amazon/kaf/c/s;)V' in 'com/amazon/kcfpositionmapcreator/d/b' at 0x000000011d1cb838]
[5.792s][info][exceptions] 1756 [Exception (): a 'com/amazon/kcfpositionmapcreator/e/b'{0x0000000712f02be0} in {method} {0x00000001326f80b8} 'g' '(Lcom/amazon/kaf/c/s;)V' in 'com/amazon/kcfpositionmapcreator/d/b' at 0x000000011d1cb838]
[5.793s][info][exceptions] 1757 [Exception (): a 'com/amazon/kcfpositionmapcreator/e/b'{0x0000000712f06120} in {method} {0x00000001326f80b8} 'g' '(Lcom/amazon/kaf/c/s;)V' in 'com/amazon/kcfpositionmapcreator/d/b' at 0x000000011d1cb838]
[5.793s][info][exceptions] 1758 [Exception (): a 'com/amazon/kcfpositionmapcreator/e/b'{0x0000000712f092a8} in {method} {0x00000001326f80b8} 'g' '(Lcom/amazon/kaf/c/s;)V' in 'com/amazon/kcfpositionmapcreator/d/b' at 0x000000011d1cb838]
[5.793s][info][exceptions] 1759 [Exception (): a 'com/amazon/kcfpositionmapcreator/e/b'{0x0000000712f09e38} in {method} {0x00000001326f80b8} 'g' '(Lcom/amazon/kaf/c/s;)V' in 'com/amazon/kcfpositionmapcreator/d/b' at 0x000000011d1cb838]
[5.793s][info][exceptions] 1760 [Exception (): a 'com/amazon/kcfpositionmapcreator/e/b'{0x0000000712f0a928} in {method} {0x00000001326f80b8} 'g' '(Lcom/amazon/kaf/c/s;)V' in 'com/amazon/kcfpositionmapcreator/d/b' at 0x000000011d1cb838]
[5.793s][info][exceptions] 1761 [Exception (): a 'com/amazon/kcfpositionmapcreator/e/b'{0x0000000712f0c558} in {method} {0x00000001326f80b8} 'g' '(Lcom/amazon/kaf/c/s;)V' in 'com/amazon/kcfpositionmapcreator/d/b' at 0x000000011d1cb838]
[5.793s][info][exceptions] 1762 [Exception (): a 'com/amazon/kcfpositionmapcreator/e/b'{0x0000000712f174c0} in {method} {0x00000001326f80b8} 'g' '(Lcom/amazon/kaf/c/s;)V' in 'com/amazon/kcfpositionmapcreator/d/b' at 0x000000011d1cb838]
[5.794s][info][exceptions] 1763 [Exception (): a 'com/amazon/kcfpositionmapcreator/e/b'{0x0000000712f3d6a0} in {method} {0x00000001326f80b8} 'g' '(Lcom/amazon/kaf/c/s;)V' in 'com/amazon/kcfpositionmapcreator/d/b' at 0x000000011d1cb838]
[5.794s][info][exceptions] 1764 [Exception (): a 'com/amazon/kcfpositionmapcreator/e/b'{0x0000000712f3e190} in {method} {0x00000001326f80b8} 'g' '(Lcom/amazon/kaf/c/s;)V' in 'com/amazon/kcfpositionmapcreator/d/b' at 0x000000011d1cb838]
[5.794s][info][exceptions] 1765 [Exception (): a 'com/amazon/kcfpositionmapcreator/e/b'{0x0000000712f3fdc0} in {method} {0x00000001326f80b8} 'g' '(Lcom/amazon/kaf/c/s;)V' in 'com/amazon/kcfpositionmapcreator/d/b' at 0x000000011d1cb838]
[5.795s][info][exceptions] 1766 [Exception (): a 'com/amazon/kcfpositionmapcreator/e/b'{0x0000000712f4c678} in {method} {0x00000001326f80b8} 'g' '(Lcom/amazon/kaf/c/s;)V' in 'com/amazon/kcfpositionmapcreator/d/b' at 0x000000011d1cb838]
[5.796s][info][exceptions] 1767 [Exception (): a 'com/amazon/kcfpositionmapcreator/e/b'{0x0000000712f6e640} in {method} {0x00000001326f80b8} 'g' '(Lcom/amazon/kaf/c/s;)V' in 'com/amazon/kcfpositionmapcreator/d/b' at 0x000000011d1cb838]
[5.796s][info][exceptions] 1768 [Exception (): a 'com/amazon/kcfpositionmapcreator/e/b'{0x0000000712f6f130} in {method} {0x00000001326f80b8} 'g' '(Lcom/amazon/kaf/c/s;)V' in 'com/amazon/kcfpositionmapcreator/d/b' at 0x000000011d1cb838]
[5.796s][info][exceptions] 1769 [Exception (): a 'com/amazon/kcfpositionmapcreator/e/b'{0x0000000712f70d60} in {method} {0x00000001326f80b8} 'g' '(Lcom/amazon/kaf/c/s;)V' in 'com/amazon/kcfpositionmapcreator/d/b' at 0x000000011d1cb838]
[5.796s][info][exceptions] 1770 [Exception (): a 'com/amazon/kcfpositionmapcreator/e/b'{0x0000000712f78d30} in {method} {0x00000001326f80b8} 'g' '(Lcom/amazon/kaf/c/s;)V' in 'com/amazon/kcfpositionmapcreator/d/b' at 0x000000011d1cb838]
[5.796s][info][exceptions] 1771 [Exception (): a 'com/amazon/kcfpositionmapcreator/e/b'{0x0000000712f7b9f8} in {method} {0x00000001326f80b8} 'g' '(Lcom/amazon/kaf/c/s;)V' in 'com/amazon/kcfpositionmapcreator/d/b' at 0x000000011d1cb838]
[5.796s][info][exceptions] 1772 [Exception (): a 'com/amazon/kcfpositionmapcreator/e/b'{0x0000000712f7c4e8} in {method} {0x00000001326f80b8} 'g' '(Lcom/amazon/kaf/c/s;)V' in 'com/amazon/kcfpositionmapcreator/d/b' at 0x000000011d1cb838]
[5.796s][info][exceptions] 1773 [Exception (): a 'com/amazon/kcfpositionmapcreator/e/b'{0x0000000712f7e118} in {method} {0x00000001326f80b8} 'g' '(Lcom/amazon/kaf/c/s;)V' in 'com/amazon/kcfpositionmapcreator/d/b' at 0x000000011d1cb838]
[5.797s][info][exceptions] 1774 [Exception (): a 'com/amazon/kcfpositionmapcreator/e/b'{0x0000000712f89840} in {method} {0x00000001326f80b8} 'g' '(Lcom/amazon/kaf/c/s;)V' in 'com/amazon/kcfpositionmapcreator/d/b' at 0x000000011d1cb838]
[5.798s][info][exceptions] 1775 [Exception (): a 'com/amazon/kcfpositionmapcreator/e/b'{0x0000000712fbbd90} in {method} {0x00000001326f80b8} 'g' '(Lcom/amazon/kaf/c/s;)V' in 'com/amazon/kcfpositionmapcreator/d/b' at 0x000000011d1cb838]
[5.798s][info][exceptions] 1776 [Exception (): a 'com/amazon/kcfpositionmapcreator/e/b'{0x0000000712fbc800} in {method} {0x00000001326f80b8} 'g' '(Lcom/amazon/kaf/c/s;)V' in 'com/amazon/kcfpositionmapcreator/d/b' at 0x000000011d1cb838]
[5.798s][info][exceptions] 1777 [Exception (): a 'com/amazon/kcfpositionmapcreator/e/b'{0x0000000712fbd4b0} in {method} {0x00000001326f80b8} 'g' '(Lcom/amazon/kaf/c/s;)V' in 'com/amazon/kcfpositionmapcreator/d/b' at 0x000000011d1cb838]
[5.798s][info][exceptions] 1778 [Exception (): a 'com/amazon/kcfpositionmapcreator/e/b'{0x0000000712fbdfa0} in {method} {0x00000001326f80b8} 'g' '(Lcom/amazon/kaf/c/s;)V' in 'com/amazon/kcfpositionmapcreator/d/b' at 0x000000011d1cb838]
[5.799s][info][exceptions] 1779 [Exception (): a 'com/amazon/kcfpositionmapcreator/e/b'{0x0000000712fbfbd0} in {method} {0x00000001326f80b8} 'g' '(Lcom/amazon/kaf/c/s;)V' in 'com/amazon/kcfpositionmapcreator/d/b' at 0x000000011d1cb838]
[5.799s][info][exceptions] 1780 [Exception (): a 'com/amazon/kcfpositionmapcreator/e/b'{0x0000000712fc52c0} in {method} {0x00000001326f80b8} 'g' '(Lcom/amazon/kaf/c/s;)V' in 'com/amazon/kcfpositionmapcreator/d/b' at 0x000000011d1cb838]
[5.799s][info][exceptions] 1781 [Exception (): a 'com/amazon/kcfpositionmapcreator/e/b'{0x0000000712fc7e20} in {method} {0x00000001326f80b8} 'g' '(Lcom/amazon/kaf/c/s;)V' in 'com/amazon/kcfpositionmapcreator/d/b' at 0x000000011d1cb838]
[5.799s][info][exceptions] 1782 [Exception (): a 'com/amazon/kcfpositionmapcreator/e/b'{0x0000000712fccb30} in {method} {0x00000001326f80b8} 'g' '(Lcom/amazon/kaf/c/s;)V' in 'com/amazon/kcfpositionmapcreator/d/b' at 0x000000011d1cb838]
[5.799s][info][exceptions] 1783 [Exception (): a 'com/amazon/kcfpositionmapcreator/e/b'{0x0000000712fd5258} in {method} {0x00000001326f80b8} 'g' '(Lcom/amazon/kaf/c/s;)V' in 'com/amazon/kcfpositionmapcreator/d/b' at 0x000000011d1cb838]
[5.799s][info][exceptions] 1784 [Exception (): a 'com/amazon/kcfpositionmapcreator/e/b'{0x0000000712fd5f08} in {method} {0x00000001326f80b8} 'g' '(Lcom/amazon/kaf/c/s;)V' in 'com/amazon/kcfpositionmapcreator/d/b' at 0x000000011d1cb838]
[5.799s][info][exceptions] 1785 [Exception (): a 'com/amazon/kcfpositionmapcreator/e/b'{0x0000000712fd69f8} in {method} {0x00000001326f80b8} 'g' '(Lcom/amazon/kaf/c/s;)V' in 'com/amazon/kcfpositionmapcreator/d/b' at 0x000000011d1cb838]
[5.799s][info][exceptions] 1786 [Exception (): a 'com/amazon/kcfpositionmapcreator/e/b'{0x0000000712fd8628} in {method} {0x00000001326f80b8} 'g' '(Lcom/amazon/kaf/c/s;)V' in 'com/amazon/kcfpositionmapcreator/d/b' at 0x000000011d1cb838]
[5.799s][info][exceptions] 1787 [Exception (): a 'com/amazon/kcfpositionmapcreator/e/b'{0x0000000712fdb7e8} in {method} {0x00000001326f80b8} 'g' '(Lcom/amazon/kaf/c/s;)V' in 'com/amazon/kcfpositionmapcreator/d/b' at 0x000000011d1cb838]
[5.800s][info][exceptions] 1788 [Exception (): a 'com/amazon/kcfpositionmapcreator/e/b'{0x0000000712fe2e68} in {method} {0x00000001326f80b8} 'g' '(Lcom/amazon/kaf/c/s;)V' in 'com/amazon/kcfpositionmapcreator/d/b' at 0x000000011d1cb838]
[5.800s][info][exceptions] 1789 [Exception (): a 'com/amazon/kcfpositionmapcreator/e/b'{0x0000000712fe7570} in {method} {0x00000001326f80b8} 'g' '(Lcom/amazon/kaf/c/s;)V' in 'com/amazon/kcfpositionmapcreator/d/b' at 0x000000011d1cb838]
[5.800s][info][exceptions] 1790 [Exception (): a 'com/amazon/kcfpositionmapcreator/e/b'{0x0000000712ff37d0} in {method} {0x00000001326f80b8} 'g' '(Lcom/amazon/kaf/c/s;)V' in 'com/amazon/kcfpositionmapcreator/d/b' at 0x000000011d1cb838]
[5.800s][info][exceptions] 1791 [Exception (): a 'com/amazon/kcfpositionmapcreator/e/b'{0x0000000712ff42c0} in {method} {0x00000001326f80b8} 'g' '(Lcom/amazon/kaf/c/s;)V' in 'com/amazon/kcfpositionmapcreator/d/b' at 0x000000011d1cb838]
[5.800s][info][exceptions] 1792 [Exception (): a 'com/amazon/kcfpositionmapcreator/e/b'{0x0000000712ff5ef0} in {method} {0x00000001326f80b8} 'g' '(Lcom/amazon/kaf/c/s;)V' in 'com/amazon/kcfpositionmapcreator/d/b' at 0x000000011d1cb838]
[5.800s][info][exceptions] 1793 [Exception (): a 'com/amazon/kcfpositionmapcreator/e/b'{0x0000000712ffa538} in {method} {0x00000001326f80b8} 'g' '(Lcom/amazon/kaf/c/s;)V' in 'com/amazon/kcfpositionmapcreator/d/b' at 0x000000011d1cb838]
[5.801s][info][exceptions] 1794 [Exception (): a 'com/amazon/kcfpositionmapcreator/e/b'{0x0000000712e02df0} in {method} {0x00000001326f80b8} 'g' '(Lcom/amazon/kaf/c/s;)V' in 'com/amazon/kcfpositionmapcreator/d/b' at 0x000000011d1cb838]
[5.801s][info][exceptions] 1795 [Exception (): a 'com/amazon/kcfpositionmapcreator/e/b'{0x0000000712e06e28} in {method} {0x00000001326f80b8} 'g' '(Lcom/amazon/kaf/c/s;)V' in 'com/amazon/kcfpositionmapcreator/d/b' at 0x000000011d1cb838]
[5.801s][info][exceptions] 1796 [Exception (): a 'com/amazon/kcfpositionmapcreator/e/b'{0x0000000712e16f38} in {method} {0x00000001326f80b8} 'g' '(Lcom/amazon/kaf/c/s;)V' in 'com/amazon/kcfpositionmapcreator/d/b' at 0x000000011d1cb838]
[5.801s][info][exceptions] 1797 [Exception (): a 'com/amazon/kcfpositionmapcreator/e/b'{0x0000000712e17a28} in {method} {0x00000001326f80b8} 'g' '(Lcom/amazon/kaf/c/s;)V' in 'com/amazon/kcfpositionmapcreator/d/b' at 0x000000011d1cb838]
[5.801s][info][exceptions] 1798 [Exception (): a 'com/amazon/kcfpositionmapcreator/e/b'{0x0000000712e19658} in {method} {0x00000001326f80b8} 'g' '(Lcom/amazon/kaf/c/s;)V' in 'com/amazon/kcfpositionmapcreator/d/b' at 0x000000011d1cb838]
[5.801s][info][exceptions] 1799 [Exception (): a 'com/amazon/kcfpositionmapcreator/e/b'{0x0000000712e1cef0} in {method} {0x00000001326f80b8} 'g' '(Lcom/amazon/kaf/c/s;)V' in 'com/amazon/kcfpositionmapcreator/d/b' at 0x000000011d1cb838]
[5.802s][info][exceptions] 1800 [Exception (): a 'com/amazon/kcfpositionmapcreator/e/b'{0x0000000712e25318} in {method} {0x00000001326f80b8} 'g' '(Lcom/amazon/kaf/c/s;)V' in 'com/amazon/kcfpositionmapcreator/d/b' at 0x000000011d1cb838]
[5.802s][info][exceptions] 1801 [Exception (): a 'com/amazon/kcfpositionmapcreator/e/b'{0x0000000712e2a0e8} in {method} {0x00000001326f80b8} 'g' '(Lcom/amazon/kaf/c/s;)V' in 'com/amazon/kcfpositionmapcreator/d/b' at 0x000000011d1cb838]
[5.803s][info][exceptions] 1802 [Exception (): a 'com/amazon/kcfpositionmapcreator/e/b'{0x0000000712e4c3b0} in {method} {0x00000001326f80b8} 'g' '(Lcom/amazon/kaf/c/s;)V' in 'com/amazon/kcfpositionmapcreator/d/b' at 0x000000011d1cb838]
[5.803s][info][exceptions] 1803 [Exception (): a 'com/amazon/kcfpositionmapcreator/e/b'{0x0000000712e4ce20} in {method} {0x00000001326f80b8} 'g' '(Lcom/amazon/kaf/c/s;)V' in 'com/amazon/kcfpositionmapcreator/d/b' at 0x000000011d1cb838]
[5.803s][info][exceptions] 1804 [Exception (): a 'com/amazon/kcfpositionmapcreator/e/b'{0x0000000712e4da40} in {method} {0x00000001326f80b8} 'g' '(Lcom/amazon/kaf/c/s;)V' in 'com/amazon/kcfpositionmapcreator/d/b' at 0x000000011d1cb838]
[5.803s][info][exceptions] 1805 [Exception (): a 'com/amazon/kcfpositionmapcreator/e/b'{0x0000000712e4e530} in {method} {0x00000001326f80b8} 'g' '(Lcom/amazon/kaf/c/s;)V' in 'com/amazon/kcfpositionmapcreator/d/b' at 0x000000011d1cb838]
[5.803s][info][exceptions] 1806 [Exception (): a 'com/amazon/kcfpositionmapcreator/e/b'{0x0000000712e51090} in {method} {0x00000001326f80b8} 'g' '(Lcom/amazon/kaf/c/s;)V' in 'com/amazon/kcfpositionmapcreator/d/b' at 0x000000011d1cb838]
[5.803s][info][exceptions] 1807 [Exception (): a 'com/amazon/kcfpositionmapcreator/e/b'{0x0000000712e540e0} in {method} {0x00000001326f80b8} 'g' '(Lcom/amazon/kaf/c/s;)V' in 'com/amazon/kcfpositionmapcreator/d/b' at 0x000000011d1cb838]
[5.803s][info][exceptions] 1808 [Exception (): a 'com/amazon/kcfpositionmapcreator/e/b'{0x0000000712e5b090} in {method} {0x00000001326f80b8} 'g' '(Lcom/amazon/kaf/c/s;)V' in 'com/amazon/kcfpositionmapcreator/d/b' at 0x000000011d1cb838]
[5.803s][info][exceptions] 1809 [Exception (): a 'com/amazon/kcfpositionmapcreator/e/b'{0x0000000712e5fa48} in {method} {0x00000001326f80b8} 'g' '(Lcom/amazon/kaf/c/s;)V' in 'com/amazon/kcfpositionmapcreator/d/b' at 0x000000011d1cb838]
[5.803s][info][exceptions] 1810 [Exception (): a 'com/amazon/kcfpositionmapcreator/e/b'{0x0000000712e60668} in {method} {0x00000001326f80b8} 'g' '(Lcom/amazon/kaf/c/s;)V' in 'com/amazon/kcfpositionmapcreator/d/b' at 0x000000011d1cb838]
[5.803s][info][exceptions] 1811 [Exception (): a 'com/amazon/kcfpositionmapcreator/e/b'{0x0000000712e61158} in {method} {0x00000001326f80b8} 'g' '(Lcom/amazon/kaf/c/s;)V' in 'com/amazon/kcfpositionmapcreator/d/b' at 0x000000011d1cb838]
[5.804s][info][exceptions] 1812 [Exception (): a 'com/amazon/kcfpositionmapcreator/e/b'{0x0000000712e65488} in {method} {0x00000001326f80b8} 'g' '(Lcom/amazon/kaf/c/s;)V' in 'com/amazon/kcfpositionmapcreator/d/b' at 0x000000011d1cb838]
[5.804s][info][exceptions] 1813 [Exception (): a 'com/amazon/kcfpositionmapcreator/e/b'{0x0000000712e6b360} in {method} {0x00000001326f80b8} 'g' '(Lcom/amazon/kaf/c/s;)V' in 'com/amazon/kcfpositionmapcreator/d/b' at 0x000000011d1cb838]
[5.804s][info][exceptions] 1814 [Exception (): a 'com/amazon/kcfpositionmapcreator/e/b'{0x0000000712e6da90} in {method} {0x00000001326f80b8} 'g' '(Lcom/amazon/kaf/c/s;)V' in 'com/amazon/kcfpositionmapcreator/d/b' at 0x000000011d1cb838]
[5.805s][info][exceptions] 1815 [Exception (): a 'com/amazon/kcfpositionmapcreator/e/b'{0x0000000712e9c600} in {method} {0x00000001326f80b8} 'g' '(Lcom/amazon/kaf/c/s;)V' in 'com/amazon/kcfpositionmapcreator/d/b' at 0x000000011d1cb838]
[5.805s][info][exceptions] 1816 [Exception (): a 'com/amazon/kcfpositionmapcreator/e/b'{0x0000000712e9d0f0} in {method} {0x00000001326f80b8} 'g' '(Lcom/amazon/kaf/c/s;)V' in 'com/amazon/kcfpositionmapcreator/d/b' at 0x000000011d1cb838]
[5.805s][info][exceptions] 1817 [Exception (): a 'com/amazon/kcfpositionmapcreator/e/b'{0x0000000712ea35c0} in {method} {0x00000001326f80b8} 'g' '(Lcom/amazon/kaf/c/s;)V' in 'com/amazon/kcfpositionmapcreator/d/b' at 0x000000011d1cb838]
[5.806s][info][exceptions] 1818 [Exception (): a 'com/amazon/kcfpositionmapcreator/e/b'{0x0000000712eaa480} in {method} {0x00000001326f80b8} 'g' '(Lcom/amazon/kaf/c/s;)V' in 'com/amazon/kcfpositionmapcreator/d/b' at 0x000000011d1cb838]
[5.806s][info][exceptions] 1819 [Exception (): a 'com/amazon/kcfpositionmapcreator/e/b'{0x0000000712eacaf0} in {method} {0x00000001326f80b8} 'g' '(Lcom/amazon/kaf/c/s;)V' in 'com/amazon/kcfpositionmapcreator/d/b' at 0x000000011d1cb838]
[5.807s][info][exceptions] 1820 [Exception (): a 'com/amazon/kcfpositionmapcreator/e/b'{0x0000000712ed5be8} in {method} {0x00000001326f80b8} 'g' '(Lcom/amazon/kaf/c/s;)V' in 'com/amazon/kcfpositionmapcreator/d/b' at 0x000000011d1cb838]
[5.807s][info][exceptions] 1821 [Exception (): a 'com/amazon/kcfpositionmapcreator/e/b'{0x0000000712ed66d8} in {method} {0x00000001326f80b8} 'g' '(Lcom/amazon/kaf/c/s;)V' in 'com/amazon/kcfpositionmapcreator/d/b' at 0x000000011d1cb838]
[5.807s][info][exceptions] 1822 [Exception (): a 'com/amazon/kcfpositionmapcreator/e/b'{0x0000000712edd288} in {method} {0x00000001326f80b8} 'g' '(Lcom/amazon/kaf/c/s;)V' in 'com/amazon/kcfpositionmapcreator/d/b' at 0x000000011d1cb838]
[5.807s][info][exceptions] 1823 [Exception (): a 'com/amazon/kcfpositionmapcreator/e/b'{0x0000000712ee2088} in {method} {0x00000001326f80b8} 'g' '(Lcom/amazon/kaf/c/s;)V' in 'com/amazon/kcfpositionmapcreator/d/b' at 0x000000011d1cb838]
[5.807s][info][exceptions] 1824 [Exception (): a 'com/amazon/kcfpositionmapcreator/e/b'{0x0000000712ee4be8} in {method} {0x00000001326f80b8} 'g' '(Lcom/amazon/kaf/c/s;)V' in 'com/amazon/kcfpositionmapcreator/d/b' at 0x000000011d1cb838]
[5.809s][info][exceptions] 1825 [Exception (): a 'com/amazon/kcfpositionmapcreator/e/b'{0x0000000712d14500} in {method} {0x00000001326f80b8} 'g' '(Lcom/amazon/kaf/c/s;)V' in 'com/amazon/kcfpositionmapcreator/d/b' at 0x000000011d1cb838]
[5.810s][info][exceptions] 1826 [Exception (): a 'com/amazon/kcfpositionmapcreator/e/b'{0x0000000712d4b6a8} in {method} {0x00000001326f80b8} 'g' '(Lcom/amazon/kaf/c/s;)V' in 'com/amazon/kcfpositionmapcreator/d/b' at 0x000000011d1cb838]
[5.810s][info][exceptions] 1827 [Exception (): a 'com/amazon/kcfpositionmapcreator/e/b'{0x0000000712d4c118} in {method} {0x00000001326f80b8} 'g' '(Lcom/amazon/kaf/c/s;)V' in 'com/amazon/kcfpositionmapcreator/d/b' at 0x000000011d1cb838]
[5.810s][info][exceptions] 1828 [Exception (): a 'com/amazon/kcfpositionmapcreator/e/b'{0x0000000712d4cd38} in {method} {0x00000001326f80b8} 'g' '(Lcom/amazon/kaf/c/s;)V' in 'com/amazon/kcfpositionmapcreator/d/b' at 0x000000011d1cb838]
[5.810s][info][exceptions] 1829 [Exception (): a 'com/amazon/kcfpositionmapcreator/e/b'{0x0000000712d4d828} in {method} {0x00000001326f80b8} 'g' '(Lcom/amazon/kaf/c/s;)V' in 'com/amazon/kcfpositionmapcreator/d/b' at 0x000000011d1cb838]
[5.811s][info][exceptions] 1830 [Exception (): a 'com/amazon/kcfpositionmapcreator/e/b'{0x0000000712d50388} in {method} {0x00000001326f80b8} 'g' '(Lcom/amazon/kaf/c/s;)V' in 'com/amazon/kcfpositionmapcreator/d/b' at 0x000000011d1cb838]
[5.811s][info][exceptions] 1831 [Exception (): a 'com/amazon/kcfpositionmapcreator/e/b'{0x0000000712d59b40} in {method} {0x00000001326f80b8} 'g' '(Lcom/amazon/kaf/c/s;)V' in 'com/amazon/kcfpositionmapcreator/d/b' at 0x000000011d1cb838]
[5.811s][info][exceptions] 1832 [Exception (): a 'com/amazon/kcfpositionmapcreator/e/b'{0x0000000712d65ff8} in {method} {0x00000001326f80b8} 'g' '(Lcom/amazon/kaf/c/s;)V' in 'com/amazon/kcfpositionmapcreator/d/b' at 0x000000011d1cb838]
[5.812s][info][exceptions] 1833 [Exception (): a 'com/amazon/kcfpositionmapcreator/e/b'{0x0000000712d73ec8} in {method} {0x00000001326f80b8} 'g' '(Lcom/amazon/kaf/c/s;)V' in 'com/amazon/kcfpositionmapcreator/d/b' at 0x000000011d1cb838]
[5.812s][info][exceptions] 1834 [Exception (): a 'com/amazon/kcfpositionmapcreator/e/b'{0x0000000712d74ae8} in {method} {0x00000001326f80b8} 'g' '(Lcom/amazon/kaf/c/s;)V' in 'com/amazon/kcfpositionmapcreator/d/b' at 0x000000011d1cb838]
[5.812s][info][exceptions] 1835 [Exception (): a 'com/amazon/kcfpositionmapcreator/e/b'{0x0000000712d755d8} in {method} {0x00000001326f80b8} 'g' '(Lcom/amazon/kaf/c/s;)V' in 'com/amazon/kcfpositionmapcreator/d/b' at 0x000000011d1cb838]
[5.812s][info][exceptions] 1836 [Exception (): a 'com/amazon/kcfpositionmapcreator/e/b'{0x0000000712d77208} in {method} {0x00000001326f80b8} 'g' '(Lcom/amazon/kaf/c/s;)V' in 'com/amazon/kcfpositionmapcreator/d/b' at 0x000000011d1cb838]
[5.812s][info][exceptions] 1837 [Exception (): a 'com/amazon/kcfpositionmapcreator/e/b'{0x0000000712d79878} in {method} {0x00000001326f80b8} 'g' '(Lcom/amazon/kaf/c/s;)V' in 'com/amazon/kcfpositionmapcreator/d/b' at 0x000000011d1cb838]
[5.812s][info][exceptions] 1838 [Exception (): a 'com/amazon/kcfpositionmapcreator/e/b'{0x0000000712d7bee8} in {method} {0x00000001326f80b8} 'g' '(Lcom/amazon/kaf/c/s;)V' in 'com/amazon/kcfpositionmapcreator/d/b' at 0x000000011d1cb838]
[5.812s][info][exceptions] 1839 [Exception (): a 'com/amazon/kcfpositionmapcreator/e/b'{0x0000000712d7e690} in {method} {0x00000001326f80b8} 'g' '(Lcom/amazon/kaf/c/s;)V' in 'com/amazon/kcfpositionmapcreator/d/b' at 0x000000011d1cb838]
[5.812s][info][exceptions] 1840 [Exception (): a 'com/amazon/kcfpositionmapcreator/e/b'{0x0000000712d7f180} in {method} {0x00000001326f80b8} 'g' '(Lcom/amazon/kaf/c/s;)V' in 'com/amazon/kcfpositionmapcreator/d/b' at 0x000000011d1cb838]
[5.812s][info][exceptions] 1841 [Exception (): a 'com/amazon/kcfpositionmapcreator/e/b'{0x0000000712d81a40} in {method} {0x00000001326f80b8} 'g' '(Lcom/amazon/kaf/c/s;)V' in 'com/amazon/kcfpositionmapcreator/d/b' at 0x000000011d1cb838]
[5.812s][info][exceptions] 1842 [Exception (): a 'com/amazon/kcfpositionmapcreator/e/b'{0x0000000712d840b0} in {method} {0x00000001326f80b8} 'g' '(Lcom/amazon/kaf/c/s;)V' in 'com/amazon/kcfpositionmapcreator/d/b' at 0x000000011d1cb838]
[5.812s][info][exceptions] 1843 [Exception (): a 'com/amazon/kcfpositionmapcreator/e/b'{0x0000000712d86720} in {method} {0x00000001326f80b8} 'g' '(Lcom/amazon/kaf/c/s;)V' in 'com/amazon/kcfpositionmapcreator/d/b' at 0x000000011d1cb838]
[5.812s][info][exceptions] 1844 [Exception (): a 'com/amazon/kcfpositionmapcreator/e/b'{0x0000000712d88ec8} in {method} {0x00000001326f80b8} 'g' '(Lcom/amazon/kaf/c/s;)V' in 'com/amazon/kcfpositionmapcreator/d/b' at 0x000000011d1cb838]
[5.812s][info][exceptions] 1845 [Exception (): a 'com/amazon/kcfpositionmapcreator/e/b'{0x0000000712d899b8} in {method} {0x00000001326f80b8} 'g' '(Lcom/amazon/kaf/c/s;)V' in 'com/amazon/kcfpositionmapcreator/d/b' at 0x000000011d1cb838]
[5.812s][info][exceptions] 1846 [Exception (): a 'com/amazon/kcfpositionmapcreator/e/b'{0x0000000712d8b5e8} in {method} {0x00000001326f80b8} 'g' '(Lcom/amazon/kaf/c/s;)V' in 'com/amazon/kcfpositionmapcreator/d/b' at 0x000000011d1cb838]
[5.813s][info][exceptions] 1847 [Exception (): a 'com/amazon/kcfpositionmapcreator/e/b'{0x0000000712d8dc58} in {method} {0x00000001326f80b8} 'g' '(Lcom/amazon/kaf/c/s;)V' in 'com/amazon/kcfpositionmapcreator/d/b' at 0x000000011d1cb838]
[5.813s][info][exceptions] 1848 [Exception (): a 'com/amazon/kcfpositionmapcreator/e/b'{0x0000000712d902c8} in {method} {0x00000001326f80b8} 'g' '(Lcom/amazon/kaf/c/s;)V' in 'com/amazon/kcfpositionmapcreator/d/b' at 0x000000011d1cb838]
[5.813s][info][exceptions] 1849 [Exception (): a 'com/amazon/kcfpositionmapcreator/e/b'{0x0000000712d92a70} in {method} {0x00000001326f80b8} 'g' '(Lcom/amazon/kaf/c/s;)V' in 'com/amazon/kcfpositionmapcreator/d/b' at 0x000000011d1cb838]
[5.813s][info][exceptions] 1850 [Exception (): a 'com/amazon/kcfpositionmapcreator/e/b'{0x0000000712d93560} in {method} {0x00000001326f80b8} 'g' '(Lcom/amazon/kaf/c/s;)V' in 'com/amazon/kcfpositionmapcreator/d/b' at 0x000000011d1cb838]
[5.813s][info][exceptions] 1851 [Exception (): a 'com/amazon/kcfpositionmapcreator/e/b'{0x0000000712d95bd0} in {method} {0x00000001326f80b8} 'g' '(Lcom/amazon/kaf/c/s;)V' in 'com/amazon/kcfpositionmapcreator/d/b' at 0x000000011d1cb838]
[5.813s][info][exceptions] 1852 [Exception (): a 'com/amazon/kcfpositionmapcreator/e/b'{0x0000000712d98240} in {method} {0x00000001326f80b8} 'g' '(Lcom/amazon/kaf/c/s;)V' in 'com/amazon/kcfpositionmapcreator/d/b' at 0x000000011d1cb838]
[5.813s][info][exceptions] 1853 [Exception (): a 'com/amazon/kcfpositionmapcreator/e/b'{0x0000000712d9a8b0} in {method} {0x00000001326f80b8} 'g' '(Lcom/amazon/kaf/c/s;)V' in 'com/amazon/kcfpositionmapcreator/d/b' at 0x000000011d1cb838]
[5.813s][info][exceptions] 1854 [Exception (): a 'com/amazon/kcfpositionmapcreator/e/b'{0x0000000712d9d058} in {method} {0x00000001326f80b8} 'g' '(Lcom/amazon/kaf/c/s;)V' in 'com/amazon/kcfpositionmapcreator/d/b' at 0x000000011d1cb838]
[5.813s][info][exceptions] 1855 [Exception (): a 'com/amazon/kcfpositionmapcreator/e/b'{0x0000000712d9db48} in {method} {0x00000001326f80b8} 'g' '(Lcom/amazon/kaf/c/s;)V' in 'com/amazon/kcfpositionmapcreator/d/b' at 0x000000011d1cb838]
[5.814s][info][exceptions] 1856 [Exception (): a 'com/amazon/kcfpositionmapcreator/e/b'{0x0000000712d9fcc8} in {method} {0x00000001326f80b8} 'g' '(Lcom/amazon/kaf/c/s;)V' in 'com/amazon/kcfpositionmapcreator/d/b' at 0x000000011d1cb838]
[5.814s][info][exceptions] 1857 [Exception (): a 'com/amazon/kcfpositionmapcreator/e/b'{0x0000000712da2828} in {method} {0x00000001326f80b8} 'g' '(Lcom/amazon/kaf/c/s;)V' in 'com/amazon/kcfpositionmapcreator/d/b' at 0x000000011d1cb838]
[5.814s][info][exceptions] 1858 [Exception (): a 'com/amazon/kcfpositionmapcreator/e/b'{0x0000000712da4e98} in {method} {0x00000001326f80b8} 'g' '(Lcom/amazon/kaf/c/s;)V' in 'com/amazon/kcfpositionmapcreator/d/b' at 0x000000011d1cb838]
[5.815s][info][exceptions] 1859 [Exception (): a 'com/amazon/kcfpositionmapcreator/e/b'{0x0000000712dcfe78} in {method} {0x00000001326f80b8} 'g' '(Lcom/amazon/kaf/c/s;)V' in 'com/amazon/kcfpositionmapcreator/d/b' at 0x000000011d1cb838]
[5.815s][info][exceptions] 1860 [Exception (): a 'com/amazon/kcfpositionmapcreator/e/b'{0x0000000712dd08e8} in {method} {0x00000001326f80b8} 'g' '(Lcom/amazon/kaf/c/s;)V' in 'com/amazon/kcfpositionmapcreator/d/b' at 0x000000011d1cb838]
[5.815s][info][exceptions] 1861 [Exception (): a 'com/amazon/kcfpositionmapcreator/e/b'{0x0000000712dd13e8} in {method} {0x00000001326f80b8} 'g' '(Lcom/amazon/kaf/c/s;)V' in 'com/amazon/kcfpositionmapcreator/d/b' at 0x000000011d1cb838]
[5.815s][info][exceptions] 1862 [Exception (): a 'com/amazon/kcfpositionmapcreator/e/b'{0x0000000712dd1ed8} in {method} {0x00000001326f80b8} 'g' '(Lcom/amazon/kaf/c/s;)V' in 'com/amazon/kcfpositionmapcreator/d/b' at 0x000000011d1cb838]
[5.815s][info][exceptions] 1863 [Exception (): a 'com/amazon/kcfpositionmapcreator/e/b'{0x0000000712dd3b08} in {method} {0x00000001326f80b8} 'g' '(Lcom/amazon/kaf/c/s;)V' in 'com/amazon/kcfpositionmapcreator/d/b' at 0x000000011d1cb838]
[5.815s][info][exceptions] 1864 [Exception (): a 'com/amazon/kcfpositionmapcreator/e/b'{0x0000000712dd7ad0} in {method} {0x00000001326f80b8} 'g' '(Lcom/amazon/kaf/c/s;)V' in 'com/amazon/kcfpositionmapcreator/d/b' at 0x000000011d1cb838]
[5.815s][info][exceptions] 1865 [Exception (): a 'com/amazon/kcfpositionmapcreator/e/b'{0x0000000712dd85d0} in {method} {0x00000001326f80b8} 'g' '(Lcom/amazon/kaf/c/s;)V' in 'com/amazon/kcfpositionmapcreator/d/b' at 0x000000011d1cb838]
[5.815s][info][exceptions] 1866 [Exception (): a 'com/amazon/kcfpositionmapcreator/e/b'{0x0000000712dd90c0} in {method} {0x00000001326f80b8} 'g' '(Lcom/amazon/kaf/c/s;)V' in 'com/amazon/kcfpositionmapcreator/d/b' at 0x000000011d1cb838]
[5.816s][info][exceptions] 1867 [Exception (): a 'com/amazon/kcfpositionmapcreator/e/b'{0x0000000712ddacf0} in {method} {0x00000001326f80b8} 'g' '(Lcom/amazon/kaf/c/s;)V' in 'com/amazon/kcfpositionmapcreator/d/b' at 0x000000011d1cb838]
[5.816s][info][exceptions] 1868 [Exception (): a 'com/amazon/kcfpositionmapcreator/e/b'{0x0000000712defc68} in {method} {0x00000001326f80b8} 'g' '(Lcom/amazon/kaf/c/s;)V' in 'com/amazon/kcfpositionmapcreator/d/b' at 0x000000011d1cb838]
[5.816s][info][exceptions] 1869 [Exception (): a 'com/amazon/kcfpositionmapcreator/e/b'{0x0000000712df0758} in {method} {0x00000001326f80b8} 'g' '(Lcom/amazon/kaf/c/s;)V' in 'com/amazon/kcfpositionmapcreator/d/b' at 0x000000011d1cb838]
[5.816s][info][exceptions] 1870 [Exception (): a 'com/amazon/kcfpositionmapcreator/e/b'{0x0000000712df2388} in {method} {0x00000001326f80b8} 'g' '(Lcom/amazon/kaf/c/s;)V' in 'com/amazon/kcfpositionmapcreator/d/b' at 0x000000011d1cb838]
[5.817s][info][exceptions] 1871 [Exception (): a 'com/amazon/kcfpositionmapcreator/e/b'{0x0000000712c08f78} in {method} {0x00000001326f80b8} 'g' '(Lcom/amazon/kaf/c/s;)V' in 'com/amazon/kcfpositionmapcreator/d/b' at 0x000000011d1cb838]
[5.817s][info][exceptions] 1872 [Exception (): a 'com/amazon/kcfpositionmapcreator/e/b'{0x0000000712c09a68} in {method} {0x00000001326f80b8} 'g' '(Lcom/amazon/kaf/c/s;)V' in 'com/amazon/kcfpositionmapcreator/d/b' at 0x000000011d1cb838]
[5.817s][info][exceptions] 1873 [Exception (): a 'com/amazon/kcfpositionmapcreator/e/b'{0x0000000712c0b698} in {method} {0x00000001326f80b8} 'g' '(Lcom/amazon/kaf/c/s;)V' in 'com/amazon/kcfpositionmapcreator/d/b' at 0x000000011d1cb838]
[5.860s][info][exceptions] Exception <a 'java/lang/NullPointerException'{0x00000007127a5800}>
 thrown in interpreter method <{method} {0x000000012fc9f110} 'c' '(Lcom/amazon/i/b;)Ljava/util/ResourceBundle;' in 'com/amazon/G/a'>
 at bci 22 for thread 0x00007fc978012000 (main)
[5.860s][info][exceptions] Exception <a 'java/lang/NullPointerException'{0x00000007127a5800}>
 thrown in interpreter method <{method} {0x000000012fc9f760} 'e' '(Lcom/amazon/i/b;)Ljava/lang/String;' in 'com/amazon/G/a'>
 at bci 5 for thread 0x00007fc978012000 (main)
