[0.536s][info][exceptions] Exception <a 'java/lang/NoSuchMethodException'{0x000000070f729260}: com.amazon.kaf.c.b.getValueStr()>
 thrown in interpreter method <{method} {0x000000012cde0e78} 'getDeclaredMethod' '(Ljava/lang/String;[Ljava/lang/Class;)Ljava/lang/reflect/Method;' in 'java/lang/Class'>
 at bci 53 for thread 0x00007ff00300f000 (main)
[0.536s][info][exceptions] Exception <a 'java/lang/NoSuchMethodException'{0x000000070f729260}: com.amazon.kaf.c.b.getValueStr()>
 thrown in interpreter method <{method} {0x000000012d52b0b8} '<init>' '(Ljava/lang/Class;)V' in 'com/amazon/kaf/c/c'>
 at bci 89 for thread 0x00007ff00300f000 (main)
[0.545s][info][exceptions] Exception <a 'java/lang/NullPointerException'{0x000000070f773fa8}>
 thrown in interpreter method <{method} {0x000000012d49f190} 'c' '(Lcom/amazon/i/b;)Ljava/util/ResourceBundle;' in 'com/amazon/G/a'>
 at bci 22 for thread 0x00007ff00300f000 (main)
[0.545s][info][exceptions] Exception <a 'java/lang/NullPointerException'{0x000000070f773fa8}>
 thrown in interpreter method <{method} {0x000000012d49f7e0} 'e' '(Lcom/amazon/i/b;)Ljava/lang/String;' in 'com/amazon/G/a'>
 at bci 5 for thread 0x00007ff00300f000 (main)
[0.596s][info][exceptions] Exception <a 'java/lang/NoSuchMethodError'{0x000000070f6c0838}: 'int java.lang.invoke.DirectMethodHandle$Holder.invokeSpecialIFC(java.lang.Object, java.lang.Object, int)'> (0x000000070f6c0838) 
thrown [/corretto/workspace/corretto11-repo/installers/mac/tar/corretto-build/buildRoot/src/src/hotspot/share/interpreter/linkResolver.cpp, line 773]
for thread 0x00007ff00300f000
[0.606s][info][exceptions] Exception <a 'java/lang/ClassNotFoundException'{0x000000070f501bd0}: sun.reflect.Reflection>
 thrown in interpreter method <{method} {0x000000012ce86408} 'loadClass' '(Ljava/lang/String;Z)Ljava/lang/Class;' in 'jdk/internal/loader/BuiltinClassLoader'>
 at bci 19 for thread 0x00007ff00300f000 (main)
[0.606s][info][exceptions] Exception <a 'java/lang/ClassNotFoundException'{0x000000070f501bd0}: sun.reflect.Reflection>
 thrown in interpreter method <{method} {0x000000012ce83868} 'loadClass' '(Ljava/lang/String;Z)Ljava/lang/Class;' in 'jdk/internal/loader/ClassLoaders$AppClassLoader'>
 at bci 36 for thread 0x00007ff00300f000 (main)
[0.606s][info][exceptions] Exception <a 'java/lang/ClassNotFoundException'{0x000000070f501bd0}: sun.reflect.Reflection>
 thrown in interpreter method <{method} {0x000000012cde7cf0} 'loadClass' '(Ljava/lang/String;)Ljava/lang/Class;' in 'java/lang/ClassLoader'>
 at bci 3 for thread 0x00007ff00300f000 (main)
[0.606s][info][exceptions] Exception <a 'java/lang/ClassNotFoundException'{0x000000070f501bd0}: sun.reflect.Reflection>
 thrown in interpreter method <{method} {0x000000012cddde80} 'forName0' '(Ljava/lang/String;ZLjava/lang/ClassLoader;Ljava/lang/Class;)Ljava/lang/Class;' in 'java/lang/Class'>
 at bci 0 for thread 0x00007ff00300f000 (main)
[0.606s][info][exceptions] Exception <a 'java/lang/ClassNotFoundException'{0x000000070f501bd0}: sun.reflect.Reflection>
 thrown in interpreter method <{method} {0x000000012cddddd0} 'forName' '(Ljava/lang/String;ZLjava/lang/ClassLoader;)Ljava/lang/Class;' in 'java/lang/Class'>
 at bci 43 for thread 0x00007ff00300f000 (main)
[0.606s][info][exceptions] Exception <a 'java/lang/ClassNotFoundException'{0x000000070f501bd0}: sun.reflect.Reflection>
 thrown in interpreter method <{method} {0x000000010dadca48} '<clinit>' '()V' in 'org/apache/logging/log4j/util/StackLocator'>
 at bci 18 for thread 0x00007ff00300f000 (main)
[0.610s][info][exceptions] Exception <a 'java/lang/ClassNotFoundException'{0x000000070f509cf0}: org.osgi.framework.FrameworkUtil>
 thrown in interpreter method <{method} {0x000000012ce86408} 'loadClass' '(Ljava/lang/String;Z)Ljava/lang/Class;' in 'jdk/internal/loader/BuiltinClassLoader'>
 at bci 19 for thread 0x00007ff00300f000 (main)
[0.610s][info][exceptions] Exception <a 'java/lang/ClassNotFoundException'{0x000000070f509cf0}: org.osgi.framework.FrameworkUtil>
 thrown in interpreter method <{method} {0x000000012ce83868} 'loadClass' '(Ljava/lang/String;Z)Ljava/lang/Class;' in 'jdk/internal/loader/ClassLoaders$AppClassLoader'>
 at bci 36 for thread 0x00007ff00300f000 (main)
[0.610s][info][exceptions] Exception <a 'java/lang/ClassNotFoundException'{0x000000070f509cf0}: org.osgi.framework.FrameworkUtil>
 thrown in interpreter method <{method} {0x000000012cde7cf0} 'loadClass' '(Ljava/lang/String;)Ljava/lang/Class;' in 'java/lang/ClassLoader'>
 at bci 3 for thread 0x00007ff00300f000 (main)
[0.610s][info][exceptions] Exception <a 'java/lang/ClassNotFoundException'{0x000000070f509cf0}: org.osgi.framework.FrameworkUtil>
 thrown in interpreter method <{method} {0x000000012cddde80} 'forName0' '(Ljava/lang/String;ZLjava/lang/ClassLoader;Ljava/lang/Class;)Ljava/lang/Class;' in 'java/lang/Class'>
 at bci 0 for thread 0x00007ff00300f000 (main)
[0.610s][info][exceptions] Exception <a 'java/lang/ClassNotFoundException'{0x000000070f509cf0}: org.osgi.framework.FrameworkUtil>
 thrown in interpreter method <{method} {0x000000012cdddce8} 'forName' '(Ljava/lang/String;)Ljava/lang/Class;' in 'java/lang/Class'>
 at bci 11 for thread 0x00007ff00300f000 (main)
[0.610s][info][exceptions] Exception <a 'java/lang/ClassNotFoundException'{0x000000070f509cf0}: org.osgi.framework.FrameworkUtil>
 thrown in interpreter method <{method} {0x000000010dadde20} 'checkOsgiAvailable' '()Z' in 'org/apache/logging/log4j/util/OsgiServiceLocator'>
 at bci 2 for thread 0x00007ff00300f000 (main)
[0.631s][info][exceptions] Exception <a 'java/lang/NoSuchMethodError'{0x000000070f590368}: 'int java.lang.invoke.DirectMethodHandle$Holder.invokeStaticInit(java.lang.Object)'> (0x000000070f590368) 
thrown [/corretto/workspace/corretto11-repo/installers/mac/tar/corretto-build/buildRoot/src/src/hotspot/share/interpreter/linkResolver.cpp, line 773]
for thread 0x00007ff00300f000
[0.654s][info][exceptions] Exception <a 'java/lang/ClassNotFoundException'{0x000000070f45d040}: javax.servlet.Servlet>
 thrown in interpreter method <{method} {0x000000012ce86408} 'loadClass' '(Ljava/lang/String;Z)Ljava/lang/Class;' in 'jdk/internal/loader/BuiltinClassLoader'>
 at bci 19 for thread 0x00007ff00300f000 (main)
[0.654s][info][exceptions] Exception <a 'java/lang/ClassNotFoundException'{0x000000070f45d040}: javax.servlet.Servlet>
 thrown in interpreter method <{method} {0x000000012ce83868} 'loadClass' '(Ljava/lang/String;Z)Ljava/lang/Class;' in 'jdk/internal/loader/ClassLoaders$AppClassLoader'>
 at bci 36 for thread 0x00007ff00300f000 (main)
[0.654s][info][exceptions] Exception <a 'java/lang/ClassNotFoundException'{0x000000070f45d040}: javax.servlet.Servlet>
 thrown in interpreter method <{method} {0x000000012cde7cf0} 'loadClass' '(Ljava/lang/String;)Ljava/lang/Class;' in 'java/lang/ClassLoader'>
 at bci 3 for thread 0x00007ff00300f000 (main)
[0.654s][info][exceptions] Exception <a 'java/lang/ClassNotFoundException'{0x000000070f45d040}: javax.servlet.Servlet>
 thrown in interpreter method <{method} {0x000000012cddde80} 'forName0' '(Ljava/lang/String;ZLjava/lang/ClassLoader;Ljava/lang/Class;)Ljava/lang/Class;' in 'java/lang/Class'>
 at bci 0 for thread 0x00007ff00300f000 (main)
[0.654s][info][exceptions] Exception <a 'java/lang/ClassNotFoundException'{0x000000070f45d040}: javax.servlet.Servlet>
 thrown in interpreter method <{method} {0x000000012cddddd0} 'forName' '(Ljava/lang/String;ZLjava/lang/ClassLoader;)Ljava/lang/Class;' in 'java/lang/Class'>
 at bci 43 for thread 0x00007ff00300f000 (main)
[0.654s][info][exceptions] Exception <a 'java/lang/ClassNotFoundException'{0x000000070f45d040}: javax.servlet.Servlet>
 thrown in interpreter method <{method} {0x000000010db1b1d0} 'loadClass' '(Ljava/lang/String;)Ljava/lang/Class;' in 'org/apache/logging/log4j/util/LoaderUtil'>
 at bci 27 for thread 0x00007ff00300f000 (main)
[0.654s][info][exceptions] Exception <a 'java/lang/ClassNotFoundException'{0x000000070f45d040}: javax.servlet.Servlet>
 thrown in interpreter method <{method} {0x000000010db2d998} 'isClassAvailable' '(Ljava/lang/String;)Z' in 'org/apache/logging/log4j/util/Constants'>
 at bci 1 for thread 0x00007ff00300f000 (main)
[0.654s][info][exceptions] Exception <a 'java/lang/ClassNotFoundException'{0x000000070f45ea10}: jakarta.servlet.Servlet>
 thrown in interpreter method <{method} {0x000000012ce86408} 'loadClass' '(Ljava/lang/String;Z)Ljava/lang/Class;' in 'jdk/internal/loader/BuiltinClassLoader'>
 at bci 19 for thread 0x00007ff00300f000 (main)
[0.654s][info][exceptions] Exception <a 'java/lang/ClassNotFoundException'{0x000000070f45ea10}: jakarta.servlet.Servlet>
 thrown in interpreter method <{method} {0x000000012ce83868} 'loadClass' '(Ljava/lang/String;Z)Ljava/lang/Class;' in 'jdk/internal/loader/ClassLoaders$AppClassLoader'>
 at bci 36 for thread 0x00007ff00300f000 (main)
[0.654s][info][exceptions] Exception <a 'java/lang/ClassNotFoundException'{0x000000070f45ea10}: jakarta.servlet.Servlet>
 thrown in interpreter method <{method} {0x000000012cde7cf0} 'loadClass' '(Ljava/lang/String;)Ljava/lang/Class;' in 'java/lang/ClassLoader'>
 at bci 3 for thread 0x00007ff00300f000 (main)
[0.654s][info][exceptions] Exception <a 'java/lang/ClassNotFoundException'{0x000000070f45ea10}: jakarta.servlet.Servlet>
 thrown in interpreter method <{method} {0x000000012cddde80} 'forName0' '(Ljava/lang/String;ZLjava/lang/ClassLoader;Ljava/lang/Class;)Ljava/lang/Class;' in 'java/lang/Class'>
 at bci 0 for thread 0x00007ff00300f000 (main)
[0.654s][info][exceptions] Exception <a 'java/lang/ClassNotFoundException'{0x000000070f45ea10}: jakarta.servlet.Servlet>
 thrown in interpreter method <{method} {0x000000012cddddd0} 'forName' '(Ljava/lang/String;ZLjava/lang/ClassLoader;)Ljava/lang/Class;' in 'java/lang/Class'>
 at bci 43 for thread 0x00007ff00300f000 (main)
[0.654s][info][exceptions] Exception <a 'java/lang/ClassNotFoundException'{0x000000070f45ea10}: jakarta.servlet.Servlet>
 thrown in interpreter method <{method} {0x000000010db1b1d0} 'loadClass' '(Ljava/lang/String;)Ljava/lang/Class;' in 'org/apache/logging/log4j/util/LoaderUtil'>
 at bci 27 for thread 0x00007ff00300f000 (main)
[0.654s][info][exceptions] Exception <a 'java/lang/ClassNotFoundException'{0x000000070f45ea10}: jakarta.servlet.Servlet>
 thrown in interpreter method <{method} {0x000000010db2d998} 'isClassAvailable' '(Ljava/lang/String;)Z' in 'org/apache/logging/log4j/util/Constants'>
 at bci 1 for thread 0x00007ff00300f000 (main)
[0.678s][info][exceptions] Exception <a 'java/lang/NoSuchMethodError'{0x000000070f38bf28}: 'java.lang.Object java.lang.invoke.Invokers$Holder.linkToTargetMethod(java.lang.Object, java.lang.Object, int, int, java.lang.Object, java.lang.Object)'> (0x000000070f38bf28) 
thrown [/corretto/workspace/corretto11-repo/installers/mac/tar/corretto-build/buildRoot/src/src/hotspot/share/interpreter/linkResolver.cpp, line 773]
for thread 0x00007ff00300f000
[0.679s][info][exceptions] Exception <a 'java/lang/ClassNotFoundException'{0x000000070f390f30}: com.amazon.logging.AlwaysTimeBasedTriggeringPolicy>
 thrown in interpreter method <{method} {0x000000012ce86408} 'loadClass' '(Ljava/lang/String;Z)Ljava/lang/Class;' in 'jdk/internal/loader/BuiltinClassLoader'>
 at bci 19 for thread 0x00007ff00300f000 (main)
[0.679s][info][exceptions] Exception <a 'java/lang/ClassNotFoundException'{0x000000070f390f30}: com.amazon.logging.AlwaysTimeBasedTriggeringPolicy>
 thrown in interpreter method <{method} {0x000000012ce83868} 'loadClass' '(Ljava/lang/String;Z)Ljava/lang/Class;' in 'jdk/internal/loader/ClassLoaders$AppClassLoader'>
 at bci 36 for thread 0x00007ff00300f000 (main)
[0.679s][info][exceptions] Exception <a 'java/lang/ClassNotFoundException'{0x000000070f390f30}: com.amazon.logging.AlwaysTimeBasedTriggeringPolicy>
 thrown in compiled method <{method} {0x000000012cde7cf0} 'loadClass' '(Ljava/lang/String;)Ljava/lang/Class;' in 'java/lang/ClassLoader'>
 at PC0x000000011346b7c4 for thread 0x00007ff00300f000
[0.679s][info][exceptions] Thread 0x00007ff00300f000 continuing at PC 0x000000011346b7f7 for exception thrown at PC 0x000000011346b7c4
[0.679s][info][exceptions] Exception <a 'java/lang/ClassNotFoundException'{0x000000070f390f30}: com.amazon.logging.AlwaysTimeBasedTriggeringPolicy>
 thrown in interpreter method <{method} {0x000000010db80fb0} 'decodeCacheFiles' '(Ljava/lang/ClassLoader;)Ljava/util/Map;' in 'org/apache/logging/log4j/core/config/plugins/util/PluginRegistry'>
 at bci 234 for thread 0x00007ff00300f000 (main)
[0.679s][info][exceptions] Exception <a 'java/lang/ClassNotFoundException'{0x000000070f392fa0}: com.amazon.logging.AmazonRollingRandomAccessFileAppender>
 thrown in interpreter method <{method} {0x000000012ce86408} 'loadClass' '(Ljava/lang/String;Z)Ljava/lang/Class;' in 'jdk/internal/loader/BuiltinClassLoader'>
 at bci 19 for thread 0x00007ff00300f000 (main)
[0.679s][info][exceptions] Exception <a 'java/lang/ClassNotFoundException'{0x000000070f392fa0}: com.amazon.logging.AmazonRollingRandomAccessFileAppender>
 thrown in interpreter method <{method} {0x000000012ce83868} 'loadClass' '(Ljava/lang/String;Z)Ljava/lang/Class;' in 'jdk/internal/loader/ClassLoaders$AppClassLoader'>
 at bci 36 for thread 0x00007ff00300f000 (main)
[0.679s][info][exceptions] Exception <a 'java/lang/ClassNotFoundException'{0x000000070f392fa0}: com.amazon.logging.AmazonRollingRandomAccessFileAppender>
 thrown in interpreter method <{method} {0x000000010db80fb0} 'decodeCacheFiles' '(Ljava/lang/ClassLoader;)Ljava/util/Map;' in 'org/apache/logging/log4j/core/config/plugins/util/PluginRegistry'>
 at bci 234 for thread 0x00007ff00300f000 (main)
[0.679s][info][exceptions] Exception <a 'java/lang/ClassNotFoundException'{0x000000070f394cb0}: com.amazon.logging.DoNothingRolloverStrategy>
 thrown in interpreter method <{method} {0x000000012ce86408} 'loadClass' '(Ljava/lang/String;Z)Ljava/lang/Class;' in 'jdk/internal/loader/BuiltinClassLoader'>
 at bci 19 for thread 0x00007ff00300f000 (main)
[0.679s][info][exceptions] Exception <a 'java/lang/ClassNotFoundException'{0x000000070f394cb0}: com.amazon.logging.DoNothingRolloverStrategy>
 thrown in interpreter method <{method} {0x000000012ce83868} 'loadClass' '(Ljava/lang/String;Z)Ljava/lang/Class;' in 'jdk/internal/loader/ClassLoaders$AppClassLoader'>
 at bci 36 for thread 0x00007ff00300f000 (main)
[0.679s][info][exceptions] Exception <a 'java/lang/ClassNotFoundException'{0x000000070f394cb0}: com.amazon.logging.DoNothingRolloverStrategy>
 thrown in interpreter method <{method} {0x000000010db80fb0} 'decodeCacheFiles' '(Ljava/lang/ClassLoader;)Ljava/util/Map;' in 'org/apache/logging/log4j/core/config/plugins/util/PluginRegistry'>
 at bci 234 for thread 0x00007ff00300f000 (main)
[0.680s][info][exceptions] Exception <a 'java/lang/ClassNotFoundException'{0x000000070f396828}: com.amazon.logging.ThrottlingPolicy>
 thrown in interpreter method <{method} {0x000000012ce86408} 'loadClass' '(Ljava/lang/String;Z)Ljava/lang/Class;' in 'jdk/internal/loader/BuiltinClassLoader'>
 at bci 19 for thread 0x00007ff00300f000 (main)
[0.680s][info][exceptions] Exception <a 'java/lang/ClassNotFoundException'{0x000000070f396828}: com.amazon.logging.ThrottlingPolicy>
 thrown in interpreter method <{method} {0x000000012ce83868} 'loadClass' '(Ljava/lang/String;Z)Ljava/lang/Class;' in 'jdk/internal/loader/ClassLoaders$AppClassLoader'>
 at bci 36 for thread 0x00007ff00300f000 (main)
[0.680s][info][exceptions] Exception <a 'java/lang/ClassNotFoundException'{0x000000070f396828}: com.amazon.logging.ThrottlingPolicy>
 thrown in interpreter method <{method} {0x000000010db80fb0} 'decodeCacheFiles' '(Ljava/lang/ClassLoader;)Ljava/util/Map;' in 'org/apache/logging/log4j/core/config/plugins/util/PluginRegistry'>
 at bci 234 for thread 0x00007ff00300f000 (main)
[0.822s][info][exceptions] Exception <a 'java/net/MalformedURLException'{0x000000070ef15158}: no protocol: /Applications/Kindle Previewer 4.app/Contents/MacOS/../Resources/KFXGen/lib/EpubToKFXConverter-4.0.jar>
 thrown in compiled method <{method} {0x000000012ce7ec18} '<init>' '(Ljava/net/URL;Ljava/lang/String;Ljava/net/URLStreamHandler;)V' in 'java/net/URL'>
 at PC0x0000000113493a84 for thread 0x00007ff00300f000
[0.822s][info][exceptions] Thread 0x00007ff00300f000 continuing at PC 0x0000000113493e69 for exception thrown at PC 0x0000000113493a84
[0.822s][info][exceptions] Exception <a 'java/net/MalformedURLException'{0x000000070ef15158}: no protocol: /Applications/Kindle Previewer 4.app/Contents/MacOS/../Resources/KFXGen/lib/EpubToKFXConverter-4.0.jar>
 thrown in compiled method <{method} {0x000000012ce7e950} '<init>' '(Ljava/net/URL;Ljava/lang/String;)V' in 'java/net/URL'>
 at PC0x000000011349763c for thread 0x00007ff00300f000
[0.822s][info][exceptions] Thread 0x00007ff00300f000 continuing at PC 0x000000011349766c for exception thrown at PC 0x000000011349763c
[0.822s][info][exceptions] Exception <a 'java/net/MalformedURLException'{0x000000070ef15158}: no protocol: /Applications/Kindle Previewer 4.app/Contents/MacOS/../Resources/KFXGen/lib/EpubToKFXConverter-4.0.jar>
 thrown in interpreter method <{method} {0x000000012ce7e8b0} '<init>' '(Ljava/lang/String;)V' in 'java/net/URL'>
 at bci 3 for thread 0x00007ff00300f000 (main)
[0.822s][info][exceptions] Exception <a 'java/net/MalformedURLException'{0x000000070ef15158}: no protocol: /Applications/Kindle Previewer 4.app/Contents/MacOS/../Resources/KFXGen/lib/EpubToKFXConverter-4.0.jar>
 thrown in interpreter method <{method} {0x000000010dc6aaf0} 't' '(Ljava/lang/String;)Ljava/util/jar/JarInputStream;' in 'a/c/a/e'>
 at bci 23 for thread 0x00007ff00300f000 (main)
[1.783s][info][exceptions] Exception <a 'java/lang/NoSuchMethodError'{0x000000070804df48}: 'void java.lang.invoke.DirectMethodHandle$Holder.invokeStaticInit(java.lang.Object, java.lang.Object)'> (0x000000070804df48) 
thrown [/corretto/workspace/corretto11-repo/installers/mac/tar/corretto-build/buildRoot/src/src/hotspot/share/interpreter/linkResolver.cpp, line 773]
for thread 0x00007ff00300f000
[1.789s][info][exceptions] Exception <a 'java/lang/NoSuchMethodError'{0x0000000708089d10}: 'java.lang.Object java.lang.invoke.DirectMethodHandle$Holder.newInvokeSpecial(java.lang.Object, int, java.lang.Object)'> (0x0000000708089d10) 
thrown [/corretto/workspace/corretto11-repo/installers/mac/tar/corretto-build/buildRoot/src/src/hotspot/share/interpreter/linkResolver.cpp, line 773]
for thread 0x00007ff00300f000
[1.827s][info][exceptions] Exception <a 'java/lang/NoSuchMethodError'{0x0000000707fdcf98}: 'java.lang.Object java.lang.invoke.DirectMethodHandle$Holder.invokeStaticInit(java.lang.Object, java.lang.Object, java.lang.Object)'> (0x0000000707fdcf98) 
thrown [/corretto/workspace/corretto11-repo/installers/mac/tar/corretto-build/buildRoot/src/src/hotspot/share/interpreter/linkResolver.cpp, line 773]
for thread 0x00007ff00300f000
[1.936s][info][exceptions] Exception <a 'java/lang/NoSuchMethodError'{0x0000000707b5d790}: 'java.lang.Object java.lang.invoke.DirectMethodHandle$Holder.invokeStatic(java.lang.Object, java.lang.Object, java.lang.Object, java.lang.Object, java.lang.Object, java.lang.Object, java.lang.Object, java.lang.Object, java.lang.Object, java.lang.Object, java.lang.Object, java.lang.Object, java.lang.Object, java.lang.Object, java.lang.Object)'> (0x0000000707b5d790) 
thrown [/corretto/workspace/corretto11-repo/installers/mac/tar/corretto-build/buildRoot/src/src/hotspot/share/interpreter/linkResolver.cpp, line 773]
for thread 0x00007ff00300f000
[1.942s][info][exceptions] Exception <a 'java/lang/NoSuchMethodError'{0x0000000707b6b340}: 'java.lang.Object java.lang.invoke.DirectMethodHandle$Holder.invokeStatic(java.lang.Object, java.lang.Object, java.lang.Object, java.lang.Object, java.lang.Object, java.lang.Object, java.lang.Object, java.lang.Object, java.lang.Object, java.lang.Object, java.lang.Object, java.lang.Object, java.lang.Object, java.lang.Object, java.lang.Object, java.lang.Object)'> (0x0000000707b6b340) 
thrown [/corretto/workspace/corretto11-repo/installers/mac/tar/corretto-build/buildRoot/src/src/hotspot/share/interpreter/linkResolver.cpp, line 773]
for thread 0x00007ff00300f000
[1.945s][info][exceptions] Exception <a 'java/lang/NoSuchMethodError'{0x0000000707b78fb0}: 'java.lang.Object java.lang.invoke.DirectMethodHandle$Holder.invokeSpecial(java.lang.Object, java.lang.Object, int, int, java.lang.Object, java.lang.Object, java.lang.Object)'> (0x0000000707b78fb0) 
thrown [/corretto/workspace/corretto11-repo/installers/mac/tar/corretto-build/buildRoot/src/src/hotspot/share/interpreter/linkResolver.cpp, line 773]
for thread 0x00007ff00300f000
[1.946s][info][exceptions] Exception <a 'java/lang/NoSuchMethodError'{0x0000000707b7c540}: 'java.lang.Object java.lang.invoke.DelegatingMethodHandle$Holder.reinvoke_L(java.lang.Object, int, int, java.lang.Object, java.lang.Object, java.lang.Object)'> (0x0000000707b7c540) 
thrown [/corretto/workspace/corretto11-repo/installers/mac/tar/corretto-build/buildRoot/src/src/hotspot/share/interpreter/linkResolver.cpp, line 773]
for thread 0x00007ff00300f000
[1.946s][info][exceptions] Exception <a 'java/lang/NoSuchMethodError'{0x0000000707b80b20}: 'java.lang.Object java.lang.invoke.DirectMethodHandle$Holder.invokeStatic(java.lang.Object, java.lang.Object, java.lang.Object, java.lang.Object, int)'> (0x0000000707b80b20) 
thrown [/corretto/workspace/corretto11-repo/installers/mac/tar/corretto-build/buildRoot/src/src/hotspot/share/interpreter/linkResolver.cpp, line 773]
for thread 0x00007ff00300f000
[1.953s][info][exceptions] Exception <a 'java/lang/NoSuchMethodError'{0x0000000707bac1a8}: 'java.lang.Object java.lang.invoke.DirectMethodHandle$Holder.invokeStatic(java.lang.Object, java.lang.Object, java.lang.Object, java.lang.Object, int, int, java.lang.Object)'> (0x0000000707bac1a8) 
thrown [/corretto/workspace/corretto11-repo/installers/mac/tar/corretto-build/buildRoot/src/src/hotspot/share/interpreter/linkResolver.cpp, line 773]
for thread 0x00007ff00300f000
[1.989s][info][exceptions] Exception <a 'com/sun/org/apache/xerces/internal/impl/XMLEntityScanner$1'{0x0000000707bfcb58}>
 thrown in interpreter method <{method} {0x000000012fd00768} 'load' '(IZZ)Z' in 'com/sun/org/apache/xerces/internal/impl/XMLEntityScanner'>
 at bci 171 for thread 0x00007ff00300f000 (main)
[1.989s][info][exceptions] Exception <a 'com/sun/org/apache/xerces/internal/impl/XMLEntityScanner$1'{0x0000000707bfcb58}>
 thrown in interpreter method <{method} {0x000000012fd001e0} 'skipSpaces' '()Z' in 'com/sun/org/apache/xerces/internal/impl/XMLEntityScanner'>
 at bci 148 for thread 0x00007ff00300f000 (main)
[1.989s][info][exceptions] Exception <a 'com/sun/org/apache/xerces/internal/impl/XMLEntityScanner$1'{0x0000000707bfcb58}>
 thrown in interpreter method <{method} {0x000000012fd2e818} 'next' '()I' in 'com/sun/org/apache/xerces/internal/impl/XMLDocumentScannerImpl$TrailingMiscDriver'>
 at bci 75 for thread 0x00007ff00300f000 (main)
[2.077s][info][exceptions] Exception <a 'com/sun/org/apache/xerces/internal/impl/XMLEntityScanner$1'{0x0000000707bfcb58}>
 thrown in interpreter method <{method} {0x000000012fd00768} 'load' '(IZZ)Z' in 'com/sun/org/apache/xerces/internal/impl/XMLEntityScanner'>
 at bci 171 for thread 0x00007ff00300f000 (main)
[2.077s][info][exceptions] Exception <a 'com/sun/org/apache/xerces/internal/impl/XMLEntityScanner$1'{0x0000000707bfcb58}>
 thrown in compiled method <{method} {0x000000012fd001e0} 'skipSpaces' '()Z' in 'com/sun/org/apache/xerces/internal/impl/XMLEntityScanner'>
 at PC0x00000001135d45cc for thread 0x00007ff00300f000
[2.077s][info][exceptions] Thread 0x00007ff00300f000 continuing at PC 0x00000001135d4c4f for exception thrown at PC 0x00000001135d45cc
[2.077s][info][exceptions] Exception <a 'com/sun/org/apache/xerces/internal/impl/XMLEntityScanner$1'{0x0000000707bfcb58}>
 thrown in interpreter method <{method} {0x000000012fd2e818} 'next' '()I' in 'com/sun/org/apache/xerces/internal/impl/XMLDocumentScannerImpl$TrailingMiscDriver'>
 at bci 75 for thread 0x00007ff00300f000 (main)
[2.113s][info][exceptions] Exception <a 'com/sun/org/apache/xerces/internal/impl/XMLEntityScanner$1'{0x0000000707bfcb58}>
 thrown in interpreter method <{method} {0x000000012fd00768} 'load' '(IZZ)Z' in 'com/sun/org/apache/xerces/internal/impl/XMLEntityScanner'>
 at bci 171 for thread 0x00007ff00300f000 (main)
[2.114s][info][exceptions] Exception <a 'com/sun/org/apache/xerces/internal/impl/XMLEntityScanner$1'{0x0000000707bfcb58}>
 thrown in interpreter method <{method} {0x000000012fd2e818} 'next' '()I' in 'com/sun/org/apache/xerces/internal/impl/XMLDocumentScannerImpl$TrailingMiscDriver'>
 at bci 75 for thread 0x00007ff00300f000 (main)
[2.153s][info][exceptions] Exception <a 'java/util/MissingResourceException'{0x0000000707434658}: Can't find bundle for base name com.amazon.language.resources.yjepubadapter.action_warning_en, locale en_US>
 thrown in interpreter method <{method} {0x000000012d4a9560} 'throwMissingResourceException' '(Ljava/lang/String;Ljava/util/Locale;Ljava/lang/Throwable;)V' in 'java/util/ResourceBundle'>
 at bci 73 for thread 0x00007ff00300f000 (main)
[2.153s][info][exceptions] Exception <a 'java/util/MissingResourceException'{0x0000000707434658}: Can't find bundle for base name com.amazon.language.resources.yjepubadapter.action_warning_en, locale en_US>
 thrown in interpreter method <{method} {0x000000012d4a8aa0} 'getBundleImpl' '(Ljava/lang/Module;Ljava/lang/Module;Ljava/lang/String;Ljava/util/Locale;Ljava/util/ResourceBundle$Control;)Ljava/util/ResourceBundle;' in 'java/util/ResourceBundle'>
 at bci 318 for thread 0x00007ff00300f000 (main)
[2.153s][info][exceptions] Exception <a 'java/util/MissingResourceException'{0x0000000707434658}: Can't find bundle for base name com.amazon.language.resources.yjepubadapter.action_warning_en, locale en_US>
 thrown in interpreter method <{method} {0x000000012d4a8800} 'getBundleImpl' '(Ljava/lang/String;Ljava/util/Locale;Ljava/lang/Class;Ljava/lang/ClassLoader;Ljava/util/ResourceBundle$Control;)Ljava/util/ResourceBundle;' in 'java/util/ResourceBundle'>
 at bci 74 for thread 0x00007ff00300f000 (main)
[2.153s][info][exceptions] Exception <a 'java/util/MissingResourceException'{0x0000000707434658}: Can't find bundle for base name com.amazon.language.resources.yjepubadapter.action_warning_en, locale en_US>
 thrown in interpreter method <{method} {0x000000012d4a8720} 'getBundleImpl' '(Ljava/lang/String;Ljava/util/Locale;Ljava/lang/Class;Ljava/util/ResourceBundle$Control;)Ljava/util/ResourceBundle;' in 'java/util/ResourceBundle'>
 at bci 8 for thread 0x00007ff00300f000 (main)
[2.153s][info][exceptions] Exception <a 'java/util/MissingResourceException'{0x0000000707434658}: Can't find bundle for base name com.amazon.language.resources.yjepubadapter.action_warning_en, locale en_US>
 thrown in interpreter method <{method} {0x000000012d4a7fc8} 'getBundle' '(Ljava/lang/String;Ljava/util/ResourceBundle$Control;)Ljava/util/ResourceBundle;' in 'java/util/ResourceBundle'>
 at bci 16 for thread 0x00007ff00300f000 (main)
[2.153s][info][exceptions] Exception <a 'java/util/MissingResourceException'{0x0000000707434658}: Can't find bundle for base name com.amazon.language.resources.yjepubadapter.action_warning_en, locale en_US>
 thrown in interpreter method <{method} {0x000000012d49fdf8} 'd' '(Ljava/lang/String;)Ljava/util/ResourceBundle;' in 'com/amazon/G/a'>
 at bci 9 for thread 0x00007ff00300f000 (main)
[2.153s][info][exceptions] Exception <a 'java/util/MissingResourceException'{0x0000000707434658}: Can't find bundle for base name com.amazon.language.resources.yjepubadapter.action_warning_en, locale en_US>
 thrown in interpreter method <{method} {0x000000012d49f3c8} 'a' '(Ljava/lang/String;Ljava/lang/String;)Ljava/util/ResourceBundle;' in 'com/amazon/G/a'>
 at bci 25 for thread 0x00007ff00300f000 (main)
[2.153s][info][exceptions] Exception <a 'java/util/MissingResourceException'{0x0000000707434658}: Can't find bundle for base name com.amazon.language.resources.yjepubadapter.action_warning_en, locale en_US>
 thrown in interpreter method <{method} {0x000000012d49f3c8} 'a' '(Ljava/lang/String;Ljava/lang/String;)Ljava/util/ResourceBundle;' in 'com/amazon/G/a'>
 at bci 45 for thread 0x00007ff00300f000 (main)
[2.153s][info][exceptions] Exception <a 'java/util/MissingResourceException'{0x0000000707434658}: Can't find bundle for base name com.amazon.language.resources.yjepubadapter.action_warning_en, locale en_US>
 thrown in interpreter method <{method} {0x000000012d49f190} 'c' '(Lcom/amazon/i/b;)Ljava/util/ResourceBundle;' in 'com/amazon/G/a'>
 at bci 102 for thread 0x00007ff00300f000 (main)
[2.153s][info][exceptions] Exception <a 'java/util/MissingResourceException'{0x0000000707434658}: Can't find bundle for base name com.amazon.language.resources.yjepubadapter.action_warning_en, locale en_US>
 thrown in interpreter method <{method} {0x000000012d49f7e0} 'e' '(Lcom/amazon/i/b;)Ljava/lang/String;' in 'com/amazon/G/a'>
 at bci 5 for thread 0x00007ff00300f000 (main)
[2.182s][info][exceptions] Exception <a 'java/lang/ClassNotFoundException'{0x0000000707358130}: sun/awt/resources/spi/awtProvider> (0x0000000707358130) 
thrown [/corretto/workspace/corretto11-repo/installers/mac/tar/corretto-build/buildRoot/src/src/hotspot/share/classfile/systemDictionary.cpp, line 231]
for thread 0x00007ff00300f000
[2.182s][info][exceptions] Exception <a 'java/lang/ClassNotFoundException'{0x0000000707358130}: sun/awt/resources/spi/awtProvider>
 thrown in interpreter method <{method} {0x000000012cddde80} 'forName0' '(Ljava/lang/String;ZLjava/lang/ClassLoader;Ljava/lang/Class;)Ljava/lang/Class;' in 'java/lang/Class'>
 at bci 0 for thread 0x00007ff00300f000 (main)
[2.182s][info][exceptions] Exception <a 'java/lang/ClassNotFoundException'{0x0000000707358130}: sun/awt/resources/spi/awtProvider>
 thrown in interpreter method <{method} {0x000000012cddddd0} 'forName' '(Ljava/lang/String;ZLjava/lang/ClassLoader;)Ljava/lang/Class;' in 'java/lang/Class'>
 at bci 43 for thread 0x00007ff00300f000 (main)
[2.182s][info][exceptions] Exception <a 'java/lang/ClassNotFoundException'{0x0000000707358130}: sun/awt/resources/spi/awtProvider>
 thrown in interpreter method <{method} {0x0000000130034fe8} 'run' '()Ljava/lang/Class;' in 'java/util/ResourceBundle$3'>
 at bci 9 for thread 0x00007ff00300f000 (main)
[2.286s][info][exceptions] Exception <a 'java/io/FileNotFoundException'{0x00000007073a61a0}> (0x00000007073a61a0) 
thrown [/corretto/workspace/corretto11-repo/installers/mac/tar/corretto-build/buildRoot/src/src/hotspot/share/prims/jni.cpp, line 615]
for thread 0x00007ff00300f000
[2.286s][info][exceptions] Exception <a 'java/io/FileNotFoundException'{0x00000007073a61a0}: /Users/onuronder/.accessibility.properties (No such file or directory)>
 thrown in interpreter method <{method} {0x000000012cf20a68} 'open0' '(Ljava/lang/String;)V' in 'java/io/FileInputStream'>
 at bci 0 for thread 0x00007ff00300f000 (main)
[2.286s][info][exceptions] Exception <a 'java/io/FileNotFoundException'{0x00000007073a61a0}: /Users/onuronder/.accessibility.properties (No such file or directory)>
 thrown in interpreter method <{method} {0x000000012cf20b18} 'open' '(Ljava/lang/String;)V' in 'java/io/FileInputStream'>
 at bci 2 for thread 0x00007ff00300f000 (main)
[2.286s][info][exceptions] Exception <a 'java/io/FileNotFoundException'{0x00000007073a61a0}: /Users/onuronder/.accessibility.properties (No such file or directory)>
 thrown in interpreter method <{method} {0x000000012cf20900} '<init>' '(Ljava/io/File;)V' in 'java/io/FileInputStream'>
 at bci 96 for thread 0x00007ff00300f000 (main)
[2.286s][info][exceptions] Exception <a 'java/io/FileNotFoundException'{0x00000007073a61a0}: /Users/onuronder/.accessibility.properties (No such file or directory)>
 thrown in interpreter method <{method} {0x000000013003ada8} 'run' '()Ljava/lang/String;' in 'java/awt/Toolkit$1'>
 at bci 27 for thread 0x00007ff00300f000 (main)
[2.287s][info][exceptions] Exception <a 'java/io/FileNotFoundException'{0x00000007073a8ff0}> (0x00000007073a8ff0) 
thrown [/corretto/workspace/corretto11-repo/installers/mac/tar/corretto-build/buildRoot/src/src/hotspot/share/prims/jni.cpp, line 615]
for thread 0x00007ff00300f000
[2.287s][info][exceptions] Exception <a 'java/io/FileNotFoundException'{0x00000007073a8ff0}: /Applications/Kindle Previewer 4.app/Contents/Resources/KFXGen/jre/conf/accessibility.properties (No such file or directory)>
 thrown in interpreter method <{method} {0x000000012cf20a68} 'open0' '(Ljava/lang/String;)V' in 'java/io/FileInputStream'>
 at bci 0 for thread 0x00007ff00300f000 (main)
[2.287s][info][exceptions] Exception <a 'java/io/FileNotFoundException'{0x00000007073a8ff0}: /Applications/Kindle Previewer 4.app/Contents/Resources/KFXGen/jre/conf/accessibility.properties (No such file or directory)>
 thrown in interpreter method <{method} {0x000000012cf20b18} 'open' '(Ljava/lang/String;)V' in 'java/io/FileInputStream'>
 at bci 2 for thread 0x00007ff00300f000 (main)
[2.287s][info][exceptions] Exception <a 'java/io/FileNotFoundException'{0x00000007073a8ff0}: /Applications/Kindle Previewer 4.app/Contents/Resources/KFXGen/jre/conf/accessibility.properties (No such file or directory)>
 thrown in interpreter method <{method} {0x000000012cf20900} '<init>' '(Ljava/io/File;)V' in 'java/io/FileInputStream'>
 at bci 96 for thread 0x00007ff00300f000 (main)
[2.287s][info][exceptions] Exception <a 'java/io/FileNotFoundException'{0x00000007073a8ff0}: /Applications/Kindle Previewer 4.app/Contents/Resources/KFXGen/jre/conf/accessibility.properties (No such file or directory)>
 thrown in interpreter method <{method} {0x000000013003ada8} 'run' '()Ljava/lang/String;' in 'java/awt/Toolkit$1'>
 at bci 88 for thread 0x00007ff00300f000 (main)
[2.363s][info][exceptions] Exception <a 'java/lang/NoSuchMethodError'{0x0000000706fd7810}: 'void java.lang.invoke.DirectMethodHandle$Holder.invokeStaticInit(java.lang.Object)'> (0x0000000706fd7810) 
thrown [/corretto/workspace/corretto11-repo/installers/mac/tar/corretto-build/buildRoot/src/src/hotspot/share/interpreter/linkResolver.cpp, line 773]
for thread 0x00007ff00300f000
[2.368s][info][exceptions] Exception <a 'java/lang/NoSuchMethodError'{0x0000000706fe3150}: 'void java.lang.invoke.DirectMethodHandle$Holder.invokeStatic(java.lang.Object, int)'> (0x0000000706fe3150) 
thrown [/corretto/workspace/corretto11-repo/installers/mac/tar/corretto-build/buildRoot/src/src/hotspot/share/interpreter/linkResolver.cpp, line 773]
for thread 0x00007ff00300f000
[2.369s][info][exceptions] Exception <a 'java/lang/NoSuchMethodError'{0x0000000706fe6048}: 'void java.lang.invoke.DirectMethodHandle$Holder.invokeStaticInit(java.lang.Object, int)'> (0x0000000706fe6048) 
thrown [/corretto/workspace/corretto11-repo/installers/mac/tar/corretto-build/buildRoot/src/src/hotspot/share/interpreter/linkResolver.cpp, line 773]
for thread 0x00007ff00300f000
[2.530s][info][exceptions] Exception <a 'java/lang/NoSuchMethodError'{0x000000070ff283e0}: 'void java.lang.invoke.DirectMethodHandle$Holder.invokeStaticInit(java.lang.Object, java.lang.Object, java.lang.Object)'> (0x000000070ff283e0) 
thrown [/corretto/workspace/corretto11-repo/installers/mac/tar/corretto-build/buildRoot/src/src/hotspot/share/interpreter/linkResolver.cpp, line 773]
for thread 0x00007ff004b27000
[2.581s][info][exceptions] Exception <a 'sun/nio/fs/UnixException'{0x000000070ffe4cc0}> (0x000000070ffe4cc0) 
thrown [/corretto/workspace/corretto11-repo/installers/mac/tar/corretto-build/buildRoot/src/src/hotspot/share/prims/jni.cpp, line 615]
for thread 0x00007ff004b27000
[2.581s][info][exceptions] Exception <a 'sun/nio/fs/UnixException'{0x000000070f887340}> (0x000000070f887340) 
thrown [/corretto/workspace/corretto11-repo/installers/mac/tar/corretto-build/buildRoot/src/src/hotspot/share/prims/jni.cpp, line 615]
for thread 0x00007fefe3272800
[2.581s][info][exceptions] Exception <a 'sun/nio/fs/UnixException'{0x000000070f8027b8}> (0x000000070f8027b8) 
thrown [/corretto/workspace/corretto11-repo/installers/mac/tar/corretto-build/buildRoot/src/src/hotspot/share/prims/jni.cpp, line 615]
for thread 0x00007ff003262000
[2.582s][info][exceptions] Exception <a 'sun/nio/fs/UnixException'{0x000000070f776758}> (0x000000070f776758) 
thrown [/corretto/workspace/corretto11-repo/installers/mac/tar/corretto-build/buildRoot/src/src/hotspot/share/prims/jni.cpp, line 615]
for thread 0x00007ff003150800
[2.582s][info][exceptions] Exception <a 'sun/nio/fs/UnixException'{0x000000070ffe4cc0}>
 thrown in interpreter method <{method} {0x000000012d0ba158} 'lstat0' '(JLsun/nio/fs/UnixFileAttributes;)V' in 'sun/nio/fs/UnixNativeDispatcher'>
 at bci 0 for thread 0x00007ff004b27000 (pool-2-thread-1)
[2.582s][info][exceptions] Exception <a 'sun/nio/fs/UnixException'{0x000000070f887340}>
 thrown in interpreter method <{method} {0x000000012d0ba158} 'lstat0' '(JLsun/nio/fs/UnixFileAttributes;)V' in 'sun/nio/fs/UnixNativeDispatcher'>
 at bci 0 for thread 0x00007fefe3272800 (pool-2-thread-3)
[2.582s][info][exceptions] Exception <a 'sun/nio/fs/UnixException'{0x000000070f8027b8}>
 thrown in interpreter method <{method} {0x000000012d0ba158} 'lstat0' '(JLsun/nio/fs/UnixFileAttributes;)V' in 'sun/nio/fs/UnixNativeDispatcher'>
 at bci 0 for thread 0x00007ff003262000 (pool-2-thread-4)
[2.582s][info][exceptions] Exception <a 'sun/nio/fs/UnixException'{0x000000070f776758}>
 thrown in interpreter method <{method} {0x000000012d0ba158} 'lstat0' '(JLsun/nio/fs/UnixFileAttributes;)V' in 'sun/nio/fs/UnixNativeDispatcher'>
 at bci 0 for thread 0x00007ff003150800 (pool-2-thread-2)
[2.582s][info][exceptions] Exception <a 'sun/nio/fs/UnixException'{0x000000070ffe4cc0}>
 thrown in interpreter method <{method} {0x000000012d0ba0c0} 'lstat' '(Lsun/nio/fs/UnixPath;Lsun/nio/fs/UnixFileAttributes;)V' in 'sun/nio/fs/UnixNativeDispatcher'>
 at bci 10 for thread 0x00007ff004b27000 (pool-2-thread-1)
[2.582s][info][exceptions] Exception <a 'sun/nio/fs/UnixException'{0x000000070f887340}>
 thrown in interpreter method <{method} {0x000000012d0ba0c0} 'lstat' '(Lsun/nio/fs/UnixPath;Lsun/nio/fs/UnixFileAttributes;)V' in 'sun/nio/fs/UnixNativeDispatcher'>
 at bci 10 for thread 0x00007fefe3272800 (pool-2-thread-3)
[2.582s][info][exceptions] Exception <a 'sun/nio/fs/UnixException'{0x000000070f8027b8}>
 thrown in interpreter method <{method} {0x000000012d0ba0c0} 'lstat' '(Lsun/nio/fs/UnixPath;Lsun/nio/fs/UnixFileAttributes;)V' in 'sun/nio/fs/UnixNativeDispatcher'>
 at bci 10 for thread 0x00007ff003262000 (pool-2-thread-4)
[2.582s][info][exceptions] Exception <a 'sun/nio/fs/UnixException'{0x000000070f776758}>
 thrown in interpreter method <{method} {0x000000012d0ba0c0} 'lstat' '(Lsun/nio/fs/UnixPath;Lsun/nio/fs/UnixFileAttributes;)V' in 'sun/nio/fs/UnixNativeDispatcher'>
 at bci 10 for thread 0x00007ff003150800 (pool-2-thread-2)
[2.582s][info][exceptions] Exception <a 'sun/nio/fs/UnixException'{0x000000070ffe4cc0}>
 thrown in interpreter method <{method} {0x000000012d0ba0c0} 'lstat' '(Lsun/nio/fs/UnixPath;Lsun/nio/fs/UnixFileAttributes;)V' in 'sun/nio/fs/UnixNativeDispatcher'>
 at bci 26 for thread 0x00007ff004b27000 (pool-2-thread-1)
[2.582s][info][exceptions] Exception <a 'sun/nio/fs/UnixException'{0x000000070f887340}>
 thrown in interpreter method <{method} {0x000000012d0ba0c0} 'lstat' '(Lsun/nio/fs/UnixPath;Lsun/nio/fs/UnixFileAttributes;)V' in 'sun/nio/fs/UnixNativeDispatcher'>
 at bci 26 for thread 0x00007fefe3272800 (pool-2-thread-3)
[2.582s][info][exceptions] Exception <a 'sun/nio/fs/UnixException'{0x000000070f8027b8}>
 thrown in interpreter method <{method} {0x000000012d0ba0c0} 'lstat' '(Lsun/nio/fs/UnixPath;Lsun/nio/fs/UnixFileAttributes;)V' in 'sun/nio/fs/UnixNativeDispatcher'>
 at bci 26 for thread 0x00007ff003262000 (pool-2-thread-4)
[2.582s][info][exceptions] Exception <a 'sun/nio/fs/UnixException'{0x000000070f776758}>
 thrown in interpreter method <{method} {0x000000012d0ba0c0} 'lstat' '(Lsun/nio/fs/UnixPath;Lsun/nio/fs/UnixFileAttributes;)V' in 'sun/nio/fs/UnixNativeDispatcher'>
 at bci 26 for thread 0x00007ff003150800 (pool-2-thread-2)
[2.582s][info][exceptions] Exception <a 'sun/nio/fs/UnixException'{0x000000070ffe4cc0}>
 thrown in interpreter method <{method} {0x000000012d0c2b48} 'get' '(Lsun/nio/fs/UnixPath;Z)Lsun/nio/fs/UnixFileAttributes;' in 'sun/nio/fs/UnixFileAttributes'>
 at bci 22 for thread 0x00007ff004b27000 (pool-2-thread-1)
[2.582s][info][exceptions] Exception <a 'sun/nio/fs/UnixException'{0x000000070f887340}>
 thrown in interpreter method <{method} {0x000000012d0c2b48} 'get' '(Lsun/nio/fs/UnixPath;Z)Lsun/nio/fs/UnixFileAttributes;' in 'sun/nio/fs/UnixFileAttributes'>
 at bci 22 for thread 0x00007fefe3272800 (pool-2-thread-3)
[2.582s][info][exceptions] Exception <a 'sun/nio/fs/UnixException'{0x000000070f8027b8}>
 thrown in interpreter method <{method} {0x000000012d0c2b48} 'get' '(Lsun/nio/fs/UnixPath;Z)Lsun/nio/fs/UnixFileAttributes;' in 'sun/nio/fs/UnixFileAttributes'>
 at bci 22 for thread 0x00007ff003262000 (pool-2-thread-4)
[2.582s][info][exceptions] Exception <a 'sun/nio/fs/UnixException'{0x000000070f776758}>
 thrown in interpreter method <{method} {0x000000012d0c2b48} 'get' '(Lsun/nio/fs/UnixPath;Z)Lsun/nio/fs/UnixFileAttributes;' in 'sun/nio/fs/UnixFileAttributes'>
 at bci 22 for thread 0x00007ff003150800 (pool-2-thread-2)
[2.582s][info][exceptions] Exception <a 'sun/nio/fs/UnixException'{0x000000070ffe4cc0}>
 thrown in interpreter method <{method} {0x0000000130928fe8} 'copy' '(Lsun/nio/fs/UnixPath;Lsun/nio/fs/UnixPath;[Ljava/nio/file/CopyOption;)V' in 'sun/nio/fs/UnixCopyFile'>
 at bci 78 for thread 0x00007ff004b27000 (pool-2-thread-1)
[2.582s][info][exceptions] Exception <a 'sun/nio/fs/UnixException'{0x000000070f887340}>
 thrown in interpreter method <{method} {0x0000000130928fe8} 'copy' '(Lsun/nio/fs/UnixPath;Lsun/nio/fs/UnixPath;[Ljava/nio/file/CopyOption;)V' in 'sun/nio/fs/UnixCopyFile'>
 at bci 78 for thread 0x00007fefe3272800 (pool-2-thread-3)
[2.582s][info][exceptions] Exception <a 'sun/nio/fs/UnixException'{0x000000070f8027b8}>
 thrown in interpreter method <{method} {0x0000000130928fe8} 'copy' '(Lsun/nio/fs/UnixPath;Lsun/nio/fs/UnixPath;[Ljava/nio/file/CopyOption;)V' in 'sun/nio/fs/UnixCopyFile'>
 at bci 78 for thread 0x00007ff003262000 (pool-2-thread-4)
[2.582s][info][exceptions] Exception <a 'sun/nio/fs/UnixException'{0x000000070f776758}>
 thrown in interpreter method <{method} {0x0000000130928fe8} 'copy' '(Lsun/nio/fs/UnixPath;Lsun/nio/fs/UnixPath;[Ljava/nio/file/CopyOption;)V' in 'sun/nio/fs/UnixCopyFile'>
 at bci 78 for thread 0x00007ff003150800 (pool-2-thread-2)
[2.589s][info][exceptions] Exception <a 'sun/nio/fs/UnixException'{0x000000070f778228}> (0x000000070f778228) 
thrown [/corretto/workspace/corretto11-repo/installers/mac/tar/corretto-build/buildRoot/src/src/hotspot/share/prims/jni.cpp, line 615]
for thread 0x00007ff003150800
[2.589s][info][exceptions] Exception <a 'sun/nio/fs/UnixException'{0x000000070ffe6268}> (0x000000070ffe6268) 
thrown [/corretto/workspace/corretto11-repo/installers/mac/tar/corretto-build/buildRoot/src/src/hotspot/share/prims/jni.cpp, line 615]
for thread 0x00007ff004b27000
[2.589s][info][exceptions] Exception <a 'sun/nio/fs/UnixException'{0x000000070f888a70}> (0x000000070f888a70) 
thrown [/corretto/workspace/corretto11-repo/installers/mac/tar/corretto-build/buildRoot/src/src/hotspot/share/prims/jni.cpp, line 615]
for thread 0x00007fefe3272800
[2.589s][info][exceptions] Exception <a 'sun/nio/fs/UnixException'{0x000000070f778228}>
 thrown in interpreter method <{method} {0x000000012d0ba158} 'lstat0' '(JLsun/nio/fs/UnixFileAttributes;)V' in 'sun/nio/fs/UnixNativeDispatcher'>
 at bci 0 for thread 0x00007ff003150800 (pool-2-thread-2)
[2.589s][info][exceptions] Exception <a 'sun/nio/fs/UnixException'{0x000000070ffe6268}>
 thrown in interpreter method <{method} {0x000000012d0ba158} 'lstat0' '(JLsun/nio/fs/UnixFileAttributes;)V' in 'sun/nio/fs/UnixNativeDispatcher'>
 at bci 0 for thread 0x00007ff004b27000 (pool-2-thread-1)
[2.589s][info][exceptions] Exception <a 'sun/nio/fs/UnixException'{0x000000070f888a70}>
 thrown in interpreter method <{method} {0x000000012d0ba158} 'lstat0' '(JLsun/nio/fs/UnixFileAttributes;)V' in 'sun/nio/fs/UnixNativeDispatcher'>
 at bci 0 for thread 0x00007fefe3272800 (pool-2-thread-3)
[2.589s][info][exceptions] Exception <a 'sun/nio/fs/UnixException'{0x000000070f778228}>
 thrown in interpreter method <{method} {0x000000012d0ba0c0} 'lstat' '(Lsun/nio/fs/UnixPath;Lsun/nio/fs/UnixFileAttributes;)V' in 'sun/nio/fs/UnixNativeDispatcher'>
 at bci 10 for thread 0x00007ff003150800 (pool-2-thread-2)
[2.589s][info][exceptions] Exception <a 'sun/nio/fs/UnixException'{0x000000070ffe6268}>
 thrown in interpreter method <{method} {0x000000012d0ba0c0} 'lstat' '(Lsun/nio/fs/UnixPath;Lsun/nio/fs/UnixFileAttributes;)V' in 'sun/nio/fs/UnixNativeDispatcher'>
 at bci 10 for thread 0x00007ff004b27000 (pool-2-thread-1)
[2.589s][info][exceptions] Exception <a 'sun/nio/fs/UnixException'{0x000000070f888a70}>
 thrown in interpreter method <{method} {0x000000012d0ba0c0} 'lstat' '(Lsun/nio/fs/UnixPath;Lsun/nio/fs/UnixFileAttributes;)V' in 'sun/nio/fs/UnixNativeDispatcher'>
 at bci 10 for thread 0x00007fefe3272800 (pool-2-thread-3)
[2.589s][info][exceptions] Exception <a 'sun/nio/fs/UnixException'{0x000000070f778228}>
 thrown in interpreter method <{method} {0x000000012d0ba0c0} 'lstat' '(Lsun/nio/fs/UnixPath;Lsun/nio/fs/UnixFileAttributes;)V' in 'sun/nio/fs/UnixNativeDispatcher'>
 at bci 26 for thread 0x00007ff003150800 (pool-2-thread-2)
[2.589s][info][exceptions] Exception <a 'sun/nio/fs/UnixException'{0x000000070ffe6268}>
 thrown in interpreter method <{method} {0x000000012d0ba0c0} 'lstat' '(Lsun/nio/fs/UnixPath;Lsun/nio/fs/UnixFileAttributes;)V' in 'sun/nio/fs/UnixNativeDispatcher'>
 at bci 26 for thread 0x00007ff004b27000 (pool-2-thread-1)
[2.589s][info][exceptions] Exception <a 'sun/nio/fs/UnixException'{0x000000070f888a70}>
 thrown in interpreter method <{method} {0x000000012d0ba0c0} 'lstat' '(Lsun/nio/fs/UnixPath;Lsun/nio/fs/UnixFileAttributes;)V' in 'sun/nio/fs/UnixNativeDispatcher'>
 at bci 26 for thread 0x00007fefe3272800 (pool-2-thread-3)
[2.589s][info][exceptions] Exception <a 'sun/nio/fs/UnixException'{0x000000070f778228}>
 thrown in interpreter method <{method} {0x000000012d0c2b48} 'get' '(Lsun/nio/fs/UnixPath;Z)Lsun/nio/fs/UnixFileAttributes;' in 'sun/nio/fs/UnixFileAttributes'>
 at bci 22 for thread 0x00007ff003150800 (pool-2-thread-2)
[2.590s][info][exceptions] Exception <a 'sun/nio/fs/UnixException'{0x000000070f803f48}> (0x000000070f803f48) 
thrown [/corretto/workspace/corretto11-repo/installers/mac/tar/corretto-build/buildRoot/src/src/hotspot/share/prims/jni.cpp, line 615]
for thread 0x00007ff003262000
[2.590s][info][exceptions] Exception <a 'sun/nio/fs/UnixException'{0x000000070ffe6268}>
 thrown in interpreter method <{method} {0x000000012d0c2b48} 'get' '(Lsun/nio/fs/UnixPath;Z)Lsun/nio/fs/UnixFileAttributes;' in 'sun/nio/fs/UnixFileAttributes'>
 at bci 22 for thread 0x00007ff004b27000 (pool-2-thread-1)
[2.590s][info][exceptions] Exception <a 'sun/nio/fs/UnixException'{0x000000070f888a70}>
 thrown in interpreter method <{method} {0x000000012d0c2b48} 'get' '(Lsun/nio/fs/UnixPath;Z)Lsun/nio/fs/UnixFileAttributes;' in 'sun/nio/fs/UnixFileAttributes'>
 at bci 22 for thread 0x00007fefe3272800 (pool-2-thread-3)
[2.590s][info][exceptions] Exception <a 'sun/nio/fs/UnixException'{0x000000070f778228}>
 thrown in interpreter method <{method} {0x0000000130928fe8} 'copy' '(Lsun/nio/fs/UnixPath;Lsun/nio/fs/UnixPath;[Ljava/nio/file/CopyOption;)V' in 'sun/nio/fs/UnixCopyFile'>
 at bci 78 for thread 0x00007ff003150800 (pool-2-thread-2)
[2.590s][info][exceptions] Exception <a 'sun/nio/fs/UnixException'{0x000000070f803f48}>
 thrown in interpreter method <{method} {0x000000012d0ba158} 'lstat0' '(JLsun/nio/fs/UnixFileAttributes;)V' in 'sun/nio/fs/UnixNativeDispatcher'>
 at bci 0 for thread 0x00007ff003262000 (pool-2-thread-4)
[2.590s][info][exceptions] Exception <a 'sun/nio/fs/UnixException'{0x000000070ffe6268}>
 thrown in interpreter method <{method} {0x0000000130928fe8} 'copy' '(Lsun/nio/fs/UnixPath;Lsun/nio/fs/UnixPath;[Ljava/nio/file/CopyOption;)V' in 'sun/nio/fs/UnixCopyFile'>
 at bci 78 for thread 0x00007ff004b27000 (pool-2-thread-1)
[2.590s][info][exceptions] Exception <a 'sun/nio/fs/UnixException'{0x000000070f888a70}>
 thrown in interpreter method <{method} {0x0000000130928fe8} 'copy' '(Lsun/nio/fs/UnixPath;Lsun/nio/fs/UnixPath;[Ljava/nio/file/CopyOption;)V' in 'sun/nio/fs/UnixCopyFile'>
 at bci 78 for thread 0x00007fefe3272800 (pool-2-thread-3)
[2.590s][info][exceptions] Exception <a 'sun/nio/fs/UnixException'{0x000000070f803f48}>
 thrown in interpreter method <{method} {0x000000012d0ba0c0} 'lstat' '(Lsun/nio/fs/UnixPath;Lsun/nio/fs/UnixFileAttributes;)V' in 'sun/nio/fs/UnixNativeDispatcher'>
 at bci 10 for thread 0x00007ff003262000 (pool-2-thread-4)
[2.590s][info][exceptions] Exception <a 'sun/nio/fs/UnixException'{0x000000070f803f48}>
 thrown in interpreter method <{method} {0x000000012d0ba0c0} 'lstat' '(Lsun/nio/fs/UnixPath;Lsun/nio/fs/UnixFileAttributes;)V' in 'sun/nio/fs/UnixNativeDispatcher'>
 at bci 26 for thread 0x00007ff003262000 (pool-2-thread-4)
[2.590s][info][exceptions] Exception <a 'sun/nio/fs/UnixException'{0x000000070f803f48}>
 thrown in interpreter method <{method} {0x000000012d0c2b48} 'get' '(Lsun/nio/fs/UnixPath;Z)Lsun/nio/fs/UnixFileAttributes;' in 'sun/nio/fs/UnixFileAttributes'>
 at bci 22 for thread 0x00007ff003262000 (pool-2-thread-4)
[2.590s][info][exceptions] Exception <a 'sun/nio/fs/UnixException'{0x000000070f803f48}>
 thrown in interpreter method <{method} {0x0000000130928fe8} 'copy' '(Lsun/nio/fs/UnixPath;Lsun/nio/fs/UnixPath;[Ljava/nio/file/CopyOption;)V' in 'sun/nio/fs/UnixCopyFile'>
 at bci 78 for thread 0x00007ff003262000 (pool-2-thread-4)
[2.591s][info][exceptions] Exception <a 'sun/nio/fs/UnixException'{0x000000070f889de8}> (0x000000070f889de8) 
thrown [/corretto/workspace/corretto11-repo/installers/mac/tar/corretto-build/buildRoot/src/src/hotspot/share/prims/jni.cpp, line 615]
for thread 0x00007fefe3272800
[2.591s][info][exceptions] Exception <a 'sun/nio/fs/UnixException'{0x000000070f889de8}>
 thrown in interpreter method <{method} {0x000000012d0ba158} 'lstat0' '(JLsun/nio/fs/UnixFileAttributes;)V' in 'sun/nio/fs/UnixNativeDispatcher'>
 at bci 0 for thread 0x00007fefe3272800 (pool-2-thread-3)
[2.591s][info][exceptions] Exception <a 'sun/nio/fs/UnixException'{0x000000070f889de8}>
 thrown in interpreter method <{method} {0x000000012d0ba0c0} 'lstat' '(Lsun/nio/fs/UnixPath;Lsun/nio/fs/UnixFileAttributes;)V' in 'sun/nio/fs/UnixNativeDispatcher'>
 at bci 10 for thread 0x00007fefe3272800 (pool-2-thread-3)
[2.591s][info][exceptions] Exception <a 'sun/nio/fs/UnixException'{0x000000070ffe7710}> (0x000000070ffe7710) 
thrown [/corretto/workspace/corretto11-repo/installers/mac/tar/corretto-build/buildRoot/src/src/hotspot/share/prims/jni.cpp, line 615]
for thread 0x00007ff004b27000
[2.591s][info][exceptions] Exception <a 'sun/nio/fs/UnixException'{0x000000070f889de8}>
 thrown in interpreter method <{method} {0x000000012d0ba0c0} 'lstat' '(Lsun/nio/fs/UnixPath;Lsun/nio/fs/UnixFileAttributes;)V' in 'sun/nio/fs/UnixNativeDispatcher'>
 at bci 26 for thread 0x00007fefe3272800 (pool-2-thread-3)
[2.591s][info][exceptions] Exception <a 'sun/nio/fs/UnixException'{0x000000070ffe7710}>
 thrown in interpreter method <{method} {0x000000012d0ba158} 'lstat0' '(JLsun/nio/fs/UnixFileAttributes;)V' in 'sun/nio/fs/UnixNativeDispatcher'>
 at bci 0 for thread 0x00007ff004b27000 (pool-2-thread-1)
[2.591s][info][exceptions] Exception <a 'sun/nio/fs/UnixException'{0x000000070f889de8}>
 thrown in interpreter method <{method} {0x000000012d0c2b48} 'get' '(Lsun/nio/fs/UnixPath;Z)Lsun/nio/fs/UnixFileAttributes;' in 'sun/nio/fs/UnixFileAttributes'>
 at bci 22 for thread 0x00007fefe3272800 (pool-2-thread-3)
[2.591s][info][exceptions] Exception <a 'sun/nio/fs/UnixException'{0x000000070ffe7710}>
 thrown in interpreter method <{method} {0x000000012d0ba0c0} 'lstat' '(Lsun/nio/fs/UnixPath;Lsun/nio/fs/UnixFileAttributes;)V' in 'sun/nio/fs/UnixNativeDispatcher'>
 at bci 10 for thread 0x00007ff004b27000 (pool-2-thread-1)
[2.591s][info][exceptions] Exception <a 'sun/nio/fs/UnixException'{0x000000070f889de8}>
 thrown in interpreter method <{method} {0x0000000130928fe8} 'copy' '(Lsun/nio/fs/UnixPath;Lsun/nio/fs/UnixPath;[Ljava/nio/file/CopyOption;)V' in 'sun/nio/fs/UnixCopyFile'>
 at bci 78 for thread 0x00007fefe3272800 (pool-2-thread-3)
[2.591s][info][exceptions] Exception <a 'sun/nio/fs/UnixException'{0x000000070ffe7710}>
 thrown in interpreter method <{method} {0x000000012d0ba0c0} 'lstat' '(Lsun/nio/fs/UnixPath;Lsun/nio/fs/UnixFileAttributes;)V' in 'sun/nio/fs/UnixNativeDispatcher'>
 at bci 26 for thread 0x00007ff004b27000 (pool-2-thread-1)
[2.591s][info][exceptions] Exception <a 'sun/nio/fs/UnixException'{0x000000070f7795a0}> (0x000000070f7795a0) 
thrown [/corretto/workspace/corretto11-repo/installers/mac/tar/corretto-build/buildRoot/src/src/hotspot/share/prims/jni.cpp, line 615]
for thread 0x00007ff003150800
[2.591s][info][exceptions] Exception <a 'sun/nio/fs/UnixException'{0x000000070ffe7710}>
 thrown in interpreter method <{method} {0x000000012d0c2b48} 'get' '(Lsun/nio/fs/UnixPath;Z)Lsun/nio/fs/UnixFileAttributes;' in 'sun/nio/fs/UnixFileAttributes'>
 at bci 22 for thread 0x00007ff004b27000 (pool-2-thread-1)
[2.591s][info][exceptions] Exception <a 'sun/nio/fs/UnixException'{0x000000070f8052c0}> (0x000000070f8052c0) 
thrown [/corretto/workspace/corretto11-repo/installers/mac/tar/corretto-build/buildRoot/src/src/hotspot/share/prims/jni.cpp, line 615]
for thread 0x00007ff003262000
[2.591s][info][exceptions] Exception <a 'sun/nio/fs/UnixException'{0x000000070f7795a0}>
 thrown in interpreter method <{method} {0x000000012d0ba158} 'lstat0' '(JLsun/nio/fs/UnixFileAttributes;)V' in 'sun/nio/fs/UnixNativeDispatcher'>
 at bci 0 for thread 0x00007ff003150800 (pool-2-thread-2)
[2.591s][info][exceptions] Exception <a 'sun/nio/fs/UnixException'{0x000000070ffe7710}>
 thrown in interpreter method <{method} {0x0000000130928fe8} 'copy' '(Lsun/nio/fs/UnixPath;Lsun/nio/fs/UnixPath;[Ljava/nio/file/CopyOption;)V' in 'sun/nio/fs/UnixCopyFile'>
 at bci 78 for thread 0x00007ff004b27000 (pool-2-thread-1)
[2.591s][info][exceptions] Exception <a 'sun/nio/fs/UnixException'{0x000000070f8052c0}>
 thrown in interpreter method <{method} {0x000000012d0ba158} 'lstat0' '(JLsun/nio/fs/UnixFileAttributes;)V' in 'sun/nio/fs/UnixNativeDispatcher'>
 at bci 0 for thread 0x00007ff003262000 (pool-2-thread-4)
[2.591s][info][exceptions] Exception <a 'sun/nio/fs/UnixException'{0x000000070f7795a0}>
 thrown in interpreter method <{method} {0x000000012d0ba0c0} 'lstat' '(Lsun/nio/fs/UnixPath;Lsun/nio/fs/UnixFileAttributes;)V' in 'sun/nio/fs/UnixNativeDispatcher'>
 at bci 10 for thread 0x00007ff003150800 (pool-2-thread-2)
[2.591s][info][exceptions] Exception <a 'sun/nio/fs/UnixException'{0x000000070f8052c0}>
 thrown in interpreter method <{method} {0x000000012d0ba0c0} 'lstat' '(Lsun/nio/fs/UnixPath;Lsun/nio/fs/UnixFileAttributes;)V' in 'sun/nio/fs/UnixNativeDispatcher'>
 at bci 10 for thread 0x00007ff003262000 (pool-2-thread-4)
[2.591s][info][exceptions] Exception <a 'sun/nio/fs/UnixException'{0x000000070f7795a0}>
 thrown in interpreter method <{method} {0x000000012d0ba0c0} 'lstat' '(Lsun/nio/fs/UnixPath;Lsun/nio/fs/UnixFileAttributes;)V' in 'sun/nio/fs/UnixNativeDispatcher'>
 at bci 26 for thread 0x00007ff003150800 (pool-2-thread-2)
[2.591s][info][exceptions] Exception <a 'sun/nio/fs/UnixException'{0x000000070f88b0b8}> (0x000000070f88b0b8) 
thrown [/corretto/workspace/corretto11-repo/installers/mac/tar/corretto-build/buildRoot/src/src/hotspot/share/prims/jni.cpp, line 615]
for thread 0x00007fefe3272800
[2.591s][info][exceptions] Exception <a 'sun/nio/fs/UnixException'{0x000000070f8052c0}>
 thrown in interpreter method <{method} {0x000000012d0ba0c0} 'lstat' '(Lsun/nio/fs/UnixPath;Lsun/nio/fs/UnixFileAttributes;)V' in 'sun/nio/fs/UnixNativeDispatcher'>
 at bci 26 for thread 0x00007ff003262000 (pool-2-thread-4)
[2.591s][info][exceptions] Exception <a 'sun/nio/fs/UnixException'{0x000000070f7795a0}>
 thrown in interpreter method <{method} {0x000000012d0c2b48} 'get' '(Lsun/nio/fs/UnixPath;Z)Lsun/nio/fs/UnixFileAttributes;' in 'sun/nio/fs/UnixFileAttributes'>
 at bci 22 for thread 0x00007ff003150800 (pool-2-thread-2)
[2.591s][info][exceptions] Exception <a 'sun/nio/fs/UnixException'{0x000000070f88b0b8}>
 thrown in interpreter method <{method} {0x000000012d0ba158} 'lstat0' '(JLsun/nio/fs/UnixFileAttributes;)V' in 'sun/nio/fs/UnixNativeDispatcher'>
 at bci 0 for thread 0x00007fefe3272800 (pool-2-thread-3)
[2.591s][info][exceptions] Exception <a 'sun/nio/fs/UnixException'{0x000000070f8052c0}>
 thrown in interpreter method <{method} {0x000000012d0c2b48} 'get' '(Lsun/nio/fs/UnixPath;Z)Lsun/nio/fs/UnixFileAttributes;' in 'sun/nio/fs/UnixFileAttributes'>
 at bci 22 for thread 0x00007ff003262000 (pool-2-thread-4)
[2.591s][info][exceptions] Exception <a 'sun/nio/fs/UnixException'{0x000000070f7795a0}>
 thrown in interpreter method <{method} {0x0000000130928fe8} 'copy' '(Lsun/nio/fs/UnixPath;Lsun/nio/fs/UnixPath;[Ljava/nio/file/CopyOption;)V' in 'sun/nio/fs/UnixCopyFile'>
 at bci 78 for thread 0x00007ff003150800 (pool-2-thread-2)
[2.591s][info][exceptions] Exception <a 'sun/nio/fs/UnixException'{0x000000070f88b0b8}>
 thrown in interpreter method <{method} {0x000000012d0ba0c0} 'lstat' '(Lsun/nio/fs/UnixPath;Lsun/nio/fs/UnixFileAttributes;)V' in 'sun/nio/fs/UnixNativeDispatcher'>
 at bci 10 for thread 0x00007fefe3272800 (pool-2-thread-3)
[2.591s][info][exceptions] Exception <a 'sun/nio/fs/UnixException'{0x000000070f8052c0}>
 thrown in interpreter method <{method} {0x0000000130928fe8} 'copy' '(Lsun/nio/fs/UnixPath;Lsun/nio/fs/UnixPath;[Ljava/nio/file/CopyOption;)V' in 'sun/nio/fs/UnixCopyFile'>
 at bci 78 for thread 0x00007ff003262000 (pool-2-thread-4)
[2.592s][info][exceptions] Exception <a 'sun/nio/fs/UnixException'{0x000000070f88b0b8}>
 thrown in interpreter method <{method} {0x000000012d0ba0c0} 'lstat' '(Lsun/nio/fs/UnixPath;Lsun/nio/fs/UnixFileAttributes;)V' in 'sun/nio/fs/UnixNativeDispatcher'>
 at bci 26 for thread 0x00007fefe3272800 (pool-2-thread-3)
[2.592s][info][exceptions] Exception <a 'sun/nio/fs/UnixException'{0x000000070ffe8a88}> (0x000000070ffe8a88) 
thrown [/corretto/workspace/corretto11-repo/installers/mac/tar/corretto-build/buildRoot/src/src/hotspot/share/prims/jni.cpp, line 615]
for thread 0x00007ff004b27000
[2.592s][info][exceptions] Exception <a 'sun/nio/fs/UnixException'{0x000000070f88b0b8}>
 thrown in interpreter method <{method} {0x000000012d0c2b48} 'get' '(Lsun/nio/fs/UnixPath;Z)Lsun/nio/fs/UnixFileAttributes;' in 'sun/nio/fs/UnixFileAttributes'>
 at bci 22 for thread 0x00007fefe3272800 (pool-2-thread-3)
[2.592s][info][exceptions] Exception <a 'sun/nio/fs/UnixException'{0x000000070ffe8a88}>
 thrown in interpreter method <{method} {0x000000012d0ba158} 'lstat0' '(JLsun/nio/fs/UnixFileAttributes;)V' in 'sun/nio/fs/UnixNativeDispatcher'>
 at bci 0 for thread 0x00007ff004b27000 (pool-2-thread-1)
[2.592s][info][exceptions] Exception <a 'sun/nio/fs/UnixException'{0x000000070f88b0b8}>
 thrown in interpreter method <{method} {0x0000000130928fe8} 'copy' '(Lsun/nio/fs/UnixPath;Lsun/nio/fs/UnixPath;[Ljava/nio/file/CopyOption;)V' in 'sun/nio/fs/UnixCopyFile'>
 at bci 78 for thread 0x00007fefe3272800 (pool-2-thread-3)
[2.592s][info][exceptions] Exception <a 'sun/nio/fs/UnixException'{0x000000070ffe8a88}>
 thrown in interpreter method <{method} {0x000000012d0ba0c0} 'lstat' '(Lsun/nio/fs/UnixPath;Lsun/nio/fs/UnixFileAttributes;)V' in 'sun/nio/fs/UnixNativeDispatcher'>
 at bci 10 for thread 0x00007ff004b27000 (pool-2-thread-1)
[2.592s][info][exceptions] Exception <a 'sun/nio/fs/UnixException'{0x000000070f77a918}> (0x000000070f77a918) 
thrown [/corretto/workspace/corretto11-repo/installers/mac/tar/corretto-build/buildRoot/src/src/hotspot/share/prims/jni.cpp, line 615]
for thread 0x00007ff003150800
[2.592s][info][exceptions] Exception <a 'sun/nio/fs/UnixException'{0x000000070ffe8a88}>
 thrown in interpreter method <{method} {0x000000012d0ba0c0} 'lstat' '(Lsun/nio/fs/UnixPath;Lsun/nio/fs/UnixFileAttributes;)V' in 'sun/nio/fs/UnixNativeDispatcher'>
 at bci 26 for thread 0x00007ff004b27000 (pool-2-thread-1)
[2.592s][info][exceptions] Exception <a 'sun/nio/fs/UnixException'{0x000000070f77a918}>
 thrown in interpreter method <{method} {0x000000012d0ba158} 'lstat0' '(JLsun/nio/fs/UnixFileAttributes;)V' in 'sun/nio/fs/UnixNativeDispatcher'>
 at bci 0 for thread 0x00007ff003150800 (pool-2-thread-2)
[2.592s][info][exceptions] Exception <a 'sun/nio/fs/UnixException'{0x000000070ffe8a88}>
 thrown in interpreter method <{method} {0x000000012d0c2b48} 'get' '(Lsun/nio/fs/UnixPath;Z)Lsun/nio/fs/UnixFileAttributes;' in 'sun/nio/fs/UnixFileAttributes'>
 at bci 22 for thread 0x00007ff004b27000 (pool-2-thread-1)
[2.592s][info][exceptions] Exception <a 'sun/nio/fs/UnixException'{0x000000070f88c430}> (0x000000070f88c430) 
thrown [/corretto/workspace/corretto11-repo/installers/mac/tar/corretto-build/buildRoot/src/src/hotspot/share/prims/jni.cpp, line 615]
for thread 0x00007fefe3272800
[2.592s][info][exceptions] Exception <a 'sun/nio/fs/UnixException'{0x000000070f77a918}>
 thrown in interpreter method <{method} {0x000000012d0ba0c0} 'lstat' '(Lsun/nio/fs/UnixPath;Lsun/nio/fs/UnixFileAttributes;)V' in 'sun/nio/fs/UnixNativeDispatcher'>
 at bci 10 for thread 0x00007ff003150800 (pool-2-thread-2)
[2.592s][info][exceptions] Exception <a 'sun/nio/fs/UnixException'{0x000000070ffe8a88}>
 thrown in interpreter method <{method} {0x0000000130928fe8} 'copy' '(Lsun/nio/fs/UnixPath;Lsun/nio/fs/UnixPath;[Ljava/nio/file/CopyOption;)V' in 'sun/nio/fs/UnixCopyFile'>
 at bci 78 for thread 0x00007ff004b27000 (pool-2-thread-1)
[2.592s][info][exceptions] Exception <a 'sun/nio/fs/UnixException'{0x000000070f88c430}>
 thrown in interpreter method <{method} {0x000000012d0ba158} 'lstat0' '(JLsun/nio/fs/UnixFileAttributes;)V' in 'sun/nio/fs/UnixNativeDispatcher'>
 at bci 0 for thread 0x00007fefe3272800 (pool-2-thread-3)
[2.592s][info][exceptions] Exception <a 'sun/nio/fs/UnixException'{0x000000070f77a918}>
 thrown in interpreter method <{method} {0x000000012d0ba0c0} 'lstat' '(Lsun/nio/fs/UnixPath;Lsun/nio/fs/UnixFileAttributes;)V' in 'sun/nio/fs/UnixNativeDispatcher'>
 at bci 26 for thread 0x00007ff003150800 (pool-2-thread-2)
[2.592s][info][exceptions] Exception <a 'sun/nio/fs/UnixException'{0x000000070f806638}> (0x000000070f806638) 
thrown [/corretto/workspace/corretto11-repo/installers/mac/tar/corretto-build/buildRoot/src/src/hotspot/share/prims/jni.cpp, line 615]
for thread 0x00007ff003262000
[2.592s][info][exceptions] Exception <a 'sun/nio/fs/UnixException'{0x000000070f88c430}>
 thrown in interpreter method <{method} {0x000000012d0ba0c0} 'lstat' '(Lsun/nio/fs/UnixPath;Lsun/nio/fs/UnixFileAttributes;)V' in 'sun/nio/fs/UnixNativeDispatcher'>
 at bci 10 for thread 0x00007fefe3272800 (pool-2-thread-3)
[2.592s][info][exceptions] Exception <a 'sun/nio/fs/UnixException'{0x000000070f77a918}>
 thrown in interpreter method <{method} {0x000000012d0c2b48} 'get' '(Lsun/nio/fs/UnixPath;Z)Lsun/nio/fs/UnixFileAttributes;' in 'sun/nio/fs/UnixFileAttributes'>
 at bci 22 for thread 0x00007ff003150800 (pool-2-thread-2)
[2.592s][info][exceptions] Exception <a 'sun/nio/fs/UnixException'{0x000000070f806638}>
 thrown in interpreter method <{method} {0x000000012d0ba158} 'lstat0' '(JLsun/nio/fs/UnixFileAttributes;)V' in 'sun/nio/fs/UnixNativeDispatcher'>
 at bci 0 for thread 0x00007ff003262000 (pool-2-thread-4)
[2.592s][info][exceptions] Exception <a 'sun/nio/fs/UnixException'{0x000000070f88c430}>
 thrown in interpreter method <{method} {0x000000012d0ba0c0} 'lstat' '(Lsun/nio/fs/UnixPath;Lsun/nio/fs/UnixFileAttributes;)V' in 'sun/nio/fs/UnixNativeDispatcher'>
 at bci 26 for thread 0x00007fefe3272800 (pool-2-thread-3)
[2.592s][info][exceptions] Exception <a 'sun/nio/fs/UnixException'{0x000000070f77a918}>
 thrown in interpreter method <{method} {0x0000000130928fe8} 'copy' '(Lsun/nio/fs/UnixPath;Lsun/nio/fs/UnixPath;[Ljava/nio/file/CopyOption;)V' in 'sun/nio/fs/UnixCopyFile'>
 at bci 78 for thread 0x00007ff003150800 (pool-2-thread-2)
[2.592s][info][exceptions] Exception <a 'sun/nio/fs/UnixException'{0x000000070f806638}>
 thrown in interpreter method <{method} {0x000000012d0ba0c0} 'lstat' '(Lsun/nio/fs/UnixPath;Lsun/nio/fs/UnixFileAttributes;)V' in 'sun/nio/fs/UnixNativeDispatcher'>
 at bci 10 for thread 0x00007ff003262000 (pool-2-thread-4)
[2.592s][info][exceptions] Exception <a 'sun/nio/fs/UnixException'{0x000000070f88c430}>
 thrown in interpreter method <{method} {0x000000012d0c2b48} 'get' '(Lsun/nio/fs/UnixPath;Z)Lsun/nio/fs/UnixFileAttributes;' in 'sun/nio/fs/UnixFileAttributes'>
 at bci 22 for thread 0x00007fefe3272800 (pool-2-thread-3)
[2.592s][info][exceptions] Exception <a 'sun/nio/fs/UnixException'{0x000000070f806638}>
 thrown in interpreter method <{method} {0x000000012d0ba0c0} 'lstat' '(Lsun/nio/fs/UnixPath;Lsun/nio/fs/UnixFileAttributes;)V' in 'sun/nio/fs/UnixNativeDispatcher'>
 at bci 26 for thread 0x00007ff003262000 (pool-2-thread-4)
[2.592s][info][exceptions] Exception <a 'sun/nio/fs/UnixException'{0x000000070f88c430}>
 thrown in interpreter method <{method} {0x0000000130928fe8} 'copy' '(Lsun/nio/fs/UnixPath;Lsun/nio/fs/UnixPath;[Ljava/nio/file/CopyOption;)V' in 'sun/nio/fs/UnixCopyFile'>
 at bci 78 for thread 0x00007fefe3272800 (pool-2-thread-3)
[2.592s][info][exceptions] Exception <a 'sun/nio/fs/UnixException'{0x000000070f806638}>
 thrown in interpreter method <{method} {0x000000012d0c2b48} 'get' '(Lsun/nio/fs/UnixPath;Z)Lsun/nio/fs/UnixFileAttributes;' in 'sun/nio/fs/UnixFileAttributes'>
 at bci 22 for thread 0x00007ff003262000 (pool-2-thread-4)
[2.592s][info][exceptions] Exception <a 'sun/nio/fs/UnixException'{0x000000070ffe9e00}> (0x000000070ffe9e00) 
thrown [/corretto/workspace/corretto11-repo/installers/mac/tar/corretto-build/buildRoot/src/src/hotspot/share/prims/jni.cpp, line 615]
for thread 0x00007ff004b27000
[2.592s][info][exceptions] Exception <a 'sun/nio/fs/UnixException'{0x000000070f806638}>
 thrown in interpreter method <{method} {0x0000000130928fe8} 'copy' '(Lsun/nio/fs/UnixPath;Lsun/nio/fs/UnixPath;[Ljava/nio/file/CopyOption;)V' in 'sun/nio/fs/UnixCopyFile'>
 at bci 78 for thread 0x00007ff003262000 (pool-2-thread-4)
[2.592s][info][exceptions] Exception <a 'sun/nio/fs/UnixException'{0x000000070ffe9e00}>
 thrown in interpreter method <{method} {0x000000012d0ba158} 'lstat0' '(JLsun/nio/fs/UnixFileAttributes;)V' in 'sun/nio/fs/UnixNativeDispatcher'>
 at bci 0 for thread 0x00007ff004b27000 (pool-2-thread-1)
[2.593s][info][exceptions] Exception <a 'sun/nio/fs/UnixException'{0x000000070ffe9e00}>
 thrown in interpreter method <{method} {0x000000012d0ba0c0} 'lstat' '(Lsun/nio/fs/UnixPath;Lsun/nio/fs/UnixFileAttributes;)V' in 'sun/nio/fs/UnixNativeDispatcher'>
 at bci 10 for thread 0x00007ff004b27000 (pool-2-thread-1)
[2.593s][info][exceptions] Exception <a 'sun/nio/fs/UnixException'{0x000000070ffe9e00}>
 thrown in interpreter method <{method} {0x000000012d0ba0c0} 'lstat' '(Lsun/nio/fs/UnixPath;Lsun/nio/fs/UnixFileAttributes;)V' in 'sun/nio/fs/UnixNativeDispatcher'>
 at bci 26 for thread 0x00007ff004b27000 (pool-2-thread-1)
[2.593s][info][exceptions] Exception <a 'sun/nio/fs/UnixException'{0x000000070ffe9e00}>
 thrown in interpreter method <{method} {0x000000012d0c2b48} 'get' '(Lsun/nio/fs/UnixPath;Z)Lsun/nio/fs/UnixFileAttributes;' in 'sun/nio/fs/UnixFileAttributes'>
 at bci 22 for thread 0x00007ff004b27000 (pool-2-thread-1)
[2.593s][info][exceptions] Exception <a 'sun/nio/fs/UnixException'{0x000000070ffe9e00}>
 thrown in interpreter method <{method} {0x0000000130928fe8} 'copy' '(Lsun/nio/fs/UnixPath;Lsun/nio/fs/UnixPath;[Ljava/nio/file/CopyOption;)V' in 'sun/nio/fs/UnixCopyFile'>
 at bci 78 for thread 0x00007ff004b27000 (pool-2-thread-1)
[2.593s][info][exceptions] Exception <a 'sun/nio/fs/UnixException'{0x000000070f77bc90}> (0x000000070f77bc90) 
thrown [/corretto/workspace/corretto11-repo/installers/mac/tar/corretto-build/buildRoot/src/src/hotspot/share/prims/jni.cpp, line 615]
for thread 0x00007ff003150800
[2.593s][info][exceptions] Exception <a 'sun/nio/fs/UnixException'{0x000000070f77bc90}>
 thrown in interpreter method <{method} {0x000000012d0ba158} 'lstat0' '(JLsun/nio/fs/UnixFileAttributes;)V' in 'sun/nio/fs/UnixNativeDispatcher'>
 at bci 0 for thread 0x00007ff003150800 (pool-2-thread-2)
[2.593s][info][exceptions] Exception <a 'sun/nio/fs/UnixException'{0x000000070f77bc90}>
 thrown in interpreter method <{method} {0x000000012d0ba0c0} 'lstat' '(Lsun/nio/fs/UnixPath;Lsun/nio/fs/UnixFileAttributes;)V' in 'sun/nio/fs/UnixNativeDispatcher'>
 at bci 10 for thread 0x00007ff003150800 (pool-2-thread-2)
[2.593s][info][exceptions] Exception <a 'sun/nio/fs/UnixException'{0x000000070f77bc90}>
 thrown in interpreter method <{method} {0x000000012d0ba0c0} 'lstat' '(Lsun/nio/fs/UnixPath;Lsun/nio/fs/UnixFileAttributes;)V' in 'sun/nio/fs/UnixNativeDispatcher'>
 at bci 26 for thread 0x00007ff003150800 (pool-2-thread-2)
[2.593s][info][exceptions] Exception <a 'sun/nio/fs/UnixException'{0x000000070f77bc90}>
 thrown in interpreter method <{method} {0x000000012d0c2b48} 'get' '(Lsun/nio/fs/UnixPath;Z)Lsun/nio/fs/UnixFileAttributes;' in 'sun/nio/fs/UnixFileAttributes'>
 at bci 22 for thread 0x00007ff003150800 (pool-2-thread-2)
[2.593s][info][exceptions] Exception <a 'sun/nio/fs/UnixException'{0x000000070f77bc90}>
 thrown in interpreter method <{method} {0x0000000130928fe8} 'copy' '(Lsun/nio/fs/UnixPath;Lsun/nio/fs/UnixPath;[Ljava/nio/file/CopyOption;)V' in 'sun/nio/fs/UnixCopyFile'>
 at bci 78 for thread 0x00007ff003150800 (pool-2-thread-2)
[2.593s][info][exceptions] Exception <a 'sun/nio/fs/UnixException'{0x000000070ffeb178}> (0x000000070ffeb178) 
thrown [/corretto/workspace/corretto11-repo/installers/mac/tar/corretto-build/buildRoot/src/src/hotspot/share/prims/jni.cpp, line 615]
for thread 0x00007ff004b27000
[2.593s][info][exceptions] Exception <a 'sun/nio/fs/UnixException'{0x000000070ffeb178}>
 thrown in interpreter method <{method} {0x000000012d0ba158} 'lstat0' '(JLsun/nio/fs/UnixFileAttributes;)V' in 'sun/nio/fs/UnixNativeDispatcher'>
 at bci 0 for thread 0x00007ff004b27000 (pool-2-thread-1)
[2.593s][info][exceptions] Exception <a 'sun/nio/fs/UnixException'{0x000000070ffeb178}>
 thrown in interpreter method <{method} {0x000000012d0ba0c0} 'lstat' '(Lsun/nio/fs/UnixPath;Lsun/nio/fs/UnixFileAttributes;)V' in 'sun/nio/fs/UnixNativeDispatcher'>
 at bci 10 for thread 0x00007ff004b27000 (pool-2-thread-1)
[2.593s][info][exceptions] Exception <a 'sun/nio/fs/UnixException'{0x000000070ffeb178}>
 thrown in interpreter method <{method} {0x000000012d0ba0c0} 'lstat' '(Lsun/nio/fs/UnixPath;Lsun/nio/fs/UnixFileAttributes;)V' in 'sun/nio/fs/UnixNativeDispatcher'>
 at bci 26 for thread 0x00007ff004b27000 (pool-2-thread-1)
[2.593s][info][exceptions] Exception <a 'sun/nio/fs/UnixException'{0x000000070ffeb178}>
 thrown in interpreter method <{method} {0x000000012d0c2b48} 'get' '(Lsun/nio/fs/UnixPath;Z)Lsun/nio/fs/UnixFileAttributes;' in 'sun/nio/fs/UnixFileAttributes'>
 at bci 22 for thread 0x00007ff004b27000 (pool-2-thread-1)
[2.593s][info][exceptions] Exception <a 'sun/nio/fs/UnixException'{0x000000070f8079b0}> (0x000000070f8079b0) 
thrown [/corretto/workspace/corretto11-repo/installers/mac/tar/corretto-build/buildRoot/src/src/hotspot/share/prims/jni.cpp, line 615]
for thread 0x00007ff003262000
[2.593s][info][exceptions] Exception <a 'sun/nio/fs/UnixException'{0x000000070ffeb178}>
 thrown in interpreter method <{method} {0x0000000130928fe8} 'copy' '(Lsun/nio/fs/UnixPath;Lsun/nio/fs/UnixPath;[Ljava/nio/file/CopyOption;)V' in 'sun/nio/fs/UnixCopyFile'>
 at bci 78 for thread 0x00007ff004b27000 (pool-2-thread-1)
[2.593s][info][exceptions] Exception <a 'sun/nio/fs/UnixException'{0x000000070f8079b0}>
 thrown in interpreter method <{method} {0x000000012d0ba158} 'lstat0' '(JLsun/nio/fs/UnixFileAttributes;)V' in 'sun/nio/fs/UnixNativeDispatcher'>
 at bci 0 for thread 0x00007ff003262000 (pool-2-thread-4)
[2.593s][info][exceptions] Exception <a 'sun/nio/fs/UnixException'{0x000000070f8079b0}>
 thrown in interpreter method <{method} {0x000000012d0ba0c0} 'lstat' '(Lsun/nio/fs/UnixPath;Lsun/nio/fs/UnixFileAttributes;)V' in 'sun/nio/fs/UnixNativeDispatcher'>
 at bci 10 for thread 0x00007ff003262000 (pool-2-thread-4)
[2.593s][info][exceptions] Exception <a 'sun/nio/fs/UnixException'{0x000000070f8079b0}>
 thrown in interpreter method <{method} {0x000000012d0ba0c0} 'lstat' '(Lsun/nio/fs/UnixPath;Lsun/nio/fs/UnixFileAttributes;)V' in 'sun/nio/fs/UnixNativeDispatcher'>
 at bci 26 for thread 0x00007ff003262000 (pool-2-thread-4)
[2.593s][info][exceptions] Exception <a 'sun/nio/fs/UnixException'{0x000000070f8079b0}>
 thrown in interpreter method <{method} {0x000000012d0c2b48} 'get' '(Lsun/nio/fs/UnixPath;Z)Lsun/nio/fs/UnixFileAttributes;' in 'sun/nio/fs/UnixFileAttributes'>
 at bci 22 for thread 0x00007ff003262000 (pool-2-thread-4)
[2.593s][info][exceptions] Exception <a 'sun/nio/fs/UnixException'{0x000000070f8079b0}>
 thrown in interpreter method <{method} {0x0000000130928fe8} 'copy' '(Lsun/nio/fs/UnixPath;Lsun/nio/fs/UnixPath;[Ljava/nio/file/CopyOption;)V' in 'sun/nio/fs/UnixCopyFile'>
 at bci 78 for thread 0x00007ff003262000 (pool-2-thread-4)
[2.595s][info][exceptions] Exception <a 'java/lang/NoSuchMethodException'{0x000000070f88d5d0}: sun.security.provider.NativePRNG.<init>(java.security.SecureRandomParameters)>
 thrown in interpreter method <{method} {0x000000012cde29a0} 'getConstructor0' '([Ljava/lang/Class;I)Ljava/lang/reflect/Constructor;' in 'java/lang/Class'>
 at bci 82 for thread 0x00007fefe3272800 (pool-2-thread-3)
[2.595s][info][exceptions] Exception <a 'java/lang/NoSuchMethodException'{0x000000070f88d5d0}: sun.security.provider.NativePRNG.<init>(java.security.SecureRandomParameters)>
 thrown in interpreter method <{method} {0x000000012cde0948} 'getConstructor' '([Ljava/lang/Class;)Ljava/lang/reflect/Constructor;' in 'java/lang/Class'>
 at bci 24 for thread 0x00007fefe3272800 (pool-2-thread-3)
[2.595s][info][exceptions] Exception <a 'java/lang/NoSuchMethodException'{0x000000070f88d5d0}: sun.security.provider.NativePRNG.<init>(java.security.SecureRandomParameters)>
 thrown in interpreter method <{method} {0x000000012d174788} 'newInstanceUtil' '(Ljava/lang/Class;Ljava/lang/Class;Ljava/lang/Object;)Ljava/lang/Object;' in 'java/security/Provider'>
 at bci 31 for thread 0x00007fefe3272800 (pool-2-thread-3)
[2.612s][info][exceptions] Exception <a 'java/lang/NoSuchMethodException'{0x000000070f78c608}: sun.security.provider.NativePRNG.<init>(java.security.SecureRandomParameters)>
 thrown in interpreter method <{method} {0x000000012cde29a0} 'getConstructor0' '([Ljava/lang/Class;I)Ljava/lang/reflect/Constructor;' in 'java/lang/Class'>
 at bci 82 for thread 0x00007ff003150800 (pool-2-thread-2)
[2.612s][info][exceptions] Exception <a 'java/lang/NoSuchMethodException'{0x000000070f78c608}: sun.security.provider.NativePRNG.<init>(java.security.SecureRandomParameters)>
 thrown in interpreter method <{method} {0x000000012cde0948} 'getConstructor' '([Ljava/lang/Class;)Ljava/lang/reflect/Constructor;' in 'java/lang/Class'>
 at bci 24 for thread 0x00007ff003150800 (pool-2-thread-2)
[2.612s][info][exceptions] Exception <a 'java/lang/NoSuchMethodException'{0x000000070f78c608}: sun.security.provider.NativePRNG.<init>(java.security.SecureRandomParameters)>
 thrown in interpreter method <{method} {0x000000012d174788} 'newInstanceUtil' '(Ljava/lang/Class;Ljava/lang/Class;Ljava/lang/Object;)Ljava/lang/Object;' in 'java/security/Provider'>
 at bci 31 for thread 0x00007ff003150800 (pool-2-thread-2)
[2.635s][info][exceptions] Exception <a 'java/lang/NoSuchMethodError'{0x000000070f79a2c0}: 'java.lang.Object java.lang.invoke.DirectMethodHandle$Holder.invokeStaticInit(java.lang.Object, java.lang.Object, long, java.lang.Object)'> (0x000000070f79a2c0) 
thrown [/corretto/workspace/corretto11-repo/installers/mac/tar/corretto-build/buildRoot/src/src/hotspot/share/interpreter/linkResolver.cpp, line 773]
for thread 0x00007ff003150800
[2.638s][info][exceptions] Exception <a 'java/lang/NoSuchMethodError'{0x000000070f7a6268}: 'java.lang.Object java.lang.invoke.Invokers$Holder.linkToTargetMethod(java.lang.Object, long, java.lang.Object)'> (0x000000070f7a6268) 
thrown [/corretto/workspace/corretto11-repo/installers/mac/tar/corretto-build/buildRoot/src/src/hotspot/share/interpreter/linkResolver.cpp, line 773]
for thread 0x00007ff003150800
[2.646s][info][exceptions] Exception <a 'java/lang/NoSuchMethodError'{0x000000070f6092b8}: 'java.lang.Object java.lang.invoke.DirectMethodHandle$Holder.invokeStatic(java.lang.Object, java.lang.Object, java.lang.Object, int)'> (0x000000070f6092b8) 
thrown [/corretto/workspace/corretto11-repo/installers/mac/tar/corretto-build/buildRoot/src/src/hotspot/share/interpreter/linkResolver.cpp, line 773]
for thread 0x00007ff004b27000
[2.646s][info][exceptions] Exception <a 'java/lang/NoSuchMethodError'{0x000000070f8a5f08}: 'java.lang.Object java.lang.invoke.DirectMethodHandle$Holder.invokeStatic(java.lang.Object, java.lang.Object, java.lang.Object, int)'> (0x000000070f8a5f08) 
thrown [/corretto/workspace/corretto11-repo/installers/mac/tar/corretto-build/buildRoot/src/src/hotspot/share/interpreter/linkResolver.cpp, line 773]
for thread 0x00007fefe3272800
[2.646s][info][exceptions] Exception <a 'java/lang/NoSuchMethodError'{0x000000070f820248}: 'java.lang.Object java.lang.invoke.DirectMethodHandle$Holder.invokeStatic(java.lang.Object, java.lang.Object, java.lang.Object, int)'> (0x000000070f820248) 
thrown [/corretto/workspace/corretto11-repo/installers/mac/tar/corretto-build/buildRoot/src/src/hotspot/share/interpreter/linkResolver.cpp, line 773]
for thread 0x00007ff003262000
[2.649s][info][exceptions] Exception <a 'java/lang/NoSuchMethodError'{0x000000070f60c9a0}: 'java.lang.Object java.lang.invoke.DirectMethodHandle$Holder.invokeSpecial(java.lang.Object, java.lang.Object, java.lang.Object, java.lang.Object, int)'> (0x000000070f60c9a0) 
thrown [/corretto/workspace/corretto11-repo/installers/mac/tar/corretto-build/buildRoot/src/src/hotspot/share/interpreter/linkResolver.cpp, line 773]
for thread 0x00007ff004b27000
[2.650s][info][exceptions] Exception <a 'java/lang/NoSuchMethodError'{0x000000070f8a93f0}: 'java.lang.Object java.lang.invoke.DirectMethodHandle$Holder.invokeSpecial(java.lang.Object, java.lang.Object, java.lang.Object, java.lang.Object, int)'> (0x000000070f8a93f0) 
thrown [/corretto/workspace/corretto11-repo/installers/mac/tar/corretto-build/buildRoot/src/src/hotspot/share/interpreter/linkResolver.cpp, line 773]
for thread 0x00007fefe3272800
[2.650s][info][exceptions] Exception <a 'java/lang/NoSuchMethodError'{0x000000070f7ac1c8}: 'java.lang.Object java.lang.invoke.DirectMethodHandle$Holder.invokeSpecial(java.lang.Object, java.lang.Object, java.lang.Object, java.lang.Object, int)'> (0x000000070f7ac1c8) 
thrown [/corretto/workspace/corretto11-repo/installers/mac/tar/corretto-build/buildRoot/src/src/hotspot/share/interpreter/linkResolver.cpp, line 773]
for thread 0x00007ff003150800
[2.650s][info][exceptions] Exception <a 'java/lang/NoSuchMethodError'{0x000000070f823a10}: 'java.lang.Object java.lang.invoke.DirectMethodHandle$Holder.invokeSpecial(java.lang.Object, java.lang.Object, java.lang.Object, java.lang.Object, int)'> (0x000000070f823a10) 
thrown [/corretto/workspace/corretto11-repo/installers/mac/tar/corretto-build/buildRoot/src/src/hotspot/share/interpreter/linkResolver.cpp, line 773]
for thread 0x00007ff003262000
[2.651s][info][exceptions] Exception <a 'java/lang/NoSuchMethodError'{0x000000070f826a50}: 'java.lang.Object java.lang.invoke.Invokers$Holder.linkToTargetMethod(java.lang.Object, java.lang.Object, int, java.lang.Object)'> (0x000000070f826a50) 
thrown [/corretto/workspace/corretto11-repo/installers/mac/tar/corretto-build/buildRoot/src/src/hotspot/share/interpreter/linkResolver.cpp, line 773]
for thread 0x00007ff003262000
[2.651s][info][exceptions] Exception <a 'java/lang/NoSuchMethodError'{0x000000070f60f9b8}: 'java.lang.Object java.lang.invoke.Invokers$Holder.linkToTargetMethod(java.lang.Object, java.lang.Object, int, java.lang.Object)'> (0x000000070f60f9b8) 
thrown [/corretto/workspace/corretto11-repo/installers/mac/tar/corretto-build/buildRoot/src/src/hotspot/share/interpreter/linkResolver.cpp, line 773]
for thread 0x00007ff004b27000
[2.652s][info][exceptions] Exception <a 'java/lang/NoSuchMethodError'{0x000000070f8ac430}: 'java.lang.Object java.lang.invoke.Invokers$Holder.linkToTargetMethod(java.lang.Object, java.lang.Object, int, java.lang.Object)'> (0x000000070f8ac430) 
thrown [/corretto/workspace/corretto11-repo/installers/mac/tar/corretto-build/buildRoot/src/src/hotspot/share/interpreter/linkResolver.cpp, line 773]
for thread 0x00007fefe3272800
[2.652s][info][exceptions] Exception <a 'java/lang/NoSuchMethodError'{0x000000070f7af1e0}: 'java.lang.Object java.lang.invoke.Invokers$Holder.linkToTargetMethod(java.lang.Object, java.lang.Object, int, java.lang.Object)'> (0x000000070f7af1e0) 
thrown [/corretto/workspace/corretto11-repo/installers/mac/tar/corretto-build/buildRoot/src/src/hotspot/share/interpreter/linkResolver.cpp, line 773]
for thread 0x00007ff003150800
[17.765s][info][exceptions] Exception <a 'java/lang/InterruptedException'{0x000000070f43ff38}>
 thrown in interpreter method <{method} {0x000000012d4fa990} 'reportInterruptAfterWait' '(I)V' in 'java/util/concurrent/locks/AbstractQueuedSynchronizer$ConditionObject'>
 at bci 12 for thread 0x00007ff003150800 (pool-2-thread-2)
[17.766s][info][exceptions] Exception <a 'java/lang/InterruptedException'{0x000000070f43ff38}>
 thrown in interpreter method <{method} {0x000000012d4faa88} 'await' '()V' in 'java/util/concurrent/locks/AbstractQueuedSynchronizer$ConditionObject'>
 at bci 94 for thread 0x00007ff003150800 (pool-2-thread-2)
[17.766s][info][exceptions] Exception <a 'java/lang/InterruptedException'{0x000000070f43ff38}>
 thrown in interpreter method <{method} {0x0000000130856cf0} 'take' '()Ljava/lang/Object;' in 'java/util/concurrent/LinkedBlockingQueue'>
 at bci 27 for thread 0x00007ff003150800 (pool-2-thread-2)
[17.766s][info][exceptions] Exception <a 'java/lang/InterruptedException'{0x000000070f43ff38}>
 thrown in interpreter method <{method} {0x0000000130856cf0} 'take' '()Ljava/lang/Object;' in 'java/util/concurrent/LinkedBlockingQueue'>
 at bci 76 for thread 0x00007ff003150800 (pool-2-thread-2)
[17.766s][info][exceptions] Exception <a 'java/lang/InterruptedException'{0x000000070f43ff38}>
 thrown in interpreter method <{method} {0x000000010dc7ff90} 'getTask' '()Ljava/lang/Runnable;' in 'java/util/concurrent/ThreadPoolExecutor'>
 at bci 147 for thread 0x00007ff003150800 (pool-2-thread-2)
[17.766s][info][exceptions] Exception <a 'java/lang/InterruptedException'{0x000000070f5b3f98}>
 thrown in interpreter method <{method} {0x000000012d4fa990} 'reportInterruptAfterWait' '(I)V' in 'java/util/concurrent/locks/AbstractQueuedSynchronizer$ConditionObject'>
 at bci 12 for thread 0x00007ff004b27000 (pool-2-thread-1)
[17.766s][info][exceptions] Exception <a 'java/lang/InterruptedException'{0x000000070f5b3f98}>
 thrown in interpreter method <{method} {0x000000012d4faa88} 'await' '()V' in 'java/util/concurrent/locks/AbstractQueuedSynchronizer$ConditionObject'>
 at bci 94 for thread 0x00007ff004b27000 (pool-2-thread-1)
[17.766s][info][exceptions] Exception <a 'java/lang/InterruptedException'{0x000000070f5b3f98}>
 thrown in interpreter method <{method} {0x0000000130856cf0} 'take' '()Ljava/lang/Object;' in 'java/util/concurrent/LinkedBlockingQueue'>
 at bci 27 for thread 0x00007ff004b27000 (pool-2-thread-1)
[17.766s][info][exceptions] Exception <a 'java/lang/InterruptedException'{0x000000070f5b3f98}>
 thrown in interpreter method <{method} {0x0000000130856cf0} 'take' '()Ljava/lang/Object;' in 'java/util/concurrent/LinkedBlockingQueue'>
 at bci 76 for thread 0x00007ff004b27000 (pool-2-thread-1)
[17.766s][info][exceptions] Exception <a 'java/lang/InterruptedException'{0x000000070f5b3f98}>
 thrown in interpreter method <{method} {0x000000010dc7ff90} 'getTask' '()Ljava/lang/Runnable;' in 'java/util/concurrent/ThreadPoolExecutor'>
 at bci 147 for thread 0x00007ff004b27000 (pool-2-thread-1)
[17.766s][info][exceptions] Exception <a 'java/lang/InterruptedException'{0x000000070f34d870}>
 thrown in interpreter method <{method} {0x000000012d4fa990} 'reportInterruptAfterWait' '(I)V' in 'java/util/concurrent/locks/AbstractQueuedSynchronizer$ConditionObject'>
 at bci 12 for thread 0x00007ff003262000 (pool-2-thread-4)
[17.767s][info][exceptions] Exception <a 'java/lang/InterruptedException'{0x000000070f34d870}>
 thrown in interpreter method <{method} {0x000000012d4faa88} 'await' '()V' in 'java/util/concurrent/locks/AbstractQueuedSynchronizer$ConditionObject'>
 at bci 94 for thread 0x00007ff003262000 (pool-2-thread-4)
[17.767s][info][exceptions] Exception <a 'java/lang/InterruptedException'{0x000000070f34d870}>
 thrown in interpreter method <{method} {0x0000000130856cf0} 'take' '()Ljava/lang/Object;' in 'java/util/concurrent/LinkedBlockingQueue'>
 at bci 27 for thread 0x00007ff003262000 (pool-2-thread-4)
[17.767s][info][exceptions] Exception <a 'java/lang/InterruptedException'{0x000000070f34d870}>
 thrown in interpreter method <{method} {0x0000000130856cf0} 'take' '()Ljava/lang/Object;' in 'java/util/concurrent/LinkedBlockingQueue'>
 at bci 76 for thread 0x00007ff003262000 (pool-2-thread-4)
[17.767s][info][exceptions] Exception <a 'java/lang/InterruptedException'{0x000000070f34d870}>
 thrown in interpreter method <{method} {0x000000010dc7ff90} 'getTask' '()Ljava/lang/Runnable;' in 'java/util/concurrent/ThreadPoolExecutor'>
 at bci 147 for thread 0x00007ff003262000 (pool-2-thread-4)
[17.795s][info][exceptions] Exception <a 'com/sun/org/apache/xerces/internal/impl/XMLEntityScanner$1'{0x000000070fc31338}>
 thrown in interpreter method <{method} {0x000000012fd00768} 'load' '(IZZ)Z' in 'com/sun/org/apache/xerces/internal/impl/XMLEntityScanner'>
 at bci 171 for thread 0x00007ff00300f000 (main)
[17.795s][info][exceptions] Exception <a 'com/sun/org/apache/xerces/internal/impl/XMLEntityScanner$1'{0x000000070fc31338}>
 thrown in interpreter method <{method} {0x000000012fd2e818} 'next' '()I' in 'com/sun/org/apache/xerces/internal/impl/XMLDocumentScannerImpl$TrailingMiscDriver'>
 at bci 75 for thread 0x00007ff00300f000 (main)
[17.816s][info][exceptions] Exception <a 'com/sun/org/apache/xerces/internal/impl/XMLEntityScanner$1'{0x000000070fc31338}>
 thrown in interpreter method <{method} {0x000000012fd00768} 'load' '(IZZ)Z' in 'com/sun/org/apache/xerces/internal/impl/XMLEntityScanner'>
 at bci 171 for thread 0x00007ff00300f000 (main)
[17.816s][info][exceptions] Exception <a 'com/sun/org/apache/xerces/internal/impl/XMLEntityScanner$1'{0x000000070fc31338}>
 thrown in interpreter method <{method} {0x000000012fd2e818} 'next' '()I' in 'com/sun/org/apache/xerces/internal/impl/XMLDocumentScannerImpl$TrailingMiscDriver'>
 at bci 75 for thread 0x00007ff00300f000 (main)
[17.830s][info][exceptions] Exception <a 'com/sun/org/apache/xerces/internal/impl/XMLEntityScanner$1'{0x000000070fc31338}>
 thrown in interpreter method <{method} {0x000000012fd00768} 'load' '(IZZ)Z' in 'com/sun/org/apache/xerces/internal/impl/XMLEntityScanner'>
 at bci 171 for thread 0x00007ff00300f000 (main)
[17.830s][info][exceptions] Exception <a 'com/sun/org/apache/xerces/internal/impl/XMLEntityScanner$1'{0x000000070fc31338}>
 thrown in interpreter method <{method} {0x000000012fd2e818} 'next' '()I' in 'com/sun/org/apache/xerces/internal/impl/XMLDocumentScannerImpl$TrailingMiscDriver'>
 at bci 75 for thread 0x00007ff00300f000 (main)
[17.857s][info][exceptions] Exception <a 'java/lang/NoSuchMethodError'{0x000000070f0dcd70}: 'java.lang.Object java.lang.invoke.DirectMethodHandle$Holder.invokeStatic(java.lang.Object, java.lang.Object, java.lang.Object, int, int)'> (0x000000070f0dcd70) 
thrown [/corretto/workspace/corretto11-repo/installers/mac/tar/corretto-build/buildRoot/src/src/hotspot/share/interpreter/linkResolver.cpp, line 773]
for thread 0x00007ff00300f000
[17.865s][info][exceptions] Exception <a 'java/lang/NoSuchMethodError'{0x000000070ef1fa60}: 'void java.lang.invoke.DirectMethodHandle$Holder.invokeStatic(java.lang.Object, int, int)'> (0x000000070ef1fa60) 
thrown [/corretto/workspace/corretto11-repo/installers/mac/tar/corretto-build/buildRoot/src/src/hotspot/share/interpreter/linkResolver.cpp, line 773]
for thread 0x00007ff00300f000
[17.866s][info][exceptions] Exception <a 'java/lang/NoSuchMethodError'{0x000000070ef22a00}: 'void java.lang.invoke.DirectMethodHandle$Holder.invokeStaticInit(java.lang.Object, int, int)'> (0x000000070ef22a00) 
thrown [/corretto/workspace/corretto11-repo/installers/mac/tar/corretto-build/buildRoot/src/src/hotspot/share/interpreter/linkResolver.cpp, line 773]
for thread 0x00007ff00300f000
[18.004s][info][exceptions] Exception <a 'java/lang/NoSuchMethodError'{0x000000070ecf66a0}: 'java.lang.Object java.lang.invoke.DirectMethodHandle$Holder.invokeStaticInit(java.lang.Object, int)'> (0x000000070ecf66a0) 
thrown [/corretto/workspace/corretto11-repo/installers/mac/tar/corretto-build/buildRoot/src/src/hotspot/share/interpreter/linkResolver.cpp, line 773]
for thread 0x00007ff00300f000
[18.026s][info][exceptions] Exception <a 'java/lang/NoSuchMethodError'{0x000000070eaee0d8}: 'int java.lang.invoke.DirectMethodHandle$Holder.invokeStaticInit(java.lang.Object, java.lang.Object)'> (0x000000070eaee0d8) 
thrown [/corretto/workspace/corretto11-repo/installers/mac/tar/corretto-build/buildRoot/src/src/hotspot/share/interpreter/linkResolver.cpp, line 773]
for thread 0x00007ff00300f000
[18.163s][info][exceptions] Exception <a 'com/sun/org/apache/xerces/internal/impl/XMLEntityScanner$1'{0x000000070fc31338}>
 thrown in interpreter method <{method} {0x000000012fd00768} 'load' '(IZZ)Z' in 'com/sun/org/apache/xerces/internal/impl/XMLEntityScanner'>
 at bci 171 for thread 0x00007ff00300f000 (main)
[18.163s][info][exceptions] 1 [Exception (): a 'com/sun/org/apache/xerces/internal/impl/XMLEntityScanner$1'{0x000000070fc31338} in {method} {0x000000012fd001e0} 'skipSpaces' '()Z' in 'com/sun/org/apache/xerces/internal/impl/XMLEntityScanner' at 0x000000011a9769a4]
[18.163s][info][exceptions] Exception <a 'com/sun/org/apache/xerces/internal/impl/XMLEntityScanner$1'{0x000000070fc31338}>
 thrown in interpreter method <{method} {0x000000012fd2e818} 'next' '()I' in 'com/sun/org/apache/xerces/internal/impl/XMLDocumentScannerImpl$TrailingMiscDriver'>
 at bci 75 for thread 0x00007ff00300f000 (main)
[18.706s][info][exceptions] Exception <a 'com/sun/org/apache/xerces/internal/impl/XMLEntityScanner$1'{0x000000070fc31338}>
 thrown in interpreter method <{method} {0x000000012fd00768} 'load' '(IZZ)Z' in 'com/sun/org/apache/xerces/internal/impl/XMLEntityScanner'>
 at bci 171 for thread 0x00007ff00300f000 (main)
[18.706s][info][exceptions] 2 [Exception (): a 'com/sun/org/apache/xerces/internal/impl/XMLEntityScanner$1'{0x000000070fc31338} in {method} {0x000000012fd001e0} 'skipSpaces' '()Z' in 'com/sun/org/apache/xerces/internal/impl/XMLEntityScanner' at 0x000000011a9769a4]
[18.706s][info][exceptions] Exception <a 'com/sun/org/apache/xerces/internal/impl/XMLEntityScanner$1'{0x000000070fc31338}>
 thrown in interpreter method <{method} {0x000000012fd2e818} 'next' '()I' in 'com/sun/org/apache/xerces/internal/impl/XMLDocumentScannerImpl$TrailingMiscDriver'>
 at bci 75 for thread 0x00007ff00300f000 (main)
[18.784s][info][exceptions] Exception <a 'com/sun/org/apache/xerces/internal/impl/XMLEntityScanner$1'{0x000000070fc31338}>
 thrown in interpreter method <{method} {0x000000012fd00768} 'load' '(IZZ)Z' in 'com/sun/org/apache/xerces/internal/impl/XMLEntityScanner'>
 at bci 171 for thread 0x00007ff00300f000 (main)
[18.784s][info][exceptions] 3 [Exception (): a 'com/sun/org/apache/xerces/internal/impl/XMLEntityScanner$1'{0x000000070fc31338} in {method} {0x000000012fd001e0} 'skipSpaces' '()Z' in 'com/sun/org/apache/xerces/internal/impl/XMLEntityScanner' at 0x000000011a9769a4]
[18.784s][info][exceptions] Exception <a 'com/sun/org/apache/xerces/internal/impl/XMLEntityScanner$1'{0x000000070fc31338}>
 thrown in interpreter method <{method} {0x000000012fd2e818} 'next' '()I' in 'com/sun/org/apache/xerces/internal/impl/XMLDocumentScannerImpl$TrailingMiscDriver'>
 at bci 75 for thread 0x00007ff00300f000 (main)
[18.807s][info][exceptions] Exception <a 'com/sun/org/apache/xerces/internal/impl/XMLEntityScanner$1'{0x000000070fc31338}>
 thrown in interpreter method <{method} {0x000000012fd00768} 'load' '(IZZ)Z' in 'com/sun/org/apache/xerces/internal/impl/XMLEntityScanner'>
 at bci 171 for thread 0x00007ff00300f000 (main)
[18.807s][info][exceptions] 4 [Exception (): a 'com/sun/org/apache/xerces/internal/impl/XMLEntityScanner$1'{0x000000070fc31338} in {method} {0x000000012fd001e0} 'skipSpaces' '()Z' in 'com/sun/org/apache/xerces/internal/impl/XMLEntityScanner' at 0x000000011a9769a4]
[18.807s][info][exceptions] Exception <a 'com/sun/org/apache/xerces/internal/impl/XMLEntityScanner$1'{0x000000070fc31338}>
 thrown in interpreter method <{method} {0x000000012fd2e818} 'next' '()I' in 'com/sun/org/apache/xerces/internal/impl/XMLDocumentScannerImpl$TrailingMiscDriver'>
 at bci 75 for thread 0x00007ff00300f000 (main)
[18.850s][info][exceptions] Exception <a 'com/sun/org/apache/xerces/internal/impl/XMLEntityScanner$1'{0x000000070fc31338}>
 thrown in interpreter method <{method} {0x000000012fd00768} 'load' '(IZZ)Z' in 'com/sun/org/apache/xerces/internal/impl/XMLEntityScanner'>
 at bci 171 for thread 0x00007ff00300f000 (main)
[18.850s][info][exceptions] 5 [Exception (): a 'com/sun/org/apache/xerces/internal/impl/XMLEntityScanner$1'{0x000000070fc31338} in {method} {0x000000012fd001e0} 'skipSpaces' '()Z' in 'com/sun/org/apache/xerces/internal/impl/XMLEntityScanner' at 0x000000011a9769a4]
[18.850s][info][exceptions] Exception <a 'com/sun/org/apache/xerces/internal/impl/XMLEntityScanner$1'{0x000000070fc31338}>
 thrown in interpreter method <{method} {0x000000012fd2e818} 'next' '()I' in 'com/sun/org/apache/xerces/internal/impl/XMLDocumentScannerImpl$TrailingMiscDriver'>
 at bci 75 for thread 0x00007ff00300f000 (main)
[18.961s][info][exceptions] Exception <a 'com/sun/org/apache/xerces/internal/impl/XMLEntityScanner$1'{0x000000070fc31338}>
 thrown in interpreter method <{method} {0x000000012fd00768} 'load' '(IZZ)Z' in 'com/sun/org/apache/xerces/internal/impl/XMLEntityScanner'>
 at bci 171 for thread 0x00007ff00300f000 (main)
[18.961s][info][exceptions] Exception <a 'com/sun/org/apache/xerces/internal/impl/XMLEntityScanner$1'{0x000000070fc31338}>
 thrown in compiled method <{method} {0x000000012fd001e0} 'skipSpaces' '()Z' in 'com/sun/org/apache/xerces/internal/impl/XMLEntityScanner'>
 at PC0x00000001139f3414 for thread 0x00007ff00300f000
[18.961s][info][exceptions] Thread 0x00007ff00300f000 continuing at PC 0x00000001139f37a2 for exception thrown at PC 0x00000001139f3414
[18.961s][info][exceptions] Exception <a 'com/sun/org/apache/xerces/internal/impl/XMLEntityScanner$1'{0x000000070fc31338}>
 thrown in interpreter method <{method} {0x000000012fd2e818} 'next' '()I' in 'com/sun/org/apache/xerces/internal/impl/XMLDocumentScannerImpl$TrailingMiscDriver'>
 at bci 75 for thread 0x00007ff00300f000 (main)
[19.960s][info][exceptions] Exception <a 'com/sun/org/apache/xerces/internal/impl/XMLEntityScanner$1'{0x0000000708458d68}>
 thrown in interpreter method <{method} {0x000000012fd00768} 'load' '(IZZ)Z' in 'com/sun/org/apache/xerces/internal/impl/XMLEntityScanner'>
 at bci 171 for thread 0x00007ff00300f000 (main)
[19.960s][info][exceptions] Exception <a 'com/sun/org/apache/xerces/internal/impl/XMLEntityScanner$1'{0x0000000708458d68}>
 thrown in interpreter method <{method} {0x000000012fd2e818} 'next' '()I' in 'com/sun/org/apache/xerces/internal/impl/XMLDocumentScannerImpl$TrailingMiscDriver'>
 at bci 75 for thread 0x00007ff00300f000 (main)
[20.108s][info][exceptions] Exception <a 'java/net/MalformedURLException'{0x000000070b61ac40}: no protocol: Live demo 2.2 ↗>
 thrown in interpreter method <{method} {0x000000012ce7e8b0} '<init>' '(Ljava/lang/String;)V' in 'java/net/URL'>
 at bci 3 for thread 0x00007ff00300f000 (main)
[20.108s][info][exceptions] Exception <a 'java/net/MalformedURLException'{0x000000070b61ac40}: no protocol: Live demo 2.2 ↗>
 thrown in interpreter method <{method} {0x00000001309e8490} 'g' '(Ljava/lang/String;)Ljava/lang/String;' in 'com/amazon/adapter/i/b/k'>
 at bci 5 for thread 0x00007ff00300f000 (main)
[20.318s][info][exceptions] Exception <a 'java/net/MalformedURLException'{0x00000007095bbcd8}: no protocol: Live demo 2.5 ↗>
 thrown in interpreter method <{method} {0x000000012ce7e8b0} '<init>' '(Ljava/lang/String;)V' in 'java/net/URL'>
 at bci 3 for thread 0x00007ff00300f000 (main)
[20.318s][info][exceptions] Exception <a 'java/net/MalformedURLException'{0x00000007095bbcd8}: no protocol: Live demo 2.5 ↗>
 thrown in interpreter method <{method} {0x00000001309e8490} 'g' '(Ljava/lang/String;)Ljava/lang/String;' in 'com/amazon/adapter/i/b/k'>
 at bci 5 for thread 0x00007ff00300f000 (main)
[20.359s][info][exceptions] Exception <a 'com/sun/org/apache/xerces/internal/impl/XMLEntityScanner$1'{0x0000000708458d68}>
 thrown in interpreter method <{method} {0x000000012fd00768} 'load' '(IZZ)Z' in 'com/sun/org/apache/xerces/internal/impl/XMLEntityScanner'>
 at bci 171 for thread 0x00007ff00300f000 (main)
[20.360s][info][exceptions] Exception <a 'com/sun/org/apache/xerces/internal/impl/XMLEntityScanner$1'{0x0000000708458d68}>
 thrown in interpreter method <{method} {0x000000012fd2e818} 'next' '()I' in 'com/sun/org/apache/xerces/internal/impl/XMLDocumentScannerImpl$TrailingMiscDriver'>
 at bci 75 for thread 0x00007ff00300f000 (main)
[20.849s][info][exceptions] Exception <a 'com/sun/org/apache/xerces/internal/impl/XMLEntityScanner$1'{0x00000007076025a0}>
 thrown in compiled method <{method} {0x000000012fd001e0} 'skipSpaces' '()Z' in 'com/sun/org/apache/xerces/internal/impl/XMLEntityScanner'>
 at PC0x0000000113c6c0bc for thread 0x00007ff00300f000
[20.849s][info][exceptions] Thread 0x00007ff00300f000 continuing at PC 0x0000000113c6c72f for exception thrown at PC 0x0000000113c6c0bc
[20.849s][info][exceptions] Exception <a 'com/sun/org/apache/xerces/internal/impl/XMLEntityScanner$1'{0x00000007076025a0}>
 thrown in interpreter method <{method} {0x000000012fd2e818} 'next' '()I' in 'com/sun/org/apache/xerces/internal/impl/XMLDocumentScannerImpl$TrailingMiscDriver'>
 at bci 75 for thread 0x00007ff00300f000 (main)
[20.973s][info][exceptions] Exception <a 'java/net/MalformedURLException'{0x0000000708c080d0}: no protocol: Live demo 4.2 ↗>
 thrown in interpreter method <{method} {0x000000012ce7e8b0} '<init>' '(Ljava/lang/String;)V' in 'java/net/URL'>
 at bci 3 for thread 0x00007ff00300f000 (main)
[20.973s][info][exceptions] Exception <a 'java/net/MalformedURLException'{0x0000000708c080d0}: no protocol: Live demo 4.2 ↗>
 thrown in interpreter method <{method} {0x00000001309e8490} 'g' '(Ljava/lang/String;)Ljava/lang/String;' in 'com/amazon/adapter/i/b/k'>
 at bci 5 for thread 0x00007ff00300f000 (main)
[21.276s][info][exceptions] Exception <a 'java/net/MalformedURLException'{0x000000070d6f5600}: no protocol: Live demo 4.5 ↗>
 thrown in interpreter method <{method} {0x000000012ce7e8b0} '<init>' '(Ljava/lang/String;)V' in 'java/net/URL'>
 at bci 3 for thread 0x00007ff00300f000 (main)
[21.276s][info][exceptions] Exception <a 'java/net/MalformedURLException'{0x000000070d6f5600}: no protocol: Live demo 4.5 ↗>
 thrown in interpreter method <{method} {0x00000001309e8490} 'g' '(Ljava/lang/String;)Ljava/lang/String;' in 'com/amazon/adapter/i/b/k'>
 at bci 5 for thread 0x00007ff00300f000 (main)
[21.410s][info][exceptions] Exception <a 'com/sun/org/apache/xerces/internal/impl/XMLEntityScanner$1'{0x000000070713ecf0}>
 thrown in interpreter method <{method} {0x000000012fd2e818} 'next' '()I' in 'com/sun/org/apache/xerces/internal/impl/XMLDocumentScannerImpl$TrailingMiscDriver'>
 at bci 75 for thread 0x00007ff00300f000 (main)
[21.502s][info][exceptions] Exception <a 'java/net/MalformedURLException'{0x000000070a91c190}: no protocol: Live demo 5.1 ↗>
 thrown in interpreter method <{method} {0x000000012ce7e8b0} '<init>' '(Ljava/lang/String;)V' in 'java/net/URL'>
 at bci 3 for thread 0x00007ff00300f000 (main)
[21.502s][info][exceptions] Exception <a 'java/net/MalformedURLException'{0x000000070a91c190}: no protocol: Live demo 5.1 ↗>
 thrown in interpreter method <{method} {0x00000001309e8490} 'g' '(Ljava/lang/String;)Ljava/lang/String;' in 'com/amazon/adapter/i/b/k'>
 at bci 5 for thread 0x00007ff00300f000 (main)
[21.849s][info][exceptions] 6 [Exception (): a 'com/sun/org/apache/xerces/internal/impl/XMLEntityScanner$1'{0x00000007067b85b0} in {method} {0x000000012fd001e0} 'skipSpaces' '()Z' in 'com/sun/org/apache/xerces/internal/impl/XMLEntityScanner' at 0x000000011aad42e0]
[21.849s][info][exceptions] Exception <a 'com/sun/org/apache/xerces/internal/impl/XMLEntityScanner$1'{0x00000007067b85b0}>
 thrown in interpreter method <{method} {0x000000012fd2e818} 'next' '()I' in 'com/sun/org/apache/xerces/internal/impl/XMLDocumentScannerImpl$TrailingMiscDriver'>
 at bci 75 for thread 0x00007ff00300f000 (main)
[22.080s][info][exceptions] 7 [Exception (): a 'com/sun/org/apache/xerces/internal/impl/XMLEntityScanner$1'{0x00000007067b85b0} in {method} {0x000000012fd001e0} 'skipSpaces' '()Z' in 'com/sun/org/apache/xerces/internal/impl/XMLEntityScanner' at 0x000000011aad42e0]
[22.080s][info][exceptions] Exception <a 'com/sun/org/apache/xerces/internal/impl/XMLEntityScanner$1'{0x00000007067b85b0}>
 thrown in interpreter method <{method} {0x000000012fd2e818} 'next' '()I' in 'com/sun/org/apache/xerces/internal/impl/XMLDocumentScannerImpl$TrailingMiscDriver'>
 at bci 75 for thread 0x00007ff00300f000 (main)
[22.153s][info][exceptions] Exception <a 'java/net/MalformedURLException'{0x000000070810e3d8}: no protocol: Live demo 7.1 ↗>
 thrown in interpreter method <{method} {0x000000012ce7e8b0} '<init>' '(Ljava/lang/String;)V' in 'java/net/URL'>
 at bci 3 for thread 0x00007ff00300f000 (main)
[22.153s][info][exceptions] Exception <a 'java/net/MalformedURLException'{0x000000070810e3d8}: no protocol: Live demo 7.1 ↗>
 thrown in interpreter method <{method} {0x00000001309e8490} 'g' '(Ljava/lang/String;)Ljava/lang/String;' in 'com/amazon/adapter/i/b/k'>
 at bci 5 for thread 0x00007ff00300f000 (main)
[22.182s][info][exceptions] Exception <a 'java/net/MalformedURLException'{0x00000007077b06e8}: no protocol: Live demo 7.2 ↗>
 thrown in interpreter method <{method} {0x000000012ce7e8b0} '<init>' '(Ljava/lang/String;)V' in 'java/net/URL'>
 at bci 3 for thread 0x00007ff00300f000 (main)
[22.182s][info][exceptions] Exception <a 'java/net/MalformedURLException'{0x00000007077b06e8}: no protocol: Live demo 7.2 ↗>
 thrown in interpreter method <{method} {0x00000001309e8490} 'g' '(Ljava/lang/String;)Ljava/lang/String;' in 'com/amazon/adapter/i/b/k'>
 at bci 5 for thread 0x00007ff00300f000 (main)
[22.374s][info][exceptions] 8 [Exception (): a 'com/sun/org/apache/xerces/internal/impl/XMLEntityScanner$1'{0x0000000700829180} in {method} {0x000000012fd001e0} 'skipSpaces' '()Z' in 'com/sun/org/apache/xerces/internal/impl/XMLEntityScanner' at 0x000000011aad42e0]
[22.374s][info][exceptions] Exception <a 'com/sun/org/apache/xerces/internal/impl/XMLEntityScanner$1'{0x0000000700829180}>
 thrown in interpreter method <{method} {0x000000012fd2e818} 'next' '()I' in 'com/sun/org/apache/xerces/internal/impl/XMLDocumentScannerImpl$TrailingMiscDriver'>
 at bci 75 for thread 0x00007ff00300f000 (main)
[22.436s][info][exceptions] Exception <a 'java/net/MalformedURLException'{0x000000070caa7ca8}: no protocol: Live demo 8.1 ↗>
 thrown in interpreter method <{method} {0x000000012ce7e8b0} '<init>' '(Ljava/lang/String;)V' in 'java/net/URL'>
 at bci 3 for thread 0x00007ff00300f000 (main)
[22.436s][info][exceptions] Exception <a 'java/net/MalformedURLException'{0x000000070caa7ca8}: no protocol: Live demo 8.1 ↗>
 thrown in interpreter method <{method} {0x00000001309e8490} 'g' '(Ljava/lang/String;)Ljava/lang/String;' in 'com/amazon/adapter/i/b/k'>
 at bci 5 for thread 0x00007ff00300f000 (main)
[22.591s][info][exceptions] 9 [Exception (): a 'com/sun/org/apache/xerces/internal/impl/XMLEntityScanner$1'{0x0000000700829180} in {method} {0x000000012fd001e0} 'skipSpaces' '()Z' in 'com/sun/org/apache/xerces/internal/impl/XMLEntityScanner' at 0x000000011aad42e0]
[22.591s][info][exceptions] Exception <a 'com/sun/org/apache/xerces/internal/impl/XMLEntityScanner$1'{0x0000000700829180}>
 thrown in interpreter method <{method} {0x000000012fd2e818} 'next' '()I' in 'com/sun/org/apache/xerces/internal/impl/XMLDocumentScannerImpl$TrailingMiscDriver'>
 at bci 75 for thread 0x00007ff00300f000 (main)
[22.781s][info][exceptions] 10 [Exception (): a 'com/sun/org/apache/xerces/internal/impl/XMLEntityScanner$1'{0x0000000700829180} in {method} {0x000000012fd001e0} 'skipSpaces' '()Z' in 'com/sun/org/apache/xerces/internal/impl/XMLEntityScanner' at 0x000000011aad42e0]
[22.781s][info][exceptions] Exception <a 'com/sun/org/apache/xerces/internal/impl/XMLEntityScanner$1'{0x0000000700829180}>
 thrown in interpreter method <{method} {0x000000012fd2e818} 'next' '()I' in 'com/sun/org/apache/xerces/internal/impl/XMLDocumentScannerImpl$TrailingMiscDriver'>
 at bci 75 for thread 0x00007ff00300f000 (main)
[22.848s][info][exceptions] 11 [Exception (): a 'com/sun/org/apache/xerces/internal/impl/XMLEntityScanner$1'{0x0000000700829180} in {method} {0x000000012fd001e0} 'skipSpaces' '()Z' in 'com/sun/org/apache/xerces/internal/impl/XMLEntityScanner' at 0x000000011aad42e0]
[22.848s][info][exceptions] Exception <a 'com/sun/org/apache/xerces/internal/impl/XMLEntityScanner$1'{0x0000000700829180}>
 thrown in interpreter method <{method} {0x000000012fd2e818} 'next' '()I' in 'com/sun/org/apache/xerces/internal/impl/XMLDocumentScannerImpl$TrailingMiscDriver'>
 at bci 75 for thread 0x00007ff00300f000 (main)
[22.888s][info][exceptions] 12 [Exception (): a 'com/sun/org/apache/xerces/internal/impl/XMLEntityScanner$1'{0x0000000700829180} in {method} {0x000000012fd001e0} 'skipSpaces' '()Z' in 'com/sun/org/apache/xerces/internal/impl/XMLEntityScanner' at 0x000000011aad42e0]
[22.888s][info][exceptions] Exception <a 'com/sun/org/apache/xerces/internal/impl/XMLEntityScanner$1'{0x0000000700829180}>
 thrown in interpreter method <{method} {0x000000012fd2e818} 'next' '()I' in 'com/sun/org/apache/xerces/internal/impl/XMLDocumentScannerImpl$TrailingMiscDriver'>
 at bci 75 for thread 0x00007ff00300f000 (main)
[22.909s][info][exceptions] Exception <a 'java/net/MalformedURLException'{0x000000070d232200}: no protocol: open ↗>
 thrown in interpreter method <{method} {0x000000012ce7e8b0} '<init>' '(Ljava/lang/String;)V' in 'java/net/URL'>
 at bci 3 for thread 0x00007ff00300f000 (main)
[22.909s][info][exceptions] Exception <a 'java/net/MalformedURLException'{0x000000070d232200}: no protocol: open ↗>
 thrown in interpreter method <{method} {0x00000001309e8490} 'g' '(Ljava/lang/String;)Ljava/lang/String;' in 'com/amazon/adapter/i/b/k'>
 at bci 5 for thread 0x00007ff00300f000 (main)
[22.910s][info][exceptions] Exception <a 'java/net/MalformedURLException'{0x000000070d2c9a68}: no protocol: open ↗>
 thrown in interpreter method <{method} {0x000000012ce7e8b0} '<init>' '(Ljava/lang/String;)V' in 'java/net/URL'>
 at bci 3 for thread 0x00007ff00300f000 (main)
[22.910s][info][exceptions] Exception <a 'java/net/MalformedURLException'{0x000000070d2c9a68}: no protocol: open ↗>
 thrown in interpreter method <{method} {0x00000001309e8490} 'g' '(Ljava/lang/String;)Ljava/lang/String;' in 'com/amazon/adapter/i/b/k'>
 at bci 5 for thread 0x00007ff00300f000 (main)
[22.911s][info][exceptions] Exception <a 'java/net/MalformedURLException'{0x000000070d161cc8}: no protocol: open ↗>
 thrown in interpreter method <{method} {0x000000012ce7e8b0} '<init>' '(Ljava/lang/String;)V' in 'java/net/URL'>
 at bci 3 for thread 0x00007ff00300f000 (main)
[22.911s][info][exceptions] Exception <a 'java/net/MalformedURLException'{0x000000070d161cc8}: no protocol: open ↗>
 thrown in interpreter method <{method} {0x00000001309e8490} 'g' '(Ljava/lang/String;)Ljava/lang/String;' in 'com/amazon/adapter/i/b/k'>
 at bci 5 for thread 0x00007ff00300f000 (main)
[22.912s][info][exceptions] Exception <a 'java/net/MalformedURLException'{0x000000070d1fa5d0}: no protocol: open ↗>
 thrown in interpreter method <{method} {0x000000012ce7e8b0} '<init>' '(Ljava/lang/String;)V' in 'java/net/URL'>
 at bci 3 for thread 0x00007ff00300f000 (main)
[22.912s][info][exceptions] Exception <a 'java/net/MalformedURLException'{0x000000070d1fa5d0}: no protocol: open ↗>
 thrown in interpreter method <{method} {0x00000001309e8490} 'g' '(Ljava/lang/String;)Ljava/lang/String;' in 'com/amazon/adapter/i/b/k'>
 at bci 5 for thread 0x00007ff00300f000 (main)
[22.914s][info][exceptions] Exception <a 'java/net/MalformedURLException'{0x000000070d092ae0}: no protocol: open ↗>
 thrown in interpreter method <{method} {0x000000012ce7e8b0} '<init>' '(Ljava/lang/String;)V' in 'java/net/URL'>
 at bci 3 for thread 0x00007ff00300f000 (main)
[22.914s][info][exceptions] Exception <a 'java/net/MalformedURLException'{0x000000070d092ae0}: no protocol: open ↗>
 thrown in interpreter method <{method} {0x00000001309e8490} 'g' '(Ljava/lang/String;)Ljava/lang/String;' in 'com/amazon/adapter/i/b/k'>
 at bci 5 for thread 0x00007ff00300f000 (main)
[22.915s][info][exceptions] Exception <a 'java/net/MalformedURLException'{0x000000070cf2a6b0}: no protocol: open ↗>
 thrown in interpreter method <{method} {0x000000012ce7e8b0} '<init>' '(Ljava/lang/String;)V' in 'java/net/URL'>
 at bci 3 for thread 0x00007ff00300f000 (main)
[22.915s][info][exceptions] Exception <a 'java/net/MalformedURLException'{0x000000070cf2a6b0}: no protocol: open ↗>
 thrown in interpreter method <{method} {0x00000001309e8490} 'g' '(Ljava/lang/String;)Ljava/lang/String;' in 'com/amazon/adapter/i/b/k'>
 at bci 5 for thread 0x00007ff00300f000 (main)
[22.916s][info][exceptions] Exception <a 'java/net/MalformedURLException'{0x000000070cfc28b8}: no protocol: open ↗>
 thrown in interpreter method <{method} {0x000000012ce7e8b0} '<init>' '(Ljava/lang/String;)V' in 'java/net/URL'>
 at bci 3 for thread 0x00007ff00300f000 (main)
[22.916s][info][exceptions] Exception <a 'java/net/MalformedURLException'{0x000000070cfc28b8}: no protocol: open ↗>
 thrown in interpreter method <{method} {0x00000001309e8490} 'g' '(Ljava/lang/String;)Ljava/lang/String;' in 'com/amazon/adapter/i/b/k'>
 at bci 5 for thread 0x00007ff00300f000 (main)
[22.917s][info][exceptions] Exception <a 'java/net/MalformedURLException'{0x000000070ce5a8a8}: no protocol: open ↗>
 thrown in interpreter method <{method} {0x000000012ce7e8b0} '<init>' '(Ljava/lang/String;)V' in 'java/net/URL'>
 at bci 3 for thread 0x00007ff00300f000 (main)
[22.917s][info][exceptions] Exception <a 'java/net/MalformedURLException'{0x000000070ce5a8a8}: no protocol: open ↗>
 thrown in interpreter method <{method} {0x00000001309e8490} 'g' '(Ljava/lang/String;)Ljava/lang/String;' in 'com/amazon/adapter/i/b/k'>
 at bci 5 for thread 0x00007ff00300f000 (main)
[22.919s][info][exceptions] Exception <a 'java/net/MalformedURLException'{0x000000070cef2b68}: no protocol: open ↗>
 thrown in interpreter method <{method} {0x000000012ce7e8b0} '<init>' '(Ljava/lang/String;)V' in 'java/net/URL'>
 at bci 3 for thread 0x00007ff00300f000 (main)
[22.919s][info][exceptions] Exception <a 'java/net/MalformedURLException'{0x000000070cef2b68}: no protocol: open ↗>
 thrown in interpreter method <{method} {0x00000001309e8490} 'g' '(Ljava/lang/String;)Ljava/lang/String;' in 'com/amazon/adapter/i/b/k'>
 at bci 5 for thread 0x00007ff00300f000 (main)
[22.921s][info][exceptions] Exception <a 'java/net/MalformedURLException'{0x000000070cd8a9c0}: no protocol: open ↗>
 thrown in interpreter method <{method} {0x000000012ce7e8b0} '<init>' '(Ljava/lang/String;)V' in 'java/net/URL'>
 at bci 3 for thread 0x00007ff00300f000 (main)
[22.921s][info][exceptions] Exception <a 'java/net/MalformedURLException'{0x000000070cd8a9c0}: no protocol: open ↗>
 thrown in interpreter method <{method} {0x00000001309e8490} 'g' '(Ljava/lang/String;)Ljava/lang/String;' in 'com/amazon/adapter/i/b/k'>
 at bci 5 for thread 0x00007ff00300f000 (main)
[22.922s][info][exceptions] Exception <a 'java/net/MalformedURLException'{0x000000070cc21c30}: no protocol: open ↗>
 thrown in interpreter method <{method} {0x000000012ce7e8b0} '<init>' '(Ljava/lang/String;)V' in 'java/net/URL'>
 at bci 3 for thread 0x00007ff00300f000 (main)
[22.922s][info][exceptions] Exception <a 'java/net/MalformedURLException'{0x000000070cc21c30}: no protocol: open ↗>
 thrown in interpreter method <{method} {0x00000001309e8490} 'g' '(Ljava/lang/String;)Ljava/lang/String;' in 'com/amazon/adapter/i/b/k'>
 at bci 5 for thread 0x00007ff00300f000 (main)
[22.923s][info][exceptions] Exception <a 'java/net/MalformedURLException'{0x000000070ccb9d10}: no protocol: open ↗>
 thrown in interpreter method <{method} {0x000000012ce7e8b0} '<init>' '(Ljava/lang/String;)V' in 'java/net/URL'>
 at bci 3 for thread 0x00007ff00300f000 (main)
[22.923s][info][exceptions] Exception <a 'java/net/MalformedURLException'{0x000000070ccb9d10}: no protocol: open ↗>
 thrown in interpreter method <{method} {0x00000001309e8490} 'g' '(Ljava/lang/String;)Ljava/lang/String;' in 'com/amazon/adapter/i/b/k'>
 at bci 5 for thread 0x00007ff00300f000 (main)
[22.924s][info][exceptions] Exception <a 'java/net/MalformedURLException'{0x000000070cb51898}: no protocol: open ↗>
 thrown in interpreter method <{method} {0x000000012ce7e8b0} '<init>' '(Ljava/lang/String;)V' in 'java/net/URL'>
 at bci 3 for thread 0x00007ff00300f000 (main)
[22.924s][info][exceptions] Exception <a 'java/net/MalformedURLException'{0x000000070cb51898}: no protocol: open ↗>
 thrown in interpreter method <{method} {0x00000001309e8490} 'g' '(Ljava/lang/String;)Ljava/lang/String;' in 'com/amazon/adapter/i/b/k'>
 at bci 5 for thread 0x00007ff00300f000 (main)
[22.925s][info][exceptions] Exception <a 'java/net/MalformedURLException'{0x000000070cbe8958}: no protocol: open ↗>
 thrown in interpreter method <{method} {0x000000012ce7e8b0} '<init>' '(Ljava/lang/String;)V' in 'java/net/URL'>
 at bci 3 for thread 0x00007ff00300f000 (main)
[22.925s][info][exceptions] Exception <a 'java/net/MalformedURLException'{0x000000070cbe8958}: no protocol: open ↗>
 thrown in interpreter method <{method} {0x00000001309e8490} 'g' '(Ljava/lang/String;)Ljava/lang/String;' in 'com/amazon/adapter/i/b/k'>
 at bci 5 for thread 0x00007ff00300f000 (main)
[22.927s][info][exceptions] Exception <a 'java/net/MalformedURLException'{0x000000070ca802f8}: no protocol: open ↗>
 thrown in interpreter method <{method} {0x000000012ce7e8b0} '<init>' '(Ljava/lang/String;)V' in 'java/net/URL'>
 at bci 3 for thread 0x00007ff00300f000 (main)
[22.927s][info][exceptions] Exception <a 'java/net/MalformedURLException'{0x000000070ca802f8}: no protocol: open ↗>
 thrown in interpreter method <{method} {0x00000001309e8490} 'g' '(Ljava/lang/String;)Ljava/lang/String;' in 'com/amazon/adapter/i/b/k'>
 at bci 5 for thread 0x00007ff00300f000 (main)
[22.928s][info][exceptions] Exception <a 'java/net/MalformedURLException'{0x000000070c9183c8}: no protocol: open ↗>
 thrown in interpreter method <{method} {0x000000012ce7e8b0} '<init>' '(Ljava/lang/String;)V' in 'java/net/URL'>
 at bci 3 for thread 0x00007ff00300f000 (main)
[22.928s][info][exceptions] Exception <a 'java/net/MalformedURLException'{0x000000070c9183c8}: no protocol: open ↗>
 thrown in interpreter method <{method} {0x00000001309e8490} 'g' '(Ljava/lang/String;)Ljava/lang/String;' in 'com/amazon/adapter/i/b/k'>
 at bci 5 for thread 0x00007ff00300f000 (main)
[22.929s][info][exceptions] Exception <a 'java/net/MalformedURLException'{0x000000070c9afd90}: no protocol: open ↗>
 thrown in interpreter method <{method} {0x000000012ce7e8b0} '<init>' '(Ljava/lang/String;)V' in 'java/net/URL'>
 at bci 3 for thread 0x00007ff00300f000 (main)
[22.929s][info][exceptions] Exception <a 'java/net/MalformedURLException'{0x000000070c9afd90}: no protocol: open ↗>
 thrown in interpreter method <{method} {0x00000001309e8490} 'g' '(Ljava/lang/String;)Ljava/lang/String;' in 'com/amazon/adapter/i/b/k'>
 at bci 5 for thread 0x00007ff00300f000 (main)
[22.930s][info][exceptions] Exception <a 'java/net/MalformedURLException'{0x000000070c8470a0}: no protocol: open ↗>
 thrown in interpreter method <{method} {0x000000012ce7e8b0} '<init>' '(Ljava/lang/String;)V' in 'java/net/URL'>
 at bci 3 for thread 0x00007ff00300f000 (main)
[22.930s][info][exceptions] Exception <a 'java/net/MalformedURLException'{0x000000070c8470a0}: no protocol: open ↗>
 thrown in interpreter method <{method} {0x00000001309e8490} 'g' '(Ljava/lang/String;)Ljava/lang/String;' in 'com/amazon/adapter/i/b/k'>
 at bci 5 for thread 0x00007ff00300f000 (main)
[22.932s][info][exceptions] Exception <a 'java/net/MalformedURLException'{0x000000070c8df778}: no protocol: open ↗>
 thrown in interpreter method <{method} {0x000000012ce7e8b0} '<init>' '(Ljava/lang/String;)V' in 'java/net/URL'>
 at bci 3 for thread 0x00007ff00300f000 (main)
[22.932s][info][exceptions] Exception <a 'java/net/MalformedURLException'{0x000000070c8df778}: no protocol: open ↗>
 thrown in interpreter method <{method} {0x00000001309e8490} 'g' '(Ljava/lang/String;)Ljava/lang/String;' in 'com/amazon/adapter/i/b/k'>
 at bci 5 for thread 0x00007ff00300f000 (main)
[22.933s][info][exceptions] Exception <a 'java/net/MalformedURLException'{0x000000070c777ab8}: no protocol: open ↗>
 thrown in interpreter method <{method} {0x000000012ce7e8b0} '<init>' '(Ljava/lang/String;)V' in 'java/net/URL'>
 at bci 3 for thread 0x00007ff00300f000 (main)
[22.933s][info][exceptions] Exception <a 'java/net/MalformedURLException'{0x000000070c777ab8}: no protocol: open ↗>
 thrown in interpreter method <{method} {0x00000001309e8490} 'g' '(Ljava/lang/String;)Ljava/lang/String;' in 'com/amazon/adapter/i/b/k'>
 at bci 5 for thread 0x00007ff00300f000 (main)
[22.934s][info][exceptions] Exception <a 'java/net/MalformedURLException'{0x000000070c60fcd0}: no protocol: open ↗>
 thrown in interpreter method <{method} {0x000000012ce7e8b0} '<init>' '(Ljava/lang/String;)V' in 'java/net/URL'>
 at bci 3 for thread 0x00007ff00300f000 (main)
[22.934s][info][exceptions] Exception <a 'java/net/MalformedURLException'{0x000000070c60fcd0}: no protocol: open ↗>
 thrown in interpreter method <{method} {0x00000001309e8490} 'g' '(Ljava/lang/String;)Ljava/lang/String;' in 'com/amazon/adapter/i/b/k'>
 at bci 5 for thread 0x00007ff00300f000 (main)
[22.936s][info][exceptions] Exception <a 'java/net/MalformedURLException'{0x000000070c6a83f0}: no protocol: open ↗>
 thrown in interpreter method <{method} {0x000000012ce7e8b0} '<init>' '(Ljava/lang/String;)V' in 'java/net/URL'>
 at bci 3 for thread 0x00007ff00300f000 (main)
[22.936s][info][exceptions] Exception <a 'java/net/MalformedURLException'{0x000000070c6a83f0}: no protocol: open ↗>
 thrown in interpreter method <{method} {0x00000001309e8490} 'g' '(Ljava/lang/String;)Ljava/lang/String;' in 'com/amazon/adapter/i/b/k'>
 at bci 5 for thread 0x00007ff00300f000 (main)
[22.937s][info][exceptions] Exception <a 'java/net/MalformedURLException'{0x000000070c5400c0}: no protocol: open ↗>
 thrown in interpreter method <{method} {0x000000012ce7e8b0} '<init>' '(Ljava/lang/String;)V' in 'java/net/URL'>
 at bci 3 for thread 0x00007ff00300f000 (main)
[22.937s][info][exceptions] Exception <a 'java/net/MalformedURLException'{0x000000070c5400c0}: no protocol: open ↗>
 thrown in interpreter method <{method} {0x00000001309e8490} 'g' '(Ljava/lang/String;)Ljava/lang/String;' in 'com/amazon/adapter/i/b/k'>
 at bci 5 for thread 0x00007ff00300f000 (main)
[22.938s][info][exceptions] Exception <a 'java/net/MalformedURLException'{0x000000070c5d7ef8}: no protocol: open ↗>
 thrown in interpreter method <{method} {0x000000012ce7e8b0} '<init>' '(Ljava/lang/String;)V' in 'java/net/URL'>
 at bci 3 for thread 0x00007ff00300f000 (main)
[22.938s][info][exceptions] Exception <a 'java/net/MalformedURLException'{0x000000070c5d7ef8}: no protocol: open ↗>
 thrown in interpreter method <{method} {0x00000001309e8490} 'g' '(Ljava/lang/String;)Ljava/lang/String;' in 'com/amazon/adapter/i/b/k'>
 at bci 5 for thread 0x00007ff00300f000 (main)
[22.939s][info][exceptions] Exception <a 'java/net/MalformedURLException'{0x000000070c46f328}: no protocol: open ↗>
 thrown in interpreter method <{method} {0x000000012ce7e8b0} '<init>' '(Ljava/lang/String;)V' in 'java/net/URL'>
 at bci 3 for thread 0x00007ff00300f000 (main)
[22.939s][info][exceptions] Exception <a 'java/net/MalformedURLException'{0x000000070c46f328}: no protocol: open ↗>
 thrown in interpreter method <{method} {0x00000001309e8490} 'g' '(Ljava/lang/String;)Ljava/lang/String;' in 'com/amazon/adapter/i/b/k'>
 at bci 5 for thread 0x00007ff00300f000 (main)
[22.941s][info][exceptions] Exception <a 'java/net/MalformedURLException'{0x000000070c307458}: no protocol: open ↗>
 thrown in interpreter method <{method} {0x000000012ce7e8b0} '<init>' '(Ljava/lang/String;)V' in 'java/net/URL'>
 at bci 3 for thread 0x00007ff00300f000 (main)
[22.941s][info][exceptions] Exception <a 'java/net/MalformedURLException'{0x000000070c307458}: no protocol: open ↗>
 thrown in interpreter method <{method} {0x00000001309e8490} 'g' '(Ljava/lang/String;)Ljava/lang/String;' in 'com/amazon/adapter/i/b/k'>
 at bci 5 for thread 0x00007ff00300f000 (main)
[22.943s][info][exceptions] Exception <a 'java/net/MalformedURLException'{0x000000070c39ec28}: no protocol: open ↗>
 thrown in interpreter method <{method} {0x000000012ce7e8b0} '<init>' '(Ljava/lang/String;)V' in 'java/net/URL'>
 at bci 3 for thread 0x00007ff00300f000 (main)
[22.944s][info][exceptions] Exception <a 'java/net/MalformedURLException'{0x000000070c39ec28}: no protocol: open ↗>
 thrown in interpreter method <{method} {0x00000001309e8490} 'g' '(Ljava/lang/String;)Ljava/lang/String;' in 'com/amazon/adapter/i/b/k'>
 at bci 5 for thread 0x00007ff00300f000 (main)
[22.945s][info][exceptions] Exception <a 'java/net/MalformedURLException'{0x000000070c236d48}: no protocol: open ↗>
 thrown in interpreter method <{method} {0x000000012ce7e8b0} '<init>' '(Ljava/lang/String;)V' in 'java/net/URL'>
 at bci 3 for thread 0x00007ff00300f000 (main)
[22.945s][info][exceptions] Exception <a 'java/net/MalformedURLException'{0x000000070c236d48}: no protocol: open ↗>
 thrown in interpreter method <{method} {0x00000001309e8490} 'g' '(Ljava/lang/String;)Ljava/lang/String;' in 'com/amazon/adapter/i/b/k'>
 at bci 5 for thread 0x00007ff00300f000 (main)
[22.947s][info][exceptions] Exception <a 'java/net/MalformedURLException'{0x000000070c2ce408}: no protocol: open ↗>
 thrown in interpreter method <{method} {0x000000012ce7e8b0} '<init>' '(Ljava/lang/String;)V' in 'java/net/URL'>
 at bci 3 for thread 0x00007ff00300f000 (main)
[22.947s][info][exceptions] Exception <a 'java/net/MalformedURLException'{0x000000070c2ce408}: no protocol: open ↗>
 thrown in interpreter method <{method} {0x00000001309e8490} 'g' '(Ljava/lang/String;)Ljava/lang/String;' in 'com/amazon/adapter/i/b/k'>
 at bci 5 for thread 0x00007ff00300f000 (main)
[22.948s][info][exceptions] Exception <a 'java/net/MalformedURLException'{0x000000070c165bc8}: no protocol: open ↗>
 thrown in interpreter method <{method} {0x000000012ce7e8b0} '<init>' '(Ljava/lang/String;)V' in 'java/net/URL'>
 at bci 3 for thread 0x00007ff00300f000 (main)
[22.948s][info][exceptions] Exception <a 'java/net/MalformedURLException'{0x000000070c165bc8}: no protocol: open ↗>
 thrown in interpreter method <{method} {0x00000001309e8490} 'g' '(Ljava/lang/String;)Ljava/lang/String;' in 'com/amazon/adapter/i/b/k'>
 at bci 5 for thread 0x00007ff00300f000 (main)
[22.949s][info][exceptions] Exception <a 'java/net/MalformedURLException'{0x000000070c1fcbd8}: no protocol: open ↗>
 thrown in interpreter method <{method} {0x000000012ce7e8b0} '<init>' '(Ljava/lang/String;)V' in 'java/net/URL'>
 at bci 3 for thread 0x00007ff00300f000 (main)
[22.949s][info][exceptions] Exception <a 'java/net/MalformedURLException'{0x000000070c1fcbd8}: no protocol: open ↗>
 thrown in interpreter method <{method} {0x00000001309e8490} 'g' '(Ljava/lang/String;)Ljava/lang/String;' in 'com/amazon/adapter/i/b/k'>
 at bci 5 for thread 0x00007ff00300f000 (main)
[22.950s][info][exceptions] Exception <a 'java/net/MalformedURLException'{0x000000070c094d30}: no protocol: open ↗>
 thrown in interpreter method <{method} {0x000000012ce7e8b0} '<init>' '(Ljava/lang/String;)V' in 'java/net/URL'>
 at bci 3 for thread 0x00007ff00300f000 (main)
[22.950s][info][exceptions] Exception <a 'java/net/MalformedURLException'{0x000000070c094d30}: no protocol: open ↗>
 thrown in interpreter method <{method} {0x00000001309e8490} 'g' '(Ljava/lang/String;)Ljava/lang/String;' in 'com/amazon/adapter/i/b/k'>
 at bci 5 for thread 0x00007ff00300f000 (main)
[22.952s][info][exceptions] Exception <a 'java/net/MalformedURLException'{0x000000070bf2bf98}: no protocol: open ↗>
 thrown in interpreter method <{method} {0x000000012ce7e8b0} '<init>' '(Ljava/lang/String;)V' in 'java/net/URL'>
 at bci 3 for thread 0x00007ff00300f000 (main)
[22.952s][info][exceptions] Exception <a 'java/net/MalformedURLException'{0x000000070bf2bf98}: no protocol: open ↗>
 thrown in interpreter method <{method} {0x00000001309e8490} 'g' '(Ljava/lang/String;)Ljava/lang/String;' in 'com/amazon/adapter/i/b/k'>
 at bci 5 for thread 0x00007ff00300f000 (main)
[22.953s][info][exceptions] Exception <a 'java/net/MalformedURLException'{0x000000070bfc4040}: no protocol: open ↗>
 thrown in interpreter method <{method} {0x000000012ce7e8b0} '<init>' '(Ljava/lang/String;)V' in 'java/net/URL'>
 at bci 3 for thread 0x00007ff00300f000 (main)
[22.953s][info][exceptions] Exception <a 'java/net/MalformedURLException'{0x000000070bfc4040}: no protocol: open ↗>
 thrown in interpreter method <{method} {0x00000001309e8490} 'g' '(Ljava/lang/String;)Ljava/lang/String;' in 'com/amazon/adapter/i/b/k'>
 at bci 5 for thread 0x00007ff00300f000 (main)
[22.954s][info][exceptions] Exception <a 'java/net/MalformedURLException'{0x000000070be5b768}: no protocol: open ↗>
 thrown in interpreter method <{method} {0x000000012ce7e8b0} '<init>' '(Ljava/lang/String;)V' in 'java/net/URL'>
 at bci 3 for thread 0x00007ff00300f000 (main)
[22.954s][info][exceptions] Exception <a 'java/net/MalformedURLException'{0x000000070be5b768}: no protocol: open ↗>
 thrown in interpreter method <{method} {0x00000001309e8490} 'g' '(Ljava/lang/String;)Ljava/lang/String;' in 'com/amazon/adapter/i/b/k'>
 at bci 5 for thread 0x00007ff00300f000 (main)
[22.956s][info][exceptions] Exception <a 'java/net/MalformedURLException'{0x000000070bef2bb8}: no protocol: open ↗>
 thrown in interpreter method <{method} {0x000000012ce7e8b0} '<init>' '(Ljava/lang/String;)V' in 'java/net/URL'>
 at bci 3 for thread 0x00007ff00300f000 (main)
[22.956s][info][exceptions] Exception <a 'java/net/MalformedURLException'{0x000000070bef2bb8}: no protocol: open ↗>
 thrown in interpreter method <{method} {0x00000001309e8490} 'g' '(Ljava/lang/String;)Ljava/lang/String;' in 'com/amazon/adapter/i/b/k'>
 at bci 5 for thread 0x00007ff00300f000 (main)
[22.957s][info][exceptions] Exception <a 'java/net/MalformedURLException'{0x000000070bd8b0b8}: no protocol: open ↗>
 thrown in interpreter method <{method} {0x000000012ce7e8b0} '<init>' '(Ljava/lang/String;)V' in 'java/net/URL'>
 at bci 3 for thread 0x00007ff00300f000 (main)
[22.957s][info][exceptions] Exception <a 'java/net/MalformedURLException'{0x000000070bd8b0b8}: no protocol: open ↗>
 thrown in interpreter method <{method} {0x00000001309e8490} 'g' '(Ljava/lang/String;)Ljava/lang/String;' in 'com/amazon/adapter/i/b/k'>
 at bci 5 for thread 0x00007ff00300f000 (main)
[22.958s][info][exceptions] Exception <a 'java/net/MalformedURLException'{0x000000070bc222a0}: no protocol: open ↗>
 thrown in interpreter method <{method} {0x000000012ce7e8b0} '<init>' '(Ljava/lang/String;)V' in 'java/net/URL'>
 at bci 3 for thread 0x00007ff00300f000 (main)
[22.958s][info][exceptions] Exception <a 'java/net/MalformedURLException'{0x000000070bc222a0}: no protocol: open ↗>
 thrown in interpreter method <{method} {0x00000001309e8490} 'g' '(Ljava/lang/String;)Ljava/lang/String;' in 'com/amazon/adapter/i/b/k'>
 at bci 5 for thread 0x00007ff00300f000 (main)
[22.959s][info][exceptions] Exception <a 'java/net/MalformedURLException'{0x000000070bcb9708}: no protocol: open ↗>
 thrown in interpreter method <{method} {0x000000012ce7e8b0} '<init>' '(Ljava/lang/String;)V' in 'java/net/URL'>
 at bci 3 for thread 0x00007ff00300f000 (main)
[22.959s][info][exceptions] Exception <a 'java/net/MalformedURLException'{0x000000070bcb9708}: no protocol: open ↗>
 thrown in interpreter method <{method} {0x00000001309e8490} 'g' '(Ljava/lang/String;)Ljava/lang/String;' in 'com/amazon/adapter/i/b/k'>
 at bci 5 for thread 0x00007ff00300f000 (main)
[22.960s][info][exceptions] Exception <a 'java/net/MalformedURLException'{0x000000070bb50ee0}: no protocol: open ↗>
 thrown in interpreter method <{method} {0x000000012ce7e8b0} '<init>' '(Ljava/lang/String;)V' in 'java/net/URL'>
 at bci 3 for thread 0x00007ff00300f000 (main)
[22.960s][info][exceptions] Exception <a 'java/net/MalformedURLException'{0x000000070bb50ee0}: no protocol: open ↗>
 thrown in interpreter method <{method} {0x00000001309e8490} 'g' '(Ljava/lang/String;)Ljava/lang/String;' in 'com/amazon/adapter/i/b/k'>
 at bci 5 for thread 0x00007ff00300f000 (main)
[22.962s][info][exceptions] Exception <a 'java/net/MalformedURLException'{0x000000070bbe82e0}: no protocol: open ↗>
 thrown in interpreter method <{method} {0x000000012ce7e8b0} '<init>' '(Ljava/lang/String;)V' in 'java/net/URL'>
 at bci 3 for thread 0x00007ff00300f000 (main)
[22.962s][info][exceptions] Exception <a 'java/net/MalformedURLException'{0x000000070bbe82e0}: no protocol: open ↗>
 thrown in interpreter method <{method} {0x00000001309e8490} 'g' '(Ljava/lang/String;)Ljava/lang/String;' in 'com/amazon/adapter/i/b/k'>
 at bci 5 for thread 0x00007ff00300f000 (main)
[22.963s][info][exceptions] Exception <a 'java/net/MalformedURLException'{0x000000070ba803f0}: no protocol: open ↗>
 thrown in interpreter method <{method} {0x000000012ce7e8b0} '<init>' '(Ljava/lang/String;)V' in 'java/net/URL'>
 at bci 3 for thread 0x00007ff00300f000 (main)
[22.963s][info][exceptions] Exception <a 'java/net/MalformedURLException'{0x000000070ba803f0}: no protocol: open ↗>
 thrown in interpreter method <{method} {0x00000001309e8490} 'g' '(Ljava/lang/String;)Ljava/lang/String;' in 'com/amazon/adapter/i/b/k'>
 at bci 5 for thread 0x00007ff00300f000 (main)
[22.964s][info][exceptions] Exception <a 'java/net/MalformedURLException'{0x000000070b9180d8}: no protocol: open ↗>
 thrown in interpreter method <{method} {0x000000012ce7e8b0} '<init>' '(Ljava/lang/String;)V' in 'java/net/URL'>
 at bci 3 for thread 0x00007ff00300f000 (main)
[22.964s][info][exceptions] Exception <a 'java/net/MalformedURLException'{0x000000070b9180d8}: no protocol: open ↗>
 thrown in interpreter method <{method} {0x00000001309e8490} 'g' '(Ljava/lang/String;)Ljava/lang/String;' in 'com/amazon/adapter/i/b/k'>
 at bci 5 for thread 0x00007ff00300f000 (main)
[22.965s][info][exceptions] Exception <a 'java/net/MalformedURLException'{0x000000070b9afc00}: no protocol: open ↗>
 thrown in interpreter method <{method} {0x000000012ce7e8b0} '<init>' '(Ljava/lang/String;)V' in 'java/net/URL'>
 at bci 3 for thread 0x00007ff00300f000 (main)
[22.965s][info][exceptions] Exception <a 'java/net/MalformedURLException'{0x000000070b9afc00}: no protocol: open ↗>
 thrown in interpreter method <{method} {0x00000001309e8490} 'g' '(Ljava/lang/String;)Ljava/lang/String;' in 'com/amazon/adapter/i/b/k'>
 at bci 5 for thread 0x00007ff00300f000 (main)
[22.966s][info][exceptions] Exception <a 'java/net/MalformedURLException'{0x000000070b847458}: no protocol: open ↗>
 thrown in interpreter method <{method} {0x000000012ce7e8b0} '<init>' '(Ljava/lang/String;)V' in 'java/net/URL'>
 at bci 3 for thread 0x00007ff00300f000 (main)
[22.966s][info][exceptions] Exception <a 'java/net/MalformedURLException'{0x000000070b847458}: no protocol: open ↗>
 thrown in interpreter method <{method} {0x00000001309e8490} 'g' '(Ljava/lang/String;)Ljava/lang/String;' in 'com/amazon/adapter/i/b/k'>
 at bci 5 for thread 0x00007ff00300f000 (main)
[22.989s][info][exceptions] 13 [Exception (): a 'com/sun/org/apache/xerces/internal/impl/XMLEntityScanner$1'{0x0000000700829180} in {method} {0x000000012fd001e0} 'skipSpaces' '()Z' in 'com/sun/org/apache/xerces/internal/impl/XMLEntityScanner' at 0x000000011aad42e0]
[22.989s][info][exceptions] Exception <a 'com/sun/org/apache/xerces/internal/impl/XMLEntityScanner$1'{0x0000000700829180}>
 thrown in interpreter method <{method} {0x000000012fd2e818} 'next' '()I' in 'com/sun/org/apache/xerces/internal/impl/XMLDocumentScannerImpl$TrailingMiscDriver'>
 at bci 75 for thread 0x00007ff00300f000 (main)
[23.692s][info][exceptions] 14 [Exception (): a 'com/sun/org/apache/xerces/internal/impl/XMLEntityScanner$1'{0x0000000700829180} in {method} {0x000000012fd001e0} 'skipSpaces' '()Z' in 'com/sun/org/apache/xerces/internal/impl/XMLEntityScanner' at 0x000000011aad42e0]
[23.692s][info][exceptions] Exception <a 'com/sun/org/apache/xerces/internal/impl/XMLEntityScanner$1'{0x0000000700829180}>
 thrown in interpreter method <{method} {0x000000012fd2e818} 'next' '()I' in 'com/sun/org/apache/xerces/internal/impl/XMLDocumentScannerImpl$TrailingMiscDriver'>
 at bci 75 for thread 0x00007ff00300f000 (main)
[23.849s][info][exceptions] 15 [Exception (): a 'com/sun/org/apache/xerces/internal/impl/XMLEntityScanner$1'{0x0000000700829180} in {method} {0x000000012fd001e0} 'skipSpaces' '()Z' in 'com/sun/org/apache/xerces/internal/impl/XMLEntityScanner' at 0x000000011aad42e0]
[23.849s][info][exceptions] Exception <a 'com/sun/org/apache/xerces/internal/impl/XMLEntityScanner$1'{0x0000000700829180}>
 thrown in interpreter method <{method} {0x000000012fd2e818} 'next' '()I' in 'com/sun/org/apache/xerces/internal/impl/XMLDocumentScannerImpl$TrailingMiscDriver'>
 at bci 75 for thread 0x00007ff00300f000 (main)
[24.052s][info][exceptions] 16 [Exception (): a 'com/sun/org/apache/xerces/internal/impl/XMLEntityScanner$1'{0x0000000700829180} in {method} {0x000000012fd001e0} 'skipSpaces' '()Z' in 'com/sun/org/apache/xerces/internal/impl/XMLEntityScanner' at 0x000000011aad42e0]
[24.052s][info][exceptions] Exception <a 'com/sun/org/apache/xerces/internal/impl/XMLEntityScanner$1'{0x0000000700829180}>
 thrown in interpreter method <{method} {0x000000012fd2e818} 'next' '()I' in 'com/sun/org/apache/xerces/internal/impl/XMLDocumentScannerImpl$TrailingMiscDriver'>
 at bci 75 for thread 0x00007ff00300f000 (main)
[24.061s][info][exceptions] 17 [Exception (): a 'com/sun/org/apache/xerces/internal/impl/XMLEntityScanner$1'{0x0000000700829180} in {method} {0x000000012fd001e0} 'skipSpaces' '()Z' in 'com/sun/org/apache/xerces/internal/impl/XMLEntityScanner' at 0x000000011aad42e0]
[24.061s][info][exceptions] Exception <a 'com/sun/org/apache/xerces/internal/impl/XMLEntityScanner$1'{0x0000000700829180}>
 thrown in interpreter method <{method} {0x000000012fd2e818} 'next' '()I' in 'com/sun/org/apache/xerces/internal/impl/XMLDocumentScannerImpl$TrailingMiscDriver'>
 at bci 75 for thread 0x00007ff00300f000 (main)
[24.074s][info][exceptions] Exception <a 'java/util/MissingResourceException'{0x000000070ecee5f8}: Can't find bundle for base name com.amazon.language.resources.yjepubadapter.action_warning_en, locale en_US>
 thrown in interpreter method <{method} {0x000000012d4a9560} 'throwMissingResourceException' '(Ljava/lang/String;Ljava/util/Locale;Ljava/lang/Throwable;)V' in 'java/util/ResourceBundle'>
 at bci 73 for thread 0x00007ff00300f000 (main)
[24.074s][info][exceptions] Exception <a 'java/util/MissingResourceException'{0x000000070ecee5f8}: Can't find bundle for base name com.amazon.language.resources.yjepubadapter.action_warning_en, locale en_US>
 thrown in interpreter method <{method} {0x000000012d4a8aa0} 'getBundleImpl' '(Ljava/lang/Module;Ljava/lang/Module;Ljava/lang/String;Ljava/util/Locale;Ljava/util/ResourceBundle$Control;)Ljava/util/ResourceBundle;' in 'java/util/ResourceBundle'>
 at bci 318 for thread 0x00007ff00300f000 (main)
[24.074s][info][exceptions] Exception <a 'java/util/MissingResourceException'{0x000000070ecee5f8}: Can't find bundle for base name com.amazon.language.resources.yjepubadapter.action_warning_en, locale en_US>
 thrown in interpreter method <{method} {0x000000012d4a8800} 'getBundleImpl' '(Ljava/lang/String;Ljava/util/Locale;Ljava/lang/Class;Ljava/lang/ClassLoader;Ljava/util/ResourceBundle$Control;)Ljava/util/ResourceBundle;' in 'java/util/ResourceBundle'>
 at bci 74 for thread 0x00007ff00300f000 (main)
[24.074s][info][exceptions] Exception <a 'java/util/MissingResourceException'{0x000000070ecee5f8}: Can't find bundle for base name com.amazon.language.resources.yjepubadapter.action_warning_en, locale en_US>
 thrown in interpreter method <{method} {0x000000012d4a8720} 'getBundleImpl' '(Ljava/lang/String;Ljava/util/Locale;Ljava/lang/Class;Ljava/util/ResourceBundle$Control;)Ljava/util/ResourceBundle;' in 'java/util/ResourceBundle'>
 at bci 8 for thread 0x00007ff00300f000 (main)
[24.074s][info][exceptions] Exception <a 'java/util/MissingResourceException'{0x000000070ecee5f8}: Can't find bundle for base name com.amazon.language.resources.yjepubadapter.action_warning_en, locale en_US>
 thrown in interpreter method <{method} {0x000000012d4a7fc8} 'getBundle' '(Ljava/lang/String;Ljava/util/ResourceBundle$Control;)Ljava/util/ResourceBundle;' in 'java/util/ResourceBundle'>
 at bci 16 for thread 0x00007ff00300f000 (main)
[24.074s][info][exceptions] Exception <a 'java/util/MissingResourceException'{0x000000070ecee5f8}: Can't find bundle for base name com.amazon.language.resources.yjepubadapter.action_warning_en, locale en_US>
 thrown in interpreter method <{method} {0x000000012d49fdf8} 'd' '(Ljava/lang/String;)Ljava/util/ResourceBundle;' in 'com/amazon/G/a'>
 at bci 9 for thread 0x00007ff00300f000 (main)
[24.074s][info][exceptions] Exception <a 'java/util/MissingResourceException'{0x000000070ecee5f8}: Can't find bundle for base name com.amazon.language.resources.yjepubadapter.action_warning_en, locale en_US>
 thrown in interpreter method <{method} {0x000000012d49f3c8} 'a' '(Ljava/lang/String;Ljava/lang/String;)Ljava/util/ResourceBundle;' in 'com/amazon/G/a'>
 at bci 25 for thread 0x00007ff00300f000 (main)
[24.074s][info][exceptions] Exception <a 'java/util/MissingResourceException'{0x000000070ecee5f8}: Can't find bundle for base name com.amazon.language.resources.yjepubadapter.action_warning_en, locale en_US>
 thrown in interpreter method <{method} {0x000000012d49f3c8} 'a' '(Ljava/lang/String;Ljava/lang/String;)Ljava/util/ResourceBundle;' in 'com/amazon/G/a'>
 at bci 45 for thread 0x00007ff00300f000 (main)
[24.074s][info][exceptions] Exception <a 'java/util/MissingResourceException'{0x000000070ecee5f8}: Can't find bundle for base name com.amazon.language.resources.yjepubadapter.action_warning_en, locale en_US>
 thrown in interpreter method <{method} {0x000000012d49f190} 'c' '(Lcom/amazon/i/b;)Ljava/util/ResourceBundle;' in 'com/amazon/G/a'>
 at bci 102 for thread 0x00007ff00300f000 (main)
[24.074s][info][exceptions] Exception <a 'java/util/MissingResourceException'{0x000000070ecee5f8}: Can't find bundle for base name com.amazon.language.resources.yjepubadapter.action_warning_en, locale en_US>
 thrown in interpreter method <{method} {0x000000012d49f7e0} 'e' '(Lcom/amazon/i/b;)Ljava/lang/String;' in 'com/amazon/G/a'>
 at bci 5 for thread 0x00007ff00300f000 (main)
[24.090s][info][exceptions] Exception <a 'java/lang/NoSuchMethodException'{0x000000070eb91d80}: sun.security.provider.NativePRNG.<init>(java.security.SecureRandomParameters)>
 thrown in interpreter method <{method} {0x000000012cde29a0} 'getConstructor0' '([Ljava/lang/Class;I)Ljava/lang/reflect/Constructor;' in 'java/lang/Class'>
 at bci 82 for thread 0x00007ff00300f000 (main)
[24.090s][info][exceptions] Exception <a 'java/lang/NoSuchMethodException'{0x000000070eb91d80}: sun.security.provider.NativePRNG.<init>(java.security.SecureRandomParameters)>
 thrown in interpreter method <{method} {0x000000012cde0948} 'getConstructor' '([Ljava/lang/Class;)Ljava/lang/reflect/Constructor;' in 'java/lang/Class'>
 at bci 24 for thread 0x00007ff00300f000 (main)
[24.090s][info][exceptions] Exception <a 'java/lang/NoSuchMethodException'{0x000000070eb91d80}: sun.security.provider.NativePRNG.<init>(java.security.SecureRandomParameters)>
 thrown in interpreter method <{method} {0x000000012d174788} 'newInstanceUtil' '(Ljava/lang/Class;Ljava/lang/Class;Ljava/lang/Object;)Ljava/lang/Object;' in 'java/security/Provider'>
 at bci 31 for thread 0x00007ff00300f000 (main)
[27.861s][info][exceptions] Exception <a 'java/lang/NoSuchMethodError'{0x000000070c6ac048}: 'void java.lang.invoke.DirectMethodHandle$Holder.invokeStaticInit(java.lang.Object, java.lang.Object, java.lang.Object, java.lang.Object)'> (0x000000070c6ac048) 
thrown [/corretto/workspace/corretto11-repo/installers/mac/tar/corretto-build/buildRoot/src/src/hotspot/share/interpreter/linkResolver.cpp, line 773]
for thread 0x00007ff00300f000
[28.233s][info][exceptions] Exception <a 'java/util/MissingResourceException'{0x000000070ca665f0}: Can't find bundle for base name com.amazon.language.resources.yjreadercontrolfixer.action_warning_en, locale en_US>
 thrown in interpreter method <{method} {0x000000012d4a9560} 'throwMissingResourceException' '(Ljava/lang/String;Ljava/util/Locale;Ljava/lang/Throwable;)V' in 'java/util/ResourceBundle'>
 at bci 73 for thread 0x00007ff00300f000 (main)
[28.233s][info][exceptions] Exception <a 'java/util/MissingResourceException'{0x000000070ca665f0}: Can't find bundle for base name com.amazon.language.resources.yjreadercontrolfixer.action_warning_en, locale en_US>
 thrown in interpreter method <{method} {0x000000012d4a8aa0} 'getBundleImpl' '(Ljava/lang/Module;Ljava/lang/Module;Ljava/lang/String;Ljava/util/Locale;Ljava/util/ResourceBundle$Control;)Ljava/util/ResourceBundle;' in 'java/util/ResourceBundle'>
 at bci 318 for thread 0x00007ff00300f000 (main)
[28.234s][info][exceptions] Exception <a 'java/util/MissingResourceException'{0x000000070ca665f0}: Can't find bundle for base name com.amazon.language.resources.yjreadercontrolfixer.action_warning_en, locale en_US>
 thrown in interpreter method <{method} {0x000000012d4a8800} 'getBundleImpl' '(Ljava/lang/String;Ljava/util/Locale;Ljava/lang/Class;Ljava/lang/ClassLoader;Ljava/util/ResourceBundle$Control;)Ljava/util/ResourceBundle;' in 'java/util/ResourceBundle'>
 at bci 74 for thread 0x00007ff00300f000 (main)
[28.234s][info][exceptions] Exception <a 'java/util/MissingResourceException'{0x000000070ca665f0}: Can't find bundle for base name com.amazon.language.resources.yjreadercontrolfixer.action_warning_en, locale en_US>
 thrown in interpreter method <{method} {0x000000012d4a8720} 'getBundleImpl' '(Ljava/lang/String;Ljava/util/Locale;Ljava/lang/Class;Ljava/util/ResourceBundle$Control;)Ljava/util/ResourceBundle;' in 'java/util/ResourceBundle'>
 at bci 8 for thread 0x00007ff00300f000 (main)
[28.234s][info][exceptions] Exception <a 'java/util/MissingResourceException'{0x000000070ca665f0}: Can't find bundle for base name com.amazon.language.resources.yjreadercontrolfixer.action_warning_en, locale en_US>
 thrown in interpreter method <{method} {0x000000012d4a7fc8} 'getBundle' '(Ljava/lang/String;Ljava/util/ResourceBundle$Control;)Ljava/util/ResourceBundle;' in 'java/util/ResourceBundle'>
 at bci 16 for thread 0x00007ff00300f000 (main)
[28.234s][info][exceptions] Exception <a 'java/util/MissingResourceException'{0x000000070ca665f0}: Can't find bundle for base name com.amazon.language.resources.yjreadercontrolfixer.action_warning_en, locale en_US>
 thrown in interpreter method <{method} {0x000000012d49fdf8} 'd' '(Ljava/lang/String;)Ljava/util/ResourceBundle;' in 'com/amazon/G/a'>
 at bci 9 for thread 0x00007ff00300f000 (main)
[28.234s][info][exceptions] Exception <a 'java/util/MissingResourceException'{0x000000070ca665f0}: Can't find bundle for base name com.amazon.language.resources.yjreadercontrolfixer.action_warning_en, locale en_US>
 thrown in interpreter method <{method} {0x000000012d49f3c8} 'a' '(Ljava/lang/String;Ljava/lang/String;)Ljava/util/ResourceBundle;' in 'com/amazon/G/a'>
 at bci 25 for thread 0x00007ff00300f000 (main)
[28.234s][info][exceptions] Exception <a 'java/util/MissingResourceException'{0x000000070ca665f0}: Can't find bundle for base name com.amazon.language.resources.yjreadercontrolfixer.action_warning_en, locale en_US>
 thrown in interpreter method <{method} {0x000000012d49f3c8} 'a' '(Ljava/lang/String;Ljava/lang/String;)Ljava/util/ResourceBundle;' in 'com/amazon/G/a'>
 at bci 45 for thread 0x00007ff00300f000 (main)
[28.234s][info][exceptions] Exception <a 'java/util/MissingResourceException'{0x000000070ca665f0}: Can't find bundle for base name com.amazon.language.resources.yjreadercontrolfixer.action_warning_en, locale en_US>
 thrown in interpreter method <{method} {0x000000012d49f190} 'c' '(Lcom/amazon/i/b;)Ljava/util/ResourceBundle;' in 'com/amazon/G/a'>
 at bci 102 for thread 0x00007ff00300f000 (main)
[28.234s][info][exceptions] Exception <a 'java/util/MissingResourceException'{0x000000070ca665f0}: Can't find bundle for base name com.amazon.language.resources.yjreadercontrolfixer.action_warning_en, locale en_US>
 thrown in interpreter method <{method} {0x000000012d49f7e0} 'e' '(Lcom/amazon/i/b;)Ljava/lang/String;' in 'com/amazon/G/a'>
 at bci 5 for thread 0x00007ff00300f000 (main)
[28.234s][info][exceptions] Exception <a 'java/util/MissingResourceException'{0x000000070ca68060}: Can't find bundle for base name com.amazon.language.resources.yjreadercontrolfixer.action_warning_en, locale en_US>
 thrown in interpreter method <{method} {0x000000012d4a9560} 'throwMissingResourceException' '(Ljava/lang/String;Ljava/util/Locale;Ljava/lang/Throwable;)V' in 'java/util/ResourceBundle'>
 at bci 73 for thread 0x00007ff00300f000 (main)
[28.234s][info][exceptions] Exception <a 'java/util/MissingResourceException'{0x000000070ca68060}: Can't find bundle for base name com.amazon.language.resources.yjreadercontrolfixer.action_warning_en, locale en_US>
 thrown in interpreter method <{method} {0x000000012d4a8aa0} 'getBundleImpl' '(Ljava/lang/Module;Ljava/lang/Module;Ljava/lang/String;Ljava/util/Locale;Ljava/util/ResourceBundle$Control;)Ljava/util/ResourceBundle;' in 'java/util/ResourceBundle'>
 at bci 318 for thread 0x00007ff00300f000 (main)
[28.234s][info][exceptions] Exception <a 'java/util/MissingResourceException'{0x000000070ca68060}: Can't find bundle for base name com.amazon.language.resources.yjreadercontrolfixer.action_warning_en, locale en_US>
 thrown in interpreter method <{method} {0x000000012d4a8800} 'getBundleImpl' '(Ljava/lang/String;Ljava/util/Locale;Ljava/lang/Class;Ljava/lang/ClassLoader;Ljava/util/ResourceBundle$Control;)Ljava/util/ResourceBundle;' in 'java/util/ResourceBundle'>
 at bci 74 for thread 0x00007ff00300f000 (main)
[28.234s][info][exceptions] Exception <a 'java/util/MissingResourceException'{0x000000070ca68060}: Can't find bundle for base name com.amazon.language.resources.yjreadercontrolfixer.action_warning_en, locale en_US>
 thrown in interpreter method <{method} {0x000000012d4a8720} 'getBundleImpl' '(Ljava/lang/String;Ljava/util/Locale;Ljava/lang/Class;Ljava/util/ResourceBundle$Control;)Ljava/util/ResourceBundle;' in 'java/util/ResourceBundle'>
 at bci 8 for thread 0x00007ff00300f000 (main)
[28.234s][info][exceptions] Exception <a 'java/util/MissingResourceException'{0x000000070ca68060}: Can't find bundle for base name com.amazon.language.resources.yjreadercontrolfixer.action_warning_en, locale en_US>
 thrown in interpreter method <{method} {0x000000012d4a7fc8} 'getBundle' '(Ljava/lang/String;Ljava/util/ResourceBundle$Control;)Ljava/util/ResourceBundle;' in 'java/util/ResourceBundle'>
 at bci 16 for thread 0x00007ff00300f000 (main)
[28.234s][info][exceptions] Exception <a 'java/util/MissingResourceException'{0x000000070ca68060}: Can't find bundle for base name com.amazon.language.resources.yjreadercontrolfixer.action_warning_en, locale en_US>
 thrown in interpreter method <{method} {0x000000012d49fdf8} 'd' '(Ljava/lang/String;)Ljava/util/ResourceBundle;' in 'com/amazon/G/a'>
 at bci 9 for thread 0x00007ff00300f000 (main)
[28.234s][info][exceptions] Exception <a 'java/util/MissingResourceException'{0x000000070ca68060}: Can't find bundle for base name com.amazon.language.resources.yjreadercontrolfixer.action_warning_en, locale en_US>
 thrown in interpreter method <{method} {0x000000012d49f3c8} 'a' '(Ljava/lang/String;Ljava/lang/String;)Ljava/util/ResourceBundle;' in 'com/amazon/G/a'>
 at bci 25 for thread 0x00007ff00300f000 (main)
[28.234s][info][exceptions] Exception <a 'java/util/MissingResourceException'{0x000000070ca68060}: Can't find bundle for base name com.amazon.language.resources.yjreadercontrolfixer.action_warning_en, locale en_US>
 thrown in interpreter method <{method} {0x000000012d49f3c8} 'a' '(Ljava/lang/String;Ljava/lang/String;)Ljava/util/ResourceBundle;' in 'com/amazon/G/a'>
 at bci 45 for thread 0x00007ff00300f000 (main)
[28.234s][info][exceptions] Exception <a 'java/util/MissingResourceException'{0x000000070ca68060}: Can't find bundle for base name com.amazon.language.resources.yjreadercontrolfixer.action_warning_en, locale en_US>
 thrown in interpreter method <{method} {0x000000012d49f190} 'c' '(Lcom/amazon/i/b;)Ljava/util/ResourceBundle;' in 'com/amazon/G/a'>
 at bci 102 for thread 0x00007ff00300f000 (main)
[28.234s][info][exceptions] Exception <a 'java/util/MissingResourceException'{0x000000070ca68060}: Can't find bundle for base name com.amazon.language.resources.yjreadercontrolfixer.action_warning_en, locale en_US>
 thrown in interpreter method <{method} {0x000000012d49f7e0} 'e' '(Lcom/amazon/i/b;)Ljava/lang/String;' in 'com/amazon/G/a'>
 at bci 5 for thread 0x00007ff00300f000 (main)
[28.235s][info][exceptions] Exception <a 'java/util/MissingResourceException'{0x000000070ca6ba38}: Can't find bundle for base name com.amazon.language.resources.yjreadercontrolfixer.action_warning_en, locale en_US>
 thrown in interpreter method <{method} {0x000000012d4a9560} 'throwMissingResourceException' '(Ljava/lang/String;Ljava/util/Locale;Ljava/lang/Throwable;)V' in 'java/util/ResourceBundle'>
 at bci 73 for thread 0x00007ff00300f000 (main)
[28.235s][info][exceptions] Exception <a 'java/util/MissingResourceException'{0x000000070ca6ba38}: Can't find bundle for base name com.amazon.language.resources.yjreadercontrolfixer.action_warning_en, locale en_US>
 thrown in interpreter method <{method} {0x000000012d4a8aa0} 'getBundleImpl' '(Ljava/lang/Module;Ljava/lang/Module;Ljava/lang/String;Ljava/util/Locale;Ljava/util/ResourceBundle$Control;)Ljava/util/ResourceBundle;' in 'java/util/ResourceBundle'>
 at bci 318 for thread 0x00007ff00300f000 (main)
[28.235s][info][exceptions] Exception <a 'java/util/MissingResourceException'{0x000000070ca6ba38}: Can't find bundle for base name com.amazon.language.resources.yjreadercontrolfixer.action_warning_en, locale en_US>
 thrown in interpreter method <{method} {0x000000012d4a8800} 'getBundleImpl' '(Ljava/lang/String;Ljava/util/Locale;Ljava/lang/Class;Ljava/lang/ClassLoader;Ljava/util/ResourceBundle$Control;)Ljava/util/ResourceBundle;' in 'java/util/ResourceBundle'>
 at bci 74 for thread 0x00007ff00300f000 (main)
[28.235s][info][exceptions] Exception <a 'java/util/MissingResourceException'{0x000000070ca6ba38}: Can't find bundle for base name com.amazon.language.resources.yjreadercontrolfixer.action_warning_en, locale en_US>
 thrown in interpreter method <{method} {0x000000012d4a8720} 'getBundleImpl' '(Ljava/lang/String;Ljava/util/Locale;Ljava/lang/Class;Ljava/util/ResourceBundle$Control;)Ljava/util/ResourceBundle;' in 'java/util/ResourceBundle'>
 at bci 8 for thread 0x00007ff00300f000 (main)
[28.235s][info][exceptions] Exception <a 'java/util/MissingResourceException'{0x000000070ca6ba38}: Can't find bundle for base name com.amazon.language.resources.yjreadercontrolfixer.action_warning_en, locale en_US>
 thrown in interpreter method <{method} {0x000000012d4a7fc8} 'getBundle' '(Ljava/lang/String;Ljava/util/ResourceBundle$Control;)Ljava/util/ResourceBundle;' in 'java/util/ResourceBundle'>
 at bci 16 for thread 0x00007ff00300f000 (main)
[28.235s][info][exceptions] Exception <a 'java/util/MissingResourceException'{0x000000070ca6ba38}: Can't find bundle for base name com.amazon.language.resources.yjreadercontrolfixer.action_warning_en, locale en_US>
 thrown in interpreter method <{method} {0x000000012d49fdf8} 'd' '(Ljava/lang/String;)Ljava/util/ResourceBundle;' in 'com/amazon/G/a'>
 at bci 9 for thread 0x00007ff00300f000 (main)
[28.235s][info][exceptions] Exception <a 'java/util/MissingResourceException'{0x000000070ca6ba38}: Can't find bundle for base name com.amazon.language.resources.yjreadercontrolfixer.action_warning_en, locale en_US>
 thrown in interpreter method <{method} {0x000000012d49f3c8} 'a' '(Ljava/lang/String;Ljava/lang/String;)Ljava/util/ResourceBundle;' in 'com/amazon/G/a'>
 at bci 25 for thread 0x00007ff00300f000 (main)
[28.235s][info][exceptions] Exception <a 'java/util/MissingResourceException'{0x000000070ca6ba38}: Can't find bundle for base name com.amazon.language.resources.yjreadercontrolfixer.action_warning_en, locale en_US>
 thrown in interpreter method <{method} {0x000000012d49f3c8} 'a' '(Ljava/lang/String;Ljava/lang/String;)Ljava/util/ResourceBundle;' in 'com/amazon/G/a'>
 at bci 45 for thread 0x00007ff00300f000 (main)
[28.235s][info][exceptions] Exception <a 'java/util/MissingResourceException'{0x000000070ca6ba38}: Can't find bundle for base name com.amazon.language.resources.yjreadercontrolfixer.action_warning_en, locale en_US>
 thrown in interpreter method <{method} {0x000000012d49f190} 'c' '(Lcom/amazon/i/b;)Ljava/util/ResourceBundle;' in 'com/amazon/G/a'>
 at bci 102 for thread 0x00007ff00300f000 (main)
[28.235s][info][exceptions] Exception <a 'java/util/MissingResourceException'{0x000000070ca6ba38}: Can't find bundle for base name com.amazon.language.resources.yjreadercontrolfixer.action_warning_en, locale en_US>
 thrown in interpreter method <{method} {0x000000012d49f7e0} 'e' '(Lcom/amazon/i/b;)Ljava/lang/String;' in 'com/amazon/G/a'>
 at bci 5 for thread 0x00007ff00300f000 (main)
[28.235s][info][exceptions] Exception <a 'java/util/MissingResourceException'{0x000000070ca6d4a8}: Can't find bundle for base name com.amazon.language.resources.yjreadercontrolfixer.action_warning_en, locale en_US>
 thrown in interpreter method <{method} {0x000000012d4a9560} 'throwMissingResourceException' '(Ljava/lang/String;Ljava/util/Locale;Ljava/lang/Throwable;)V' in 'java/util/ResourceBundle'>
 at bci 73 for thread 0x00007ff00300f000 (main)
[28.235s][info][exceptions] Exception <a 'java/util/MissingResourceException'{0x000000070ca6d4a8}: Can't find bundle for base name com.amazon.language.resources.yjreadercontrolfixer.action_warning_en, locale en_US>
 thrown in interpreter method <{method} {0x000000012d4a8aa0} 'getBundleImpl' '(Ljava/lang/Module;Ljava/lang/Module;Ljava/lang/String;Ljava/util/Locale;Ljava/util/ResourceBundle$Control;)Ljava/util/ResourceBundle;' in 'java/util/ResourceBundle'>
 at bci 318 for thread 0x00007ff00300f000 (main)
[28.235s][info][exceptions] Exception <a 'java/util/MissingResourceException'{0x000000070ca6d4a8}: Can't find bundle for base name com.amazon.language.resources.yjreadercontrolfixer.action_warning_en, locale en_US>
 thrown in interpreter method <{method} {0x000000012d4a8800} 'getBundleImpl' '(Ljava/lang/String;Ljava/util/Locale;Ljava/lang/Class;Ljava/lang/ClassLoader;Ljava/util/ResourceBundle$Control;)Ljava/util/ResourceBundle;' in 'java/util/ResourceBundle'>
 at bci 74 for thread 0x00007ff00300f000 (main)
[28.235s][info][exceptions] Exception <a 'java/util/MissingResourceException'{0x000000070ca6d4a8}: Can't find bundle for base name com.amazon.language.resources.yjreadercontrolfixer.action_warning_en, locale en_US>
 thrown in interpreter method <{method} {0x000000012d4a8720} 'getBundleImpl' '(Ljava/lang/String;Ljava/util/Locale;Ljava/lang/Class;Ljava/util/ResourceBundle$Control;)Ljava/util/ResourceBundle;' in 'java/util/ResourceBundle'>
 at bci 8 for thread 0x00007ff00300f000 (main)
[28.235s][info][exceptions] Exception <a 'java/util/MissingResourceException'{0x000000070ca6d4a8}: Can't find bundle for base name com.amazon.language.resources.yjreadercontrolfixer.action_warning_en, locale en_US>
 thrown in interpreter method <{method} {0x000000012d4a7fc8} 'getBundle' '(Ljava/lang/String;Ljava/util/ResourceBundle$Control;)Ljava/util/ResourceBundle;' in 'java/util/ResourceBundle'>
 at bci 16 for thread 0x00007ff00300f000 (main)
[28.235s][info][exceptions] Exception <a 'java/util/MissingResourceException'{0x000000070ca6d4a8}: Can't find bundle for base name com.amazon.language.resources.yjreadercontrolfixer.action_warning_en, locale en_US>
 thrown in interpreter method <{method} {0x000000012d49fdf8} 'd' '(Ljava/lang/String;)Ljava/util/ResourceBundle;' in 'com/amazon/G/a'>
 at bci 9 for thread 0x00007ff00300f000 (main)
[28.235s][info][exceptions] Exception <a 'java/util/MissingResourceException'{0x000000070ca6d4a8}: Can't find bundle for base name com.amazon.language.resources.yjreadercontrolfixer.action_warning_en, locale en_US>
 thrown in interpreter method <{method} {0x000000012d49f3c8} 'a' '(Ljava/lang/String;Ljava/lang/String;)Ljava/util/ResourceBundle;' in 'com/amazon/G/a'>
 at bci 25 for thread 0x00007ff00300f000 (main)
[28.235s][info][exceptions] Exception <a 'java/util/MissingResourceException'{0x000000070ca6d4a8}: Can't find bundle for base name com.amazon.language.resources.yjreadercontrolfixer.action_warning_en, locale en_US>
 thrown in interpreter method <{method} {0x000000012d49f3c8} 'a' '(Ljava/lang/String;Ljava/lang/String;)Ljava/util/ResourceBundle;' in 'com/amazon/G/a'>
 at bci 45 for thread 0x00007ff00300f000 (main)
[28.235s][info][exceptions] Exception <a 'java/util/MissingResourceException'{0x000000070ca6d4a8}: Can't find bundle for base name com.amazon.language.resources.yjreadercontrolfixer.action_warning_en, locale en_US>
 thrown in interpreter method <{method} {0x000000012d49f190} 'c' '(Lcom/amazon/i/b;)Ljava/util/ResourceBundle;' in 'com/amazon/G/a'>
 at bci 102 for thread 0x00007ff00300f000 (main)
[28.235s][info][exceptions] Exception <a 'java/util/MissingResourceException'{0x000000070ca6d4a8}: Can't find bundle for base name com.amazon.language.resources.yjreadercontrolfixer.action_warning_en, locale en_US>
 thrown in interpreter method <{method} {0x000000012d49f7e0} 'e' '(Lcom/amazon/i/b;)Ljava/lang/String;' in 'com/amazon/G/a'>
 at bci 5 for thread 0x00007ff00300f000 (main)
[28.235s][info][exceptions] Exception <a 'java/util/MissingResourceException'{0x000000070ca70e80}: Can't find bundle for base name com.amazon.language.resources.yjreadercontrolfixer.action_warning_en, locale en_US>
 thrown in interpreter method <{method} {0x000000012d4a9560} 'throwMissingResourceException' '(Ljava/lang/String;Ljava/util/Locale;Ljava/lang/Throwable;)V' in 'java/util/ResourceBundle'>
 at bci 73 for thread 0x00007ff00300f000 (main)
[28.235s][info][exceptions] Exception <a 'java/util/MissingResourceException'{0x000000070ca70e80}: Can't find bundle for base name com.amazon.language.resources.yjreadercontrolfixer.action_warning_en, locale en_US>
 thrown in interpreter method <{method} {0x000000012d4a8aa0} 'getBundleImpl' '(Ljava/lang/Module;Ljava/lang/Module;Ljava/lang/String;Ljava/util/Locale;Ljava/util/ResourceBundle$Control;)Ljava/util/ResourceBundle;' in 'java/util/ResourceBundle'>
 at bci 318 for thread 0x00007ff00300f000 (main)
[28.235s][info][exceptions] Exception <a 'java/util/MissingResourceException'{0x000000070ca70e80}: Can't find bundle for base name com.amazon.language.resources.yjreadercontrolfixer.action_warning_en, locale en_US>
 thrown in interpreter method <{method} {0x000000012d4a8800} 'getBundleImpl' '(Ljava/lang/String;Ljava/util/Locale;Ljava/lang/Class;Ljava/lang/ClassLoader;Ljava/util/ResourceBundle$Control;)Ljava/util/ResourceBundle;' in 'java/util/ResourceBundle'>
 at bci 74 for thread 0x00007ff00300f000 (main)
[28.235s][info][exceptions] Exception <a 'java/util/MissingResourceException'{0x000000070ca70e80}: Can't find bundle for base name com.amazon.language.resources.yjreadercontrolfixer.action_warning_en, locale en_US>
 thrown in interpreter method <{method} {0x000000012d4a8720} 'getBundleImpl' '(Ljava/lang/String;Ljava/util/Locale;Ljava/lang/Class;Ljava/util/ResourceBundle$Control;)Ljava/util/ResourceBundle;' in 'java/util/ResourceBundle'>
 at bci 8 for thread 0x00007ff00300f000 (main)
[28.235s][info][exceptions] Exception <a 'java/util/MissingResourceException'{0x000000070ca70e80}: Can't find bundle for base name com.amazon.language.resources.yjreadercontrolfixer.action_warning_en, locale en_US>
 thrown in interpreter method <{method} {0x000000012d4a7fc8} 'getBundle' '(Ljava/lang/String;Ljava/util/ResourceBundle$Control;)Ljava/util/ResourceBundle;' in 'java/util/ResourceBundle'>
 at bci 16 for thread 0x00007ff00300f000 (main)
[28.235s][info][exceptions] Exception <a 'java/util/MissingResourceException'{0x000000070ca70e80}: Can't find bundle for base name com.amazon.language.resources.yjreadercontrolfixer.action_warning_en, locale en_US>
 thrown in interpreter method <{method} {0x000000012d49fdf8} 'd' '(Ljava/lang/String;)Ljava/util/ResourceBundle;' in 'com/amazon/G/a'>
 at bci 9 for thread 0x00007ff00300f000 (main)
[28.235s][info][exceptions] Exception <a 'java/util/MissingResourceException'{0x000000070ca70e80}: Can't find bundle for base name com.amazon.language.resources.yjreadercontrolfixer.action_warning_en, locale en_US>
 thrown in interpreter method <{method} {0x000000012d49f3c8} 'a' '(Ljava/lang/String;Ljava/lang/String;)Ljava/util/ResourceBundle;' in 'com/amazon/G/a'>
 at bci 25 for thread 0x00007ff00300f000 (main)
[28.235s][info][exceptions] Exception <a 'java/util/MissingResourceException'{0x000000070ca70e80}: Can't find bundle for base name com.amazon.language.resources.yjreadercontrolfixer.action_warning_en, locale en_US>
 thrown in interpreter method <{method} {0x000000012d49f3c8} 'a' '(Ljava/lang/String;Ljava/lang/String;)Ljava/util/ResourceBundle;' in 'com/amazon/G/a'>
 at bci 45 for thread 0x00007ff00300f000 (main)
[28.235s][info][exceptions] Exception <a 'java/util/MissingResourceException'{0x000000070ca70e80}: Can't find bundle for base name com.amazon.language.resources.yjreadercontrolfixer.action_warning_en, locale en_US>
 thrown in interpreter method <{method} {0x000000012d49f190} 'c' '(Lcom/amazon/i/b;)Ljava/util/ResourceBundle;' in 'com/amazon/G/a'>
 at bci 102 for thread 0x00007ff00300f000 (main)
[28.235s][info][exceptions] Exception <a 'java/util/MissingResourceException'{0x000000070ca70e80}: Can't find bundle for base name com.amazon.language.resources.yjreadercontrolfixer.action_warning_en, locale en_US>
 thrown in interpreter method <{method} {0x000000012d49f7e0} 'e' '(Lcom/amazon/i/b;)Ljava/lang/String;' in 'com/amazon/G/a'>
 at bci 5 for thread 0x00007ff00300f000 (main)
[28.235s][info][exceptions] Exception <a 'java/util/MissingResourceException'{0x000000070ca728f0}: Can't find bundle for base name com.amazon.language.resources.yjreadercontrolfixer.action_warning_en, locale en_US>
 thrown in interpreter method <{method} {0x000000012d4a9560} 'throwMissingResourceException' '(Ljava/lang/String;Ljava/util/Locale;Ljava/lang/Throwable;)V' in 'java/util/ResourceBundle'>
 at bci 73 for thread 0x00007ff00300f000 (main)
[28.235s][info][exceptions] Exception <a 'java/util/MissingResourceException'{0x000000070ca728f0}: Can't find bundle for base name com.amazon.language.resources.yjreadercontrolfixer.action_warning_en, locale en_US>
 thrown in interpreter method <{method} {0x000000012d4a8aa0} 'getBundleImpl' '(Ljava/lang/Module;Ljava/lang/Module;Ljava/lang/String;Ljava/util/Locale;Ljava/util/ResourceBundle$Control;)Ljava/util/ResourceBundle;' in 'java/util/ResourceBundle'>
 at bci 318 for thread 0x00007ff00300f000 (main)
[28.235s][info][exceptions] Exception <a 'java/util/MissingResourceException'{0x000000070ca728f0}: Can't find bundle for base name com.amazon.language.resources.yjreadercontrolfixer.action_warning_en, locale en_US>
 thrown in interpreter method <{method} {0x000000012d4a8800} 'getBundleImpl' '(Ljava/lang/String;Ljava/util/Locale;Ljava/lang/Class;Ljava/lang/ClassLoader;Ljava/util/ResourceBundle$Control;)Ljava/util/ResourceBundle;' in 'java/util/ResourceBundle'>
 at bci 74 for thread 0x00007ff00300f000 (main)
[28.235s][info][exceptions] Exception <a 'java/util/MissingResourceException'{0x000000070ca728f0}: Can't find bundle for base name com.amazon.language.resources.yjreadercontrolfixer.action_warning_en, locale en_US>
 thrown in interpreter method <{method} {0x000000012d4a8720} 'getBundleImpl' '(Ljava/lang/String;Ljava/util/Locale;Ljava/lang/Class;Ljava/util/ResourceBundle$Control;)Ljava/util/ResourceBundle;' in 'java/util/ResourceBundle'>
 at bci 8 for thread 0x00007ff00300f000 (main)
[28.235s][info][exceptions] Exception <a 'java/util/MissingResourceException'{0x000000070ca728f0}: Can't find bundle for base name com.amazon.language.resources.yjreadercontrolfixer.action_warning_en, locale en_US>
 thrown in interpreter method <{method} {0x000000012d4a7fc8} 'getBundle' '(Ljava/lang/String;Ljava/util/ResourceBundle$Control;)Ljava/util/ResourceBundle;' in 'java/util/ResourceBundle'>
 at bci 16 for thread 0x00007ff00300f000 (main)
[28.235s][info][exceptions] Exception <a 'java/util/MissingResourceException'{0x000000070ca728f0}: Can't find bundle for base name com.amazon.language.resources.yjreadercontrolfixer.action_warning_en, locale en_US>
 thrown in interpreter method <{method} {0x000000012d49fdf8} 'd' '(Ljava/lang/String;)Ljava/util/ResourceBundle;' in 'com/amazon/G/a'>
 at bci 9 for thread 0x00007ff00300f000 (main)
[28.235s][info][exceptions] Exception <a 'java/util/MissingResourceException'{0x000000070ca728f0}: Can't find bundle for base name com.amazon.language.resources.yjreadercontrolfixer.action_warning_en, locale en_US>
 thrown in interpreter method <{method} {0x000000012d49f3c8} 'a' '(Ljava/lang/String;Ljava/lang/String;)Ljava/util/ResourceBundle;' in 'com/amazon/G/a'>
 at bci 25 for thread 0x00007ff00300f000 (main)
[28.235s][info][exceptions] Exception <a 'java/util/MissingResourceException'{0x000000070ca728f0}: Can't find bundle for base name com.amazon.language.resources.yjreadercontrolfixer.action_warning_en, locale en_US>
 thrown in interpreter method <{method} {0x000000012d49f3c8} 'a' '(Ljava/lang/String;Ljava/lang/String;)Ljava/util/ResourceBundle;' in 'com/amazon/G/a'>
 at bci 45 for thread 0x00007ff00300f000 (main)
[28.235s][info][exceptions] Exception <a 'java/util/MissingResourceException'{0x000000070ca728f0}: Can't find bundle for base name com.amazon.language.resources.yjreadercontrolfixer.action_warning_en, locale en_US>
 thrown in interpreter method <{method} {0x000000012d49f190} 'c' '(Lcom/amazon/i/b;)Ljava/util/ResourceBundle;' in 'com/amazon/G/a'>
 at bci 102 for thread 0x00007ff00300f000 (main)
[28.235s][info][exceptions] Exception <a 'java/util/MissingResourceException'{0x000000070ca728f0}: Can't find bundle for base name com.amazon.language.resources.yjreadercontrolfixer.action_warning_en, locale en_US>
 thrown in interpreter method <{method} {0x000000012d49f7e0} 'e' '(Lcom/amazon/i/b;)Ljava/lang/String;' in 'com/amazon/G/a'>
 at bci 5 for thread 0x00007ff00300f000 (main)
[28.235s][info][exceptions] Exception <a 'java/util/MissingResourceException'{0x000000070ca762c8}: Can't find bundle for base name com.amazon.language.resources.yjreadercontrolfixer.action_warning_en, locale en_US>
 thrown in interpreter method <{method} {0x000000012d4a9560} 'throwMissingResourceException' '(Ljava/lang/String;Ljava/util/Locale;Ljava/lang/Throwable;)V' in 'java/util/ResourceBundle'>
 at bci 73 for thread 0x00007ff00300f000 (main)
[28.235s][info][exceptions] Exception <a 'java/util/MissingResourceException'{0x000000070ca762c8}: Can't find bundle for base name com.amazon.language.resources.yjreadercontrolfixer.action_warning_en, locale en_US>
 thrown in interpreter method <{method} {0x000000012d4a8aa0} 'getBundleImpl' '(Ljava/lang/Module;Ljava/lang/Module;Ljava/lang/String;Ljava/util/Locale;Ljava/util/ResourceBundle$Control;)Ljava/util/ResourceBundle;' in 'java/util/ResourceBundle'>
 at bci 318 for thread 0x00007ff00300f000 (main)
[28.235s][info][exceptions] Exception <a 'java/util/MissingResourceException'{0x000000070ca762c8}: Can't find bundle for base name com.amazon.language.resources.yjreadercontrolfixer.action_warning_en, locale en_US>
 thrown in interpreter method <{method} {0x000000012d4a8800} 'getBundleImpl' '(Ljava/lang/String;Ljava/util/Locale;Ljava/lang/Class;Ljava/lang/ClassLoader;Ljava/util/ResourceBundle$Control;)Ljava/util/ResourceBundle;' in 'java/util/ResourceBundle'>
 at bci 74 for thread 0x00007ff00300f000 (main)
[28.235s][info][exceptions] Exception <a 'java/util/MissingResourceException'{0x000000070ca762c8}: Can't find bundle for base name com.amazon.language.resources.yjreadercontrolfixer.action_warning_en, locale en_US>
 thrown in interpreter method <{method} {0x000000012d4a8720} 'getBundleImpl' '(Ljava/lang/String;Ljava/util/Locale;Ljava/lang/Class;Ljava/util/ResourceBundle$Control;)Ljava/util/ResourceBundle;' in 'java/util/ResourceBundle'>
 at bci 8 for thread 0x00007ff00300f000 (main)
[28.235s][info][exceptions] Exception <a 'java/util/MissingResourceException'{0x000000070ca762c8}: Can't find bundle for base name com.amazon.language.resources.yjreadercontrolfixer.action_warning_en, locale en_US>
 thrown in interpreter method <{method} {0x000000012d4a7fc8} 'getBundle' '(Ljava/lang/String;Ljava/util/ResourceBundle$Control;)Ljava/util/ResourceBundle;' in 'java/util/ResourceBundle'>
 at bci 16 for thread 0x00007ff00300f000 (main)
[28.235s][info][exceptions] Exception <a 'java/util/MissingResourceException'{0x000000070ca762c8}: Can't find bundle for base name com.amazon.language.resources.yjreadercontrolfixer.action_warning_en, locale en_US>
 thrown in interpreter method <{method} {0x000000012d49fdf8} 'd' '(Ljava/lang/String;)Ljava/util/ResourceBundle;' in 'com/amazon/G/a'>
 at bci 9 for thread 0x00007ff00300f000 (main)
[28.235s][info][exceptions] Exception <a 'java/util/MissingResourceException'{0x000000070ca762c8}: Can't find bundle for base name com.amazon.language.resources.yjreadercontrolfixer.action_warning_en, locale en_US>
 thrown in interpreter method <{method} {0x000000012d49f3c8} 'a' '(Ljava/lang/String;Ljava/lang/String;)Ljava/util/ResourceBundle;' in 'com/amazon/G/a'>
 at bci 25 for thread 0x00007ff00300f000 (main)
[28.236s][info][exceptions] Exception <a 'java/util/MissingResourceException'{0x000000070ca762c8}: Can't find bundle for base name com.amazon.language.resources.yjreadercontrolfixer.action_warning_en, locale en_US>
 thrown in interpreter method <{method} {0x000000012d49f3c8} 'a' '(Ljava/lang/String;Ljava/lang/String;)Ljava/util/ResourceBundle;' in 'com/amazon/G/a'>
 at bci 45 for thread 0x00007ff00300f000 (main)
[28.236s][info][exceptions] Exception <a 'java/util/MissingResourceException'{0x000000070ca762c8}: Can't find bundle for base name com.amazon.language.resources.yjreadercontrolfixer.action_warning_en, locale en_US>
 thrown in interpreter method <{method} {0x000000012d49f190} 'c' '(Lcom/amazon/i/b;)Ljava/util/ResourceBundle;' in 'com/amazon/G/a'>
 at bci 102 for thread 0x00007ff00300f000 (main)
[28.236s][info][exceptions] Exception <a 'java/util/MissingResourceException'{0x000000070ca762c8}: Can't find bundle for base name com.amazon.language.resources.yjreadercontrolfixer.action_warning_en, locale en_US>
 thrown in interpreter method <{method} {0x000000012d49f7e0} 'e' '(Lcom/amazon/i/b;)Ljava/lang/String;' in 'com/amazon/G/a'>
 at bci 5 for thread 0x00007ff00300f000 (main)
[28.236s][info][exceptions] Exception <a 'java/util/MissingResourceException'{0x000000070ca77d38}: Can't find bundle for base name com.amazon.language.resources.yjreadercontrolfixer.action_warning_en, locale en_US>
 thrown in interpreter method <{method} {0x000000012d4a9560} 'throwMissingResourceException' '(Ljava/lang/String;Ljava/util/Locale;Ljava/lang/Throwable;)V' in 'java/util/ResourceBundle'>
 at bci 73 for thread 0x00007ff00300f000 (main)
[28.236s][info][exceptions] Exception <a 'java/util/MissingResourceException'{0x000000070ca77d38}: Can't find bundle for base name com.amazon.language.resources.yjreadercontrolfixer.action_warning_en, locale en_US>
 thrown in interpreter method <{method} {0x000000012d4a8aa0} 'getBundleImpl' '(Ljava/lang/Module;Ljava/lang/Module;Ljava/lang/String;Ljava/util/Locale;Ljava/util/ResourceBundle$Control;)Ljava/util/ResourceBundle;' in 'java/util/ResourceBundle'>
 at bci 318 for thread 0x00007ff00300f000 (main)
[28.236s][info][exceptions] Exception <a 'java/util/MissingResourceException'{0x000000070ca77d38}: Can't find bundle for base name com.amazon.language.resources.yjreadercontrolfixer.action_warning_en, locale en_US>
 thrown in interpreter method <{method} {0x000000012d4a8800} 'getBundleImpl' '(Ljava/lang/String;Ljava/util/Locale;Ljava/lang/Class;Ljava/lang/ClassLoader;Ljava/util/ResourceBundle$Control;)Ljava/util/ResourceBundle;' in 'java/util/ResourceBundle'>
 at bci 74 for thread 0x00007ff00300f000 (main)
[28.236s][info][exceptions] Exception <a 'java/util/MissingResourceException'{0x000000070ca77d38}: Can't find bundle for base name com.amazon.language.resources.yjreadercontrolfixer.action_warning_en, locale en_US>
 thrown in interpreter method <{method} {0x000000012d4a8720} 'getBundleImpl' '(Ljava/lang/String;Ljava/util/Locale;Ljava/lang/Class;Ljava/util/ResourceBundle$Control;)Ljava/util/ResourceBundle;' in 'java/util/ResourceBundle'>
 at bci 8 for thread 0x00007ff00300f000 (main)
[28.236s][info][exceptions] Exception <a 'java/util/MissingResourceException'{0x000000070ca77d38}: Can't find bundle for base name com.amazon.language.resources.yjreadercontrolfixer.action_warning_en, locale en_US>
 thrown in interpreter method <{method} {0x000000012d4a7fc8} 'getBundle' '(Ljava/lang/String;Ljava/util/ResourceBundle$Control;)Ljava/util/ResourceBundle;' in 'java/util/ResourceBundle'>
 at bci 16 for thread 0x00007ff00300f000 (main)
[28.236s][info][exceptions] Exception <a 'java/util/MissingResourceException'{0x000000070ca77d38}: Can't find bundle for base name com.amazon.language.resources.yjreadercontrolfixer.action_warning_en, locale en_US>
 thrown in interpreter method <{method} {0x000000012d49fdf8} 'd' '(Ljava/lang/String;)Ljava/util/ResourceBundle;' in 'com/amazon/G/a'>
 at bci 9 for thread 0x00007ff00300f000 (main)
[28.236s][info][exceptions] Exception <a 'java/util/MissingResourceException'{0x000000070ca77d38}: Can't find bundle for base name com.amazon.language.resources.yjreadercontrolfixer.action_warning_en, locale en_US>
 thrown in interpreter method <{method} {0x000000012d49f3c8} 'a' '(Ljava/lang/String;Ljava/lang/String;)Ljava/util/ResourceBundle;' in 'com/amazon/G/a'>
 at bci 25 for thread 0x00007ff00300f000 (main)
[28.236s][info][exceptions] Exception <a 'java/util/MissingResourceException'{0x000000070ca77d38}: Can't find bundle for base name com.amazon.language.resources.yjreadercontrolfixer.action_warning_en, locale en_US>
 thrown in interpreter method <{method} {0x000000012d49f3c8} 'a' '(Ljava/lang/String;Ljava/lang/String;)Ljava/util/ResourceBundle;' in 'com/amazon/G/a'>
 at bci 45 for thread 0x00007ff00300f000 (main)
[28.236s][info][exceptions] Exception <a 'java/util/MissingResourceException'{0x000000070ca77d38}: Can't find bundle for base name com.amazon.language.resources.yjreadercontrolfixer.action_warning_en, locale en_US>
 thrown in interpreter method <{method} {0x000000012d49f190} 'c' '(Lcom/amazon/i/b;)Ljava/util/ResourceBundle;' in 'com/amazon/G/a'>
 at bci 102 for thread 0x00007ff00300f000 (main)
[28.236s][info][exceptions] Exception <a 'java/util/MissingResourceException'{0x000000070ca77d38}: Can't find bundle for base name com.amazon.language.resources.yjreadercontrolfixer.action_warning_en, locale en_US>
 thrown in interpreter method <{method} {0x000000012d49f7e0} 'e' '(Lcom/amazon/i/b;)Ljava/lang/String;' in 'com/amazon/G/a'>
 at bci 5 for thread 0x00007ff00300f000 (main)
[28.237s][info][exceptions] Exception <a 'java/util/MissingResourceException'{0x000000070c91a638}: Can't find bundle for base name com.amazon.language.resources.yjreadercontrolfixer.action_warning_en, locale en_US>
 thrown in interpreter method <{method} {0x000000012d4a9560} 'throwMissingResourceException' '(Ljava/lang/String;Ljava/util/Locale;Ljava/lang/Throwable;)V' in 'java/util/ResourceBundle'>
 at bci 73 for thread 0x00007ff00300f000 (main)
[28.237s][info][exceptions] Exception <a 'java/util/MissingResourceException'{0x000000070c91a638}: Can't find bundle for base name com.amazon.language.resources.yjreadercontrolfixer.action_warning_en, locale en_US>
 thrown in interpreter method <{method} {0x000000012d4a8aa0} 'getBundleImpl' '(Ljava/lang/Module;Ljava/lang/Module;Ljava/lang/String;Ljava/util/Locale;Ljava/util/ResourceBundle$Control;)Ljava/util/ResourceBundle;' in 'java/util/ResourceBundle'>
 at bci 318 for thread 0x00007ff00300f000 (main)
[28.237s][info][exceptions] Exception <a 'java/util/MissingResourceException'{0x000000070c91a638}: Can't find bundle for base name com.amazon.language.resources.yjreadercontrolfixer.action_warning_en, locale en_US>
 thrown in interpreter method <{method} {0x000000012d4a8800} 'getBundleImpl' '(Ljava/lang/String;Ljava/util/Locale;Ljava/lang/Class;Ljava/lang/ClassLoader;Ljava/util/ResourceBundle$Control;)Ljava/util/ResourceBundle;' in 'java/util/ResourceBundle'>
 at bci 74 for thread 0x00007ff00300f000 (main)
[28.237s][info][exceptions] Exception <a 'java/util/MissingResourceException'{0x000000070c91a638}: Can't find bundle for base name com.amazon.language.resources.yjreadercontrolfixer.action_warning_en, locale en_US>
 thrown in interpreter method <{method} {0x000000012d4a8720} 'getBundleImpl' '(Ljava/lang/String;Ljava/util/Locale;Ljava/lang/Class;Ljava/util/ResourceBundle$Control;)Ljava/util/ResourceBundle;' in 'java/util/ResourceBundle'>
 at bci 8 for thread 0x00007ff00300f000 (main)
[28.237s][info][exceptions] Exception <a 'java/util/MissingResourceException'{0x000000070c91a638}: Can't find bundle for base name com.amazon.language.resources.yjreadercontrolfixer.action_warning_en, locale en_US>
 thrown in interpreter method <{method} {0x000000012d4a7fc8} 'getBundle' '(Ljava/lang/String;Ljava/util/ResourceBundle$Control;)Ljava/util/ResourceBundle;' in 'java/util/ResourceBundle'>
 at bci 16 for thread 0x00007ff00300f000 (main)
[28.237s][info][exceptions] Exception <a 'java/util/MissingResourceException'{0x000000070c91a638}: Can't find bundle for base name com.amazon.language.resources.yjreadercontrolfixer.action_warning_en, locale en_US>
 thrown in interpreter method <{method} {0x000000012d49fdf8} 'd' '(Ljava/lang/String;)Ljava/util/ResourceBundle;' in 'com/amazon/G/a'>
 at bci 9 for thread 0x00007ff00300f000 (main)
[28.237s][info][exceptions] Exception <a 'java/util/MissingResourceException'{0x000000070c91a638}: Can't find bundle for base name com.amazon.language.resources.yjreadercontrolfixer.action_warning_en, locale en_US>
 thrown in interpreter method <{method} {0x000000012d49f3c8} 'a' '(Ljava/lang/String;Ljava/lang/String;)Ljava/util/ResourceBundle;' in 'com/amazon/G/a'>
 at bci 25 for thread 0x00007ff00300f000 (main)
[28.237s][info][exceptions] Exception <a 'java/util/MissingResourceException'{0x000000070c91a638}: Can't find bundle for base name com.amazon.language.resources.yjreadercontrolfixer.action_warning_en, locale en_US>
 thrown in interpreter method <{method} {0x000000012d49f3c8} 'a' '(Ljava/lang/String;Ljava/lang/String;)Ljava/util/ResourceBundle;' in 'com/amazon/G/a'>
 at bci 45 for thread 0x00007ff00300f000 (main)
[28.237s][info][exceptions] Exception <a 'java/util/MissingResourceException'{0x000000070c91a638}: Can't find bundle for base name com.amazon.language.resources.yjreadercontrolfixer.action_warning_en, locale en_US>
 thrown in interpreter method <{method} {0x000000012d49f190} 'c' '(Lcom/amazon/i/b;)Ljava/util/ResourceBundle;' in 'com/amazon/G/a'>
 at bci 102 for thread 0x00007ff00300f000 (main)
[28.237s][info][exceptions] Exception <a 'java/util/MissingResourceException'{0x000000070c91a638}: Can't find bundle for base name com.amazon.language.resources.yjreadercontrolfixer.action_warning_en, locale en_US>
 thrown in interpreter method <{method} {0x000000012d49f7e0} 'e' '(Lcom/amazon/i/b;)Ljava/lang/String;' in 'com/amazon/G/a'>
 at bci 5 for thread 0x00007ff00300f000 (main)
[28.237s][info][exceptions] Exception <a 'java/util/MissingResourceException'{0x000000070c91c0f8}: Can't find bundle for base name com.amazon.language.resources.yjreadercontrolfixer.action_warning_en, locale en_US>
 thrown in interpreter method <{method} {0x000000012d4a9560} 'throwMissingResourceException' '(Ljava/lang/String;Ljava/util/Locale;Ljava/lang/Throwable;)V' in 'java/util/ResourceBundle'>
 at bci 73 for thread 0x00007ff00300f000 (main)
[28.237s][info][exceptions] Exception <a 'java/util/MissingResourceException'{0x000000070c91c0f8}: Can't find bundle for base name com.amazon.language.resources.yjreadercontrolfixer.action_warning_en, locale en_US>
 thrown in interpreter method <{method} {0x000000012d4a8aa0} 'getBundleImpl' '(Ljava/lang/Module;Ljava/lang/Module;Ljava/lang/String;Ljava/util/Locale;Ljava/util/ResourceBundle$Control;)Ljava/util/ResourceBundle;' in 'java/util/ResourceBundle'>
 at bci 318 for thread 0x00007ff00300f000 (main)
[28.237s][info][exceptions] Exception <a 'java/util/MissingResourceException'{0x000000070c91c0f8}: Can't find bundle for base name com.amazon.language.resources.yjreadercontrolfixer.action_warning_en, locale en_US>
 thrown in interpreter method <{method} {0x000000012d4a8800} 'getBundleImpl' '(Ljava/lang/String;Ljava/util/Locale;Ljava/lang/Class;Ljava/lang/ClassLoader;Ljava/util/ResourceBundle$Control;)Ljava/util/ResourceBundle;' in 'java/util/ResourceBundle'>
 at bci 74 for thread 0x00007ff00300f000 (main)
[28.237s][info][exceptions] Exception <a 'java/util/MissingResourceException'{0x000000070c91c0f8}: Can't find bundle for base name com.amazon.language.resources.yjreadercontrolfixer.action_warning_en, locale en_US>
 thrown in interpreter method <{method} {0x000000012d4a8720} 'getBundleImpl' '(Ljava/lang/String;Ljava/util/Locale;Ljava/lang/Class;Ljava/util/ResourceBundle$Control;)Ljava/util/ResourceBundle;' in 'java/util/ResourceBundle'>
 at bci 8 for thread 0x00007ff00300f000 (main)
[28.237s][info][exceptions] Exception <a 'java/util/MissingResourceException'{0x000000070c91c0f8}: Can't find bundle for base name com.amazon.language.resources.yjreadercontrolfixer.action_warning_en, locale en_US>
 thrown in interpreter method <{method} {0x000000012d4a7fc8} 'getBundle' '(Ljava/lang/String;Ljava/util/ResourceBundle$Control;)Ljava/util/ResourceBundle;' in 'java/util/ResourceBundle'>
 at bci 16 for thread 0x00007ff00300f000 (main)
[28.237s][info][exceptions] Exception <a 'java/util/MissingResourceException'{0x000000070c91c0f8}: Can't find bundle for base name com.amazon.language.resources.yjreadercontrolfixer.action_warning_en, locale en_US>
 thrown in interpreter method <{method} {0x000000012d49fdf8} 'd' '(Ljava/lang/String;)Ljava/util/ResourceBundle;' in 'com/amazon/G/a'>
 at bci 9 for thread 0x00007ff00300f000 (main)
[28.237s][info][exceptions] Exception <a 'java/util/MissingResourceException'{0x000000070c91c0f8}: Can't find bundle for base name com.amazon.language.resources.yjreadercontrolfixer.action_warning_en, locale en_US>
 thrown in interpreter method <{method} {0x000000012d49f3c8} 'a' '(Ljava/lang/String;Ljava/lang/String;)Ljava/util/ResourceBundle;' in 'com/amazon/G/a'>
 at bci 25 for thread 0x00007ff00300f000 (main)
[28.237s][info][exceptions] Exception <a 'java/util/MissingResourceException'{0x000000070c91c0f8}: Can't find bundle for base name com.amazon.language.resources.yjreadercontrolfixer.action_warning_en, locale en_US>
 thrown in interpreter method <{method} {0x000000012d49f3c8} 'a' '(Ljava/lang/String;Ljava/lang/String;)Ljava/util/ResourceBundle;' in 'com/amazon/G/a'>
 at bci 45 for thread 0x00007ff00300f000 (main)
[28.237s][info][exceptions] Exception <a 'java/util/MissingResourceException'{0x000000070c91c0f8}: Can't find bundle for base name com.amazon.language.resources.yjreadercontrolfixer.action_warning_en, locale en_US>
 thrown in interpreter method <{method} {0x000000012d49f190} 'c' '(Lcom/amazon/i/b;)Ljava/util/ResourceBundle;' in 'com/amazon/G/a'>
 at bci 102 for thread 0x00007ff00300f000 (main)
[28.237s][info][exceptions] Exception <a 'java/util/MissingResourceException'{0x000000070c91c0f8}: Can't find bundle for base name com.amazon.language.resources.yjreadercontrolfixer.action_warning_en, locale en_US>
 thrown in interpreter method <{method} {0x000000012d49f7e0} 'e' '(Lcom/amazon/i/b;)Ljava/lang/String;' in 'com/amazon/G/a'>
 at bci 5 for thread 0x00007ff00300f000 (main)
[28.237s][info][exceptions] Exception <a 'java/util/MissingResourceException'{0x000000070c91fad0}: Can't find bundle for base name com.amazon.language.resources.yjreadercontrolfixer.action_warning_en, locale en_US>
 thrown in interpreter method <{method} {0x000000012d4a9560} 'throwMissingResourceException' '(Ljava/lang/String;Ljava/util/Locale;Ljava/lang/Throwable;)V' in 'java/util/ResourceBundle'>
 at bci 73 for thread 0x00007ff00300f000 (main)
[28.237s][info][exceptions] Exception <a 'java/util/MissingResourceException'{0x000000070c91fad0}: Can't find bundle for base name com.amazon.language.resources.yjreadercontrolfixer.action_warning_en, locale en_US>
 thrown in interpreter method <{method} {0x000000012d4a8aa0} 'getBundleImpl' '(Ljava/lang/Module;Ljava/lang/Module;Ljava/lang/String;Ljava/util/Locale;Ljava/util/ResourceBundle$Control;)Ljava/util/ResourceBundle;' in 'java/util/ResourceBundle'>
 at bci 318 for thread 0x00007ff00300f000 (main)
[28.237s][info][exceptions] Exception <a 'java/util/MissingResourceException'{0x000000070c91fad0}: Can't find bundle for base name com.amazon.language.resources.yjreadercontrolfixer.action_warning_en, locale en_US>
 thrown in interpreter method <{method} {0x000000012d4a8800} 'getBundleImpl' '(Ljava/lang/String;Ljava/util/Locale;Ljava/lang/Class;Ljava/lang/ClassLoader;Ljava/util/ResourceBundle$Control;)Ljava/util/ResourceBundle;' in 'java/util/ResourceBundle'>
 at bci 74 for thread 0x00007ff00300f000 (main)
[28.237s][info][exceptions] Exception <a 'java/util/MissingResourceException'{0x000000070c91fad0}: Can't find bundle for base name com.amazon.language.resources.yjreadercontrolfixer.action_warning_en, locale en_US>
 thrown in interpreter method <{method} {0x000000012d4a8720} 'getBundleImpl' '(Ljava/lang/String;Ljava/util/Locale;Ljava/lang/Class;Ljava/util/ResourceBundle$Control;)Ljava/util/ResourceBundle;' in 'java/util/ResourceBundle'>
 at bci 8 for thread 0x00007ff00300f000 (main)
[28.237s][info][exceptions] Exception <a 'java/util/MissingResourceException'{0x000000070c91fad0}: Can't find bundle for base name com.amazon.language.resources.yjreadercontrolfixer.action_warning_en, locale en_US>
 thrown in interpreter method <{method} {0x000000012d4a7fc8} 'getBundle' '(Ljava/lang/String;Ljava/util/ResourceBundle$Control;)Ljava/util/ResourceBundle;' in 'java/util/ResourceBundle'>
 at bci 16 for thread 0x00007ff00300f000 (main)
[28.237s][info][exceptions] Exception <a 'java/util/MissingResourceException'{0x000000070c91fad0}: Can't find bundle for base name com.amazon.language.resources.yjreadercontrolfixer.action_warning_en, locale en_US>
 thrown in interpreter method <{method} {0x000000012d49fdf8} 'd' '(Ljava/lang/String;)Ljava/util/ResourceBundle;' in 'com/amazon/G/a'>
 at bci 9 for thread 0x00007ff00300f000 (main)
[28.237s][info][exceptions] Exception <a 'java/util/MissingResourceException'{0x000000070c91fad0}: Can't find bundle for base name com.amazon.language.resources.yjreadercontrolfixer.action_warning_en, locale en_US>
 thrown in interpreter method <{method} {0x000000012d49f3c8} 'a' '(Ljava/lang/String;Ljava/lang/String;)Ljava/util/ResourceBundle;' in 'com/amazon/G/a'>
 at bci 25 for thread 0x00007ff00300f000 (main)
[28.237s][info][exceptions] Exception <a 'java/util/MissingResourceException'{0x000000070c91fad0}: Can't find bundle for base name com.amazon.language.resources.yjreadercontrolfixer.action_warning_en, locale en_US>
 thrown in interpreter method <{method} {0x000000012d49f3c8} 'a' '(Ljava/lang/String;Ljava/lang/String;)Ljava/util/ResourceBundle;' in 'com/amazon/G/a'>
 at bci 45 for thread 0x00007ff00300f000 (main)
[28.238s][info][exceptions] Exception <a 'java/util/MissingResourceException'{0x000000070c91fad0}: Can't find bundle for base name com.amazon.language.resources.yjreadercontrolfixer.action_warning_en, locale en_US>
 thrown in interpreter method <{method} {0x000000012d49f190} 'c' '(Lcom/amazon/i/b;)Ljava/util/ResourceBundle;' in 'com/amazon/G/a'>
 at bci 102 for thread 0x00007ff00300f000 (main)
[28.238s][info][exceptions] Exception <a 'java/util/MissingResourceException'{0x000000070c91fad0}: Can't find bundle for base name com.amazon.language.resources.yjreadercontrolfixer.action_warning_en, locale en_US>
 thrown in interpreter method <{method} {0x000000012d49f7e0} 'e' '(Lcom/amazon/i/b;)Ljava/lang/String;' in 'com/amazon/G/a'>
 at bci 5 for thread 0x00007ff00300f000 (main)
[28.238s][info][exceptions] Exception <a 'java/util/MissingResourceException'{0x000000070c921540}: Can't find bundle for base name com.amazon.language.resources.yjreadercontrolfixer.action_warning_en, locale en_US>
 thrown in interpreter method <{method} {0x000000012d4a9560} 'throwMissingResourceException' '(Ljava/lang/String;Ljava/util/Locale;Ljava/lang/Throwable;)V' in 'java/util/ResourceBundle'>
 at bci 73 for thread 0x00007ff00300f000 (main)
[28.238s][info][exceptions] Exception <a 'java/util/MissingResourceException'{0x000000070c921540}: Can't find bundle for base name com.amazon.language.resources.yjreadercontrolfixer.action_warning_en, locale en_US>
 thrown in interpreter method <{method} {0x000000012d4a8aa0} 'getBundleImpl' '(Ljava/lang/Module;Ljava/lang/Module;Ljava/lang/String;Ljava/util/Locale;Ljava/util/ResourceBundle$Control;)Ljava/util/ResourceBundle;' in 'java/util/ResourceBundle'>
 at bci 318 for thread 0x00007ff00300f000 (main)
[28.238s][info][exceptions] Exception <a 'java/util/MissingResourceException'{0x000000070c921540}: Can't find bundle for base name com.amazon.language.resources.yjreadercontrolfixer.action_warning_en, locale en_US>
 thrown in interpreter method <{method} {0x000000012d4a8800} 'getBundleImpl' '(Ljava/lang/String;Ljava/util/Locale;Ljava/lang/Class;Ljava/lang/ClassLoader;Ljava/util/ResourceBundle$Control;)Ljava/util/ResourceBundle;' in 'java/util/ResourceBundle'>
 at bci 74 for thread 0x00007ff00300f000 (main)
[28.238s][info][exceptions] Exception <a 'java/util/MissingResourceException'{0x000000070c921540}: Can't find bundle for base name com.amazon.language.resources.yjreadercontrolfixer.action_warning_en, locale en_US>
 thrown in interpreter method <{method} {0x000000012d4a8720} 'getBundleImpl' '(Ljava/lang/String;Ljava/util/Locale;Ljava/lang/Class;Ljava/util/ResourceBundle$Control;)Ljava/util/ResourceBundle;' in 'java/util/ResourceBundle'>
 at bci 8 for thread 0x00007ff00300f000 (main)
[28.238s][info][exceptions] Exception <a 'java/util/MissingResourceException'{0x000000070c921540}: Can't find bundle for base name com.amazon.language.resources.yjreadercontrolfixer.action_warning_en, locale en_US>
 thrown in interpreter method <{method} {0x000000012d4a7fc8} 'getBundle' '(Ljava/lang/String;Ljava/util/ResourceBundle$Control;)Ljava/util/ResourceBundle;' in 'java/util/ResourceBundle'>
 at bci 16 for thread 0x00007ff00300f000 (main)
[28.238s][info][exceptions] Exception <a 'java/util/MissingResourceException'{0x000000070c921540}: Can't find bundle for base name com.amazon.language.resources.yjreadercontrolfixer.action_warning_en, locale en_US>
 thrown in interpreter method <{method} {0x000000012d49fdf8} 'd' '(Ljava/lang/String;)Ljava/util/ResourceBundle;' in 'com/amazon/G/a'>
 at bci 9 for thread 0x00007ff00300f000 (main)
[28.238s][info][exceptions] Exception <a 'java/util/MissingResourceException'{0x000000070c921540}: Can't find bundle for base name com.amazon.language.resources.yjreadercontrolfixer.action_warning_en, locale en_US>
 thrown in interpreter method <{method} {0x000000012d49f3c8} 'a' '(Ljava/lang/String;Ljava/lang/String;)Ljava/util/ResourceBundle;' in 'com/amazon/G/a'>
 at bci 25 for thread 0x00007ff00300f000 (main)
[28.238s][info][exceptions] Exception <a 'java/util/MissingResourceException'{0x000000070c921540}: Can't find bundle for base name com.amazon.language.resources.yjreadercontrolfixer.action_warning_en, locale en_US>
 thrown in interpreter method <{method} {0x000000012d49f3c8} 'a' '(Ljava/lang/String;Ljava/lang/String;)Ljava/util/ResourceBundle;' in 'com/amazon/G/a'>
 at bci 45 for thread 0x00007ff00300f000 (main)
[28.238s][info][exceptions] Exception <a 'java/util/MissingResourceException'{0x000000070c921540}: Can't find bundle for base name com.amazon.language.resources.yjreadercontrolfixer.action_warning_en, locale en_US>
 thrown in interpreter method <{method} {0x000000012d49f190} 'c' '(Lcom/amazon/i/b;)Ljava/util/ResourceBundle;' in 'com/amazon/G/a'>
 at bci 102 for thread 0x00007ff00300f000 (main)
[28.238s][info][exceptions] Exception <a 'java/util/MissingResourceException'{0x000000070c921540}: Can't find bundle for base name com.amazon.language.resources.yjreadercontrolfixer.action_warning_en, locale en_US>
 thrown in interpreter method <{method} {0x000000012d49f7e0} 'e' '(Lcom/amazon/i/b;)Ljava/lang/String;' in 'com/amazon/G/a'>
 at bci 5 for thread 0x00007ff00300f000 (main)
[28.238s][info][exceptions] Exception <a 'java/util/MissingResourceException'{0x000000070c924f18}: Can't find bundle for base name com.amazon.language.resources.yjreadercontrolfixer.action_warning_en, locale en_US>
 thrown in interpreter method <{method} {0x000000012d4a9560} 'throwMissingResourceException' '(Ljava/lang/String;Ljava/util/Locale;Ljava/lang/Throwable;)V' in 'java/util/ResourceBundle'>
 at bci 73 for thread 0x00007ff00300f000 (main)
[28.238s][info][exceptions] Exception <a 'java/util/MissingResourceException'{0x000000070c924f18}: Can't find bundle for base name com.amazon.language.resources.yjreadercontrolfixer.action_warning_en, locale en_US>
 thrown in interpreter method <{method} {0x000000012d4a8aa0} 'getBundleImpl' '(Ljava/lang/Module;Ljava/lang/Module;Ljava/lang/String;Ljava/util/Locale;Ljava/util/ResourceBundle$Control;)Ljava/util/ResourceBundle;' in 'java/util/ResourceBundle'>
 at bci 318 for thread 0x00007ff00300f000 (main)
[28.238s][info][exceptions] Exception <a 'java/util/MissingResourceException'{0x000000070c924f18}: Can't find bundle for base name com.amazon.language.resources.yjreadercontrolfixer.action_warning_en, locale en_US>
 thrown in interpreter method <{method} {0x000000012d4a8800} 'getBundleImpl' '(Ljava/lang/String;Ljava/util/Locale;Ljava/lang/Class;Ljava/lang/ClassLoader;Ljava/util/ResourceBundle$Control;)Ljava/util/ResourceBundle;' in 'java/util/ResourceBundle'>
 at bci 74 for thread 0x00007ff00300f000 (main)
[28.238s][info][exceptions] Exception <a 'java/util/MissingResourceException'{0x000000070c924f18}: Can't find bundle for base name com.amazon.language.resources.yjreadercontrolfixer.action_warning_en, locale en_US>
 thrown in interpreter method <{method} {0x000000012d4a8720} 'getBundleImpl' '(Ljava/lang/String;Ljava/util/Locale;Ljava/lang/Class;Ljava/util/ResourceBundle$Control;)Ljava/util/ResourceBundle;' in 'java/util/ResourceBundle'>
 at bci 8 for thread 0x00007ff00300f000 (main)
[28.238s][info][exceptions] Exception <a 'java/util/MissingResourceException'{0x000000070c924f18}: Can't find bundle for base name com.amazon.language.resources.yjreadercontrolfixer.action_warning_en, locale en_US>
 thrown in interpreter method <{method} {0x000000012d4a7fc8} 'getBundle' '(Ljava/lang/String;Ljava/util/ResourceBundle$Control;)Ljava/util/ResourceBundle;' in 'java/util/ResourceBundle'>
 at bci 16 for thread 0x00007ff00300f000 (main)
[28.238s][info][exceptions] Exception <a 'java/util/MissingResourceException'{0x000000070c924f18}: Can't find bundle for base name com.amazon.language.resources.yjreadercontrolfixer.action_warning_en, locale en_US>
 thrown in interpreter method <{method} {0x000000012d49fdf8} 'd' '(Ljava/lang/String;)Ljava/util/ResourceBundle;' in 'com/amazon/G/a'>
 at bci 9 for thread 0x00007ff00300f000 (main)
[28.238s][info][exceptions] Exception <a 'java/util/MissingResourceException'{0x000000070c924f18}: Can't find bundle for base name com.amazon.language.resources.yjreadercontrolfixer.action_warning_en, locale en_US>
 thrown in interpreter method <{method} {0x000000012d49f3c8} 'a' '(Ljava/lang/String;Ljava/lang/String;)Ljava/util/ResourceBundle;' in 'com/amazon/G/a'>
 at bci 25 for thread 0x00007ff00300f000 (main)
[28.238s][info][exceptions] Exception <a 'java/util/MissingResourceException'{0x000000070c924f18}: Can't find bundle for base name com.amazon.language.resources.yjreadercontrolfixer.action_warning_en, locale en_US>
 thrown in interpreter method <{method} {0x000000012d49f3c8} 'a' '(Ljava/lang/String;Ljava/lang/String;)Ljava/util/ResourceBundle;' in 'com/amazon/G/a'>
 at bci 45 for thread 0x00007ff00300f000 (main)
[28.238s][info][exceptions] Exception <a 'java/util/MissingResourceException'{0x000000070c924f18}: Can't find bundle for base name com.amazon.language.resources.yjreadercontrolfixer.action_warning_en, locale en_US>
 thrown in interpreter method <{method} {0x000000012d49f190} 'c' '(Lcom/amazon/i/b;)Ljava/util/ResourceBundle;' in 'com/amazon/G/a'>
 at bci 102 for thread 0x00007ff00300f000 (main)
[28.238s][info][exceptions] Exception <a 'java/util/MissingResourceException'{0x000000070c924f18}: Can't find bundle for base name com.amazon.language.resources.yjreadercontrolfixer.action_warning_en, locale en_US>
 thrown in interpreter method <{method} {0x000000012d49f7e0} 'e' '(Lcom/amazon/i/b;)Ljava/lang/String;' in 'com/amazon/G/a'>
 at bci 5 for thread 0x00007ff00300f000 (main)
[28.238s][info][exceptions] Exception <a 'java/util/MissingResourceException'{0x000000070c926988}: Can't find bundle for base name com.amazon.language.resources.yjreadercontrolfixer.action_warning_en, locale en_US>
 thrown in interpreter method <{method} {0x000000012d4a9560} 'throwMissingResourceException' '(Ljava/lang/String;Ljava/util/Locale;Ljava/lang/Throwable;)V' in 'java/util/ResourceBundle'>
 at bci 73 for thread 0x00007ff00300f000 (main)
[28.238s][info][exceptions] Exception <a 'java/util/MissingResourceException'{0x000000070c926988}: Can't find bundle for base name com.amazon.language.resources.yjreadercontrolfixer.action_warning_en, locale en_US>
 thrown in interpreter method <{method} {0x000000012d4a8aa0} 'getBundleImpl' '(Ljava/lang/Module;Ljava/lang/Module;Ljava/lang/String;Ljava/util/Locale;Ljava/util/ResourceBundle$Control;)Ljava/util/ResourceBundle;' in 'java/util/ResourceBundle'>
 at bci 318 for thread 0x00007ff00300f000 (main)
[28.238s][info][exceptions] Exception <a 'java/util/MissingResourceException'{0x000000070c926988}: Can't find bundle for base name com.amazon.language.resources.yjreadercontrolfixer.action_warning_en, locale en_US>
 thrown in interpreter method <{method} {0x000000012d4a8800} 'getBundleImpl' '(Ljava/lang/String;Ljava/util/Locale;Ljava/lang/Class;Ljava/lang/ClassLoader;Ljava/util/ResourceBundle$Control;)Ljava/util/ResourceBundle;' in 'java/util/ResourceBundle'>
 at bci 74 for thread 0x00007ff00300f000 (main)
[28.238s][info][exceptions] Exception <a 'java/util/MissingResourceException'{0x000000070c926988}: Can't find bundle for base name com.amazon.language.resources.yjreadercontrolfixer.action_warning_en, locale en_US>
 thrown in interpreter method <{method} {0x000000012d4a8720} 'getBundleImpl' '(Ljava/lang/String;Ljava/util/Locale;Ljava/lang/Class;Ljava/util/ResourceBundle$Control;)Ljava/util/ResourceBundle;' in 'java/util/ResourceBundle'>
 at bci 8 for thread 0x00007ff00300f000 (main)
[28.238s][info][exceptions] Exception <a 'java/util/MissingResourceException'{0x000000070c926988}: Can't find bundle for base name com.amazon.language.resources.yjreadercontrolfixer.action_warning_en, locale en_US>
 thrown in interpreter method <{method} {0x000000012d4a7fc8} 'getBundle' '(Ljava/lang/String;Ljava/util/ResourceBundle$Control;)Ljava/util/ResourceBundle;' in 'java/util/ResourceBundle'>
 at bci 16 for thread 0x00007ff00300f000 (main)
[28.238s][info][exceptions] Exception <a 'java/util/MissingResourceException'{0x000000070c926988}: Can't find bundle for base name com.amazon.language.resources.yjreadercontrolfixer.action_warning_en, locale en_US>
 thrown in interpreter method <{method} {0x000000012d49fdf8} 'd' '(Ljava/lang/String;)Ljava/util/ResourceBundle;' in 'com/amazon/G/a'>
 at bci 9 for thread 0x00007ff00300f000 (main)
[28.238s][info][exceptions] Exception <a 'java/util/MissingResourceException'{0x000000070c926988}: Can't find bundle for base name com.amazon.language.resources.yjreadercontrolfixer.action_warning_en, locale en_US>
 thrown in interpreter method <{method} {0x000000012d49f3c8} 'a' '(Ljava/lang/String;Ljava/lang/String;)Ljava/util/ResourceBundle;' in 'com/amazon/G/a'>
 at bci 25 for thread 0x00007ff00300f000 (main)
[28.238s][info][exceptions] Exception <a 'java/util/MissingResourceException'{0x000000070c926988}: Can't find bundle for base name com.amazon.language.resources.yjreadercontrolfixer.action_warning_en, locale en_US>
 thrown in interpreter method <{method} {0x000000012d49f3c8} 'a' '(Ljava/lang/String;Ljava/lang/String;)Ljava/util/ResourceBundle;' in 'com/amazon/G/a'>
 at bci 45 for thread 0x00007ff00300f000 (main)
[28.238s][info][exceptions] Exception <a 'java/util/MissingResourceException'{0x000000070c926988}: Can't find bundle for base name com.amazon.language.resources.yjreadercontrolfixer.action_warning_en, locale en_US>
 thrown in interpreter method <{method} {0x000000012d49f190} 'c' '(Lcom/amazon/i/b;)Ljava/util/ResourceBundle;' in 'com/amazon/G/a'>
 at bci 102 for thread 0x00007ff00300f000 (main)
[28.238s][info][exceptions] Exception <a 'java/util/MissingResourceException'{0x000000070c926988}: Can't find bundle for base name com.amazon.language.resources.yjreadercontrolfixer.action_warning_en, locale en_US>
 thrown in interpreter method <{method} {0x000000012d49f7e0} 'e' '(Lcom/amazon/i/b;)Ljava/lang/String;' in 'com/amazon/G/a'>
 at bci 5 for thread 0x00007ff00300f000 (main)
[28.238s][info][exceptions] Exception <a 'java/util/MissingResourceException'{0x000000070c92a3c8}: Can't find bundle for base name com.amazon.language.resources.yjreadercontrolfixer.action_warning_en, locale en_US>
 thrown in interpreter method <{method} {0x000000012d4a9560} 'throwMissingResourceException' '(Ljava/lang/String;Ljava/util/Locale;Ljava/lang/Throwable;)V' in 'java/util/ResourceBundle'>
 at bci 73 for thread 0x00007ff00300f000 (main)
[28.238s][info][exceptions] Exception <a 'java/util/MissingResourceException'{0x000000070c92a3c8}: Can't find bundle for base name com.amazon.language.resources.yjreadercontrolfixer.action_warning_en, locale en_US>
 thrown in interpreter method <{method} {0x000000012d4a8aa0} 'getBundleImpl' '(Ljava/lang/Module;Ljava/lang/Module;Ljava/lang/String;Ljava/util/Locale;Ljava/util/ResourceBundle$Control;)Ljava/util/ResourceBundle;' in 'java/util/ResourceBundle'>
 at bci 318 for thread 0x00007ff00300f000 (main)
[28.238s][info][exceptions] Exception <a 'java/util/MissingResourceException'{0x000000070c92a3c8}: Can't find bundle for base name com.amazon.language.resources.yjreadercontrolfixer.action_warning_en, locale en_US>
 thrown in interpreter method <{method} {0x000000012d4a8800} 'getBundleImpl' '(Ljava/lang/String;Ljava/util/Locale;Ljava/lang/Class;Ljava/lang/ClassLoader;Ljava/util/ResourceBundle$Control;)Ljava/util/ResourceBundle;' in 'java/util/ResourceBundle'>
 at bci 74 for thread 0x00007ff00300f000 (main)
[28.238s][info][exceptions] Exception <a 'java/util/MissingResourceException'{0x000000070c92a3c8}: Can't find bundle for base name com.amazon.language.resources.yjreadercontrolfixer.action_warning_en, locale en_US>
 thrown in interpreter method <{method} {0x000000012d4a8720} 'getBundleImpl' '(Ljava/lang/String;Ljava/util/Locale;Ljava/lang/Class;Ljava/util/ResourceBundle$Control;)Ljava/util/ResourceBundle;' in 'java/util/ResourceBundle'>
 at bci 8 for thread 0x00007ff00300f000 (main)
[28.238s][info][exceptions] Exception <a 'java/util/MissingResourceException'{0x000000070c92a3c8}: Can't find bundle for base name com.amazon.language.resources.yjreadercontrolfixer.action_warning_en, locale en_US>
 thrown in interpreter method <{method} {0x000000012d4a7fc8} 'getBundle' '(Ljava/lang/String;Ljava/util/ResourceBundle$Control;)Ljava/util/ResourceBundle;' in 'java/util/ResourceBundle'>
 at bci 16 for thread 0x00007ff00300f000 (main)
[28.238s][info][exceptions] Exception <a 'java/util/MissingResourceException'{0x000000070c92a3c8}: Can't find bundle for base name com.amazon.language.resources.yjreadercontrolfixer.action_warning_en, locale en_US>
 thrown in interpreter method <{method} {0x000000012d49fdf8} 'd' '(Ljava/lang/String;)Ljava/util/ResourceBundle;' in 'com/amazon/G/a'>
 at bci 9 for thread 0x00007ff00300f000 (main)
[28.238s][info][exceptions] Exception <a 'java/util/MissingResourceException'{0x000000070c92a3c8}: Can't find bundle for base name com.amazon.language.resources.yjreadercontrolfixer.action_warning_en, locale en_US>
 thrown in interpreter method <{method} {0x000000012d49f3c8} 'a' '(Ljava/lang/String;Ljava/lang/String;)Ljava/util/ResourceBundle;' in 'com/amazon/G/a'>
 at bci 25 for thread 0x00007ff00300f000 (main)
[28.238s][info][exceptions] Exception <a 'java/util/MissingResourceException'{0x000000070c92a3c8}: Can't find bundle for base name com.amazon.language.resources.yjreadercontrolfixer.action_warning_en, locale en_US>
 thrown in interpreter method <{method} {0x000000012d49f3c8} 'a' '(Ljava/lang/String;Ljava/lang/String;)Ljava/util/ResourceBundle;' in 'com/amazon/G/a'>
 at bci 45 for thread 0x00007ff00300f000 (main)
[28.238s][info][exceptions] Exception <a 'java/util/MissingResourceException'{0x000000070c92a3c8}: Can't find bundle for base name com.amazon.language.resources.yjreadercontrolfixer.action_warning_en, locale en_US>
 thrown in interpreter method <{method} {0x000000012d49f190} 'c' '(Lcom/amazon/i/b;)Ljava/util/ResourceBundle;' in 'com/amazon/G/a'>
 at bci 102 for thread 0x00007ff00300f000 (main)
[28.238s][info][exceptions] Exception <a 'java/util/MissingResourceException'{0x000000070c92a3c8}: Can't find bundle for base name com.amazon.language.resources.yjreadercontrolfixer.action_warning_en, locale en_US>
 thrown in interpreter method <{method} {0x000000012d49f7e0} 'e' '(Lcom/amazon/i/b;)Ljava/lang/String;' in 'com/amazon/G/a'>
 at bci 5 for thread 0x00007ff00300f000 (main)
[28.238s][info][exceptions] Exception <a 'java/util/MissingResourceException'{0x000000070c92be38}: Can't find bundle for base name com.amazon.language.resources.yjreadercontrolfixer.action_warning_en, locale en_US>
 thrown in interpreter method <{method} {0x000000012d4a9560} 'throwMissingResourceException' '(Ljava/lang/String;Ljava/util/Locale;Ljava/lang/Throwable;)V' in 'java/util/ResourceBundle'>
 at bci 73 for thread 0x00007ff00300f000 (main)
[28.238s][info][exceptions] Exception <a 'java/util/MissingResourceException'{0x000000070c92be38}: Can't find bundle for base name com.amazon.language.resources.yjreadercontrolfixer.action_warning_en, locale en_US>
 thrown in interpreter method <{method} {0x000000012d4a8aa0} 'getBundleImpl' '(Ljava/lang/Module;Ljava/lang/Module;Ljava/lang/String;Ljava/util/Locale;Ljava/util/ResourceBundle$Control;)Ljava/util/ResourceBundle;' in 'java/util/ResourceBundle'>
 at bci 318 for thread 0x00007ff00300f000 (main)
[28.238s][info][exceptions] Exception <a 'java/util/MissingResourceException'{0x000000070c92be38}: Can't find bundle for base name com.amazon.language.resources.yjreadercontrolfixer.action_warning_en, locale en_US>
 thrown in interpreter method <{method} {0x000000012d4a8800} 'getBundleImpl' '(Ljava/lang/String;Ljava/util/Locale;Ljava/lang/Class;Ljava/lang/ClassLoader;Ljava/util/ResourceBundle$Control;)Ljava/util/ResourceBundle;' in 'java/util/ResourceBundle'>
 at bci 74 for thread 0x00007ff00300f000 (main)
[28.238s][info][exceptions] Exception <a 'java/util/MissingResourceException'{0x000000070c92be38}: Can't find bundle for base name com.amazon.language.resources.yjreadercontrolfixer.action_warning_en, locale en_US>
 thrown in interpreter method <{method} {0x000000012d4a8720} 'getBundleImpl' '(Ljava/lang/String;Ljava/util/Locale;Ljava/lang/Class;Ljava/util/ResourceBundle$Control;)Ljava/util/ResourceBundle;' in 'java/util/ResourceBundle'>
 at bci 8 for thread 0x00007ff00300f000 (main)
[28.238s][info][exceptions] Exception <a 'java/util/MissingResourceException'{0x000000070c92be38}: Can't find bundle for base name com.amazon.language.resources.yjreadercontrolfixer.action_warning_en, locale en_US>
 thrown in interpreter method <{method} {0x000000012d4a7fc8} 'getBundle' '(Ljava/lang/String;Ljava/util/ResourceBundle$Control;)Ljava/util/ResourceBundle;' in 'java/util/ResourceBundle'>
 at bci 16 for thread 0x00007ff00300f000 (main)
[28.238s][info][exceptions] Exception <a 'java/util/MissingResourceException'{0x000000070c92be38}: Can't find bundle for base name com.amazon.language.resources.yjreadercontrolfixer.action_warning_en, locale en_US>
 thrown in interpreter method <{method} {0x000000012d49fdf8} 'd' '(Ljava/lang/String;)Ljava/util/ResourceBundle;' in 'com/amazon/G/a'>
 at bci 9 for thread 0x00007ff00300f000 (main)
[28.238s][info][exceptions] Exception <a 'java/util/MissingResourceException'{0x000000070c92be38}: Can't find bundle for base name com.amazon.language.resources.yjreadercontrolfixer.action_warning_en, locale en_US>
 thrown in interpreter method <{method} {0x000000012d49f3c8} 'a' '(Ljava/lang/String;Ljava/lang/String;)Ljava/util/ResourceBundle;' in 'com/amazon/G/a'>
 at bci 25 for thread 0x00007ff00300f000 (main)
[28.238s][info][exceptions] Exception <a 'java/util/MissingResourceException'{0x000000070c92be38}: Can't find bundle for base name com.amazon.language.resources.yjreadercontrolfixer.action_warning_en, locale en_US>
 thrown in interpreter method <{method} {0x000000012d49f3c8} 'a' '(Ljava/lang/String;Ljava/lang/String;)Ljava/util/ResourceBundle;' in 'com/amazon/G/a'>
 at bci 45 for thread 0x00007ff00300f000 (main)
[28.238s][info][exceptions] Exception <a 'java/util/MissingResourceException'{0x000000070c92be38}: Can't find bundle for base name com.amazon.language.resources.yjreadercontrolfixer.action_warning_en, locale en_US>
 thrown in interpreter method <{method} {0x000000012d49f190} 'c' '(Lcom/amazon/i/b;)Ljava/util/ResourceBundle;' in 'com/amazon/G/a'>
 at bci 102 for thread 0x00007ff00300f000 (main)
[28.238s][info][exceptions] Exception <a 'java/util/MissingResourceException'{0x000000070c92be38}: Can't find bundle for base name com.amazon.language.resources.yjreadercontrolfixer.action_warning_en, locale en_US>
 thrown in interpreter method <{method} {0x000000012d49f7e0} 'e' '(Lcom/amazon/i/b;)Ljava/lang/String;' in 'com/amazon/G/a'>
 at bci 5 for thread 0x00007ff00300f000 (main)
[28.249s][info][exceptions] Exception <a 'java/util/MissingResourceException'{0x000000070c3b11c0}: Can't find bundle for base name com.amazon.language.resources.yjreadercontrolfixer.action_warning_en, locale en_US>
 thrown in interpreter method <{method} {0x000000012d4a9560} 'throwMissingResourceException' '(Ljava/lang/String;Ljava/util/Locale;Ljava/lang/Throwable;)V' in 'java/util/ResourceBundle'>
 at bci 73 for thread 0x00007ff00300f000 (main)
[28.249s][info][exceptions] Exception <a 'java/util/MissingResourceException'{0x000000070c3b11c0}: Can't find bundle for base name com.amazon.language.resources.yjreadercontrolfixer.action_warning_en, locale en_US>
 thrown in interpreter method <{method} {0x000000012d4a8aa0} 'getBundleImpl' '(Ljava/lang/Module;Ljava/lang/Module;Ljava/lang/String;Ljava/util/Locale;Ljava/util/ResourceBundle$Control;)Ljava/util/ResourceBundle;' in 'java/util/ResourceBundle'>
 at bci 318 for thread 0x00007ff00300f000 (main)
[28.249s][info][exceptions] Exception <a 'java/util/MissingResourceException'{0x000000070c3b11c0}: Can't find bundle for base name com.amazon.language.resources.yjreadercontrolfixer.action_warning_en, locale en_US>
 thrown in interpreter method <{method} {0x000000012d4a8800} 'getBundleImpl' '(Ljava/lang/String;Ljava/util/Locale;Ljava/lang/Class;Ljava/lang/ClassLoader;Ljava/util/ResourceBundle$Control;)Ljava/util/ResourceBundle;' in 'java/util/ResourceBundle'>
 at bci 74 for thread 0x00007ff00300f000 (main)
[28.249s][info][exceptions] Exception <a 'java/util/MissingResourceException'{0x000000070c3b11c0}: Can't find bundle for base name com.amazon.language.resources.yjreadercontrolfixer.action_warning_en, locale en_US>
 thrown in interpreter method <{method} {0x000000012d4a8720} 'getBundleImpl' '(Ljava/lang/String;Ljava/util/Locale;Ljava/lang/Class;Ljava/util/ResourceBundle$Control;)Ljava/util/ResourceBundle;' in 'java/util/ResourceBundle'>
 at bci 8 for thread 0x00007ff00300f000 (main)
[28.249s][info][exceptions] Exception <a 'java/util/MissingResourceException'{0x000000070c3b11c0}: Can't find bundle for base name com.amazon.language.resources.yjreadercontrolfixer.action_warning_en, locale en_US>
 thrown in interpreter method <{method} {0x000000012d4a7fc8} 'getBundle' '(Ljava/lang/String;Ljava/util/ResourceBundle$Control;)Ljava/util/ResourceBundle;' in 'java/util/ResourceBundle'>
 at bci 16 for thread 0x00007ff00300f000 (main)
[28.249s][info][exceptions] Exception <a 'java/util/MissingResourceException'{0x000000070c3b11c0}: Can't find bundle for base name com.amazon.language.resources.yjreadercontrolfixer.action_warning_en, locale en_US>
 thrown in interpreter method <{method} {0x000000012d49fdf8} 'd' '(Ljava/lang/String;)Ljava/util/ResourceBundle;' in 'com/amazon/G/a'>
 at bci 9 for thread 0x00007ff00300f000 (main)
[28.249s][info][exceptions] Exception <a 'java/util/MissingResourceException'{0x000000070c3b11c0}: Can't find bundle for base name com.amazon.language.resources.yjreadercontrolfixer.action_warning_en, locale en_US>
 thrown in interpreter method <{method} {0x000000012d49f3c8} 'a' '(Ljava/lang/String;Ljava/lang/String;)Ljava/util/ResourceBundle;' in 'com/amazon/G/a'>
 at bci 25 for thread 0x00007ff00300f000 (main)
[28.249s][info][exceptions] Exception <a 'java/util/MissingResourceException'{0x000000070c3b11c0}: Can't find bundle for base name com.amazon.language.resources.yjreadercontrolfixer.action_warning_en, locale en_US>
 thrown in interpreter method <{method} {0x000000012d49f3c8} 'a' '(Ljava/lang/String;Ljava/lang/String;)Ljava/util/ResourceBundle;' in 'com/amazon/G/a'>
 at bci 45 for thread 0x00007ff00300f000 (main)
[28.249s][info][exceptions] Exception <a 'java/util/MissingResourceException'{0x000000070c3b11c0}: Can't find bundle for base name com.amazon.language.resources.yjreadercontrolfixer.action_warning_en, locale en_US>
 thrown in interpreter method <{method} {0x000000012d49f190} 'c' '(Lcom/amazon/i/b;)Ljava/util/ResourceBundle;' in 'com/amazon/G/a'>
 at bci 102 for thread 0x00007ff00300f000 (main)
[28.249s][info][exceptions] Exception <a 'java/util/MissingResourceException'{0x000000070c3b11c0}: Can't find bundle for base name com.amazon.language.resources.yjreadercontrolfixer.action_warning_en, locale en_US>
 thrown in interpreter method <{method} {0x000000012d49f7e0} 'e' '(Lcom/amazon/i/b;)Ljava/lang/String;' in 'com/amazon/G/a'>
 at bci 5 for thread 0x00007ff00300f000 (main)
[28.249s][info][exceptions] Exception <a 'java/util/MissingResourceException'{0x000000070c3b2c30}: Can't find bundle for base name com.amazon.language.resources.yjreadercontrolfixer.action_warning_en, locale en_US>
 thrown in interpreter method <{method} {0x000000012d4a9560} 'throwMissingResourceException' '(Ljava/lang/String;Ljava/util/Locale;Ljava/lang/Throwable;)V' in 'java/util/ResourceBundle'>
 at bci 73 for thread 0x00007ff00300f000 (main)
[28.249s][info][exceptions] Exception <a 'java/util/MissingResourceException'{0x000000070c3b2c30}: Can't find bundle for base name com.amazon.language.resources.yjreadercontrolfixer.action_warning_en, locale en_US>
 thrown in interpreter method <{method} {0x000000012d4a8aa0} 'getBundleImpl' '(Ljava/lang/Module;Ljava/lang/Module;Ljava/lang/String;Ljava/util/Locale;Ljava/util/ResourceBundle$Control;)Ljava/util/ResourceBundle;' in 'java/util/ResourceBundle'>
 at bci 318 for thread 0x00007ff00300f000 (main)
[28.249s][info][exceptions] Exception <a 'java/util/MissingResourceException'{0x000000070c3b2c30}: Can't find bundle for base name com.amazon.language.resources.yjreadercontrolfixer.action_warning_en, locale en_US>
 thrown in interpreter method <{method} {0x000000012d4a8800} 'getBundleImpl' '(Ljava/lang/String;Ljava/util/Locale;Ljava/lang/Class;Ljava/lang/ClassLoader;Ljava/util/ResourceBundle$Control;)Ljava/util/ResourceBundle;' in 'java/util/ResourceBundle'>
 at bci 74 for thread 0x00007ff00300f000 (main)
[28.249s][info][exceptions] Exception <a 'java/util/MissingResourceException'{0x000000070c3b2c30}: Can't find bundle for base name com.amazon.language.resources.yjreadercontrolfixer.action_warning_en, locale en_US>
 thrown in interpreter method <{method} {0x000000012d4a8720} 'getBundleImpl' '(Ljava/lang/String;Ljava/util/Locale;Ljava/lang/Class;Ljava/util/ResourceBundle$Control;)Ljava/util/ResourceBundle;' in 'java/util/ResourceBundle'>
 at bci 8 for thread 0x00007ff00300f000 (main)
[28.249s][info][exceptions] Exception <a 'java/util/MissingResourceException'{0x000000070c3b2c30}: Can't find bundle for base name com.amazon.language.resources.yjreadercontrolfixer.action_warning_en, locale en_US>
 thrown in interpreter method <{method} {0x000000012d4a7fc8} 'getBundle' '(Ljava/lang/String;Ljava/util/ResourceBundle$Control;)Ljava/util/ResourceBundle;' in 'java/util/ResourceBundle'>
 at bci 16 for thread 0x00007ff00300f000 (main)
[28.249s][info][exceptions] Exception <a 'java/util/MissingResourceException'{0x000000070c3b2c30}: Can't find bundle for base name com.amazon.language.resources.yjreadercontrolfixer.action_warning_en, locale en_US>
 thrown in interpreter method <{method} {0x000000012d49fdf8} 'd' '(Ljava/lang/String;)Ljava/util/ResourceBundle;' in 'com/amazon/G/a'>
 at bci 9 for thread 0x00007ff00300f000 (main)
[28.249s][info][exceptions] Exception <a 'java/util/MissingResourceException'{0x000000070c3b2c30}: Can't find bundle for base name com.amazon.language.resources.yjreadercontrolfixer.action_warning_en, locale en_US>
 thrown in interpreter method <{method} {0x000000012d49f3c8} 'a' '(Ljava/lang/String;Ljava/lang/String;)Ljava/util/ResourceBundle;' in 'com/amazon/G/a'>
 at bci 25 for thread 0x00007ff00300f000 (main)
[28.249s][info][exceptions] Exception <a 'java/util/MissingResourceException'{0x000000070c3b2c30}: Can't find bundle for base name com.amazon.language.resources.yjreadercontrolfixer.action_warning_en, locale en_US>
 thrown in interpreter method <{method} {0x000000012d49f3c8} 'a' '(Ljava/lang/String;Ljava/lang/String;)Ljava/util/ResourceBundle;' in 'com/amazon/G/a'>
 at bci 45 for thread 0x00007ff00300f000 (main)
[28.249s][info][exceptions] Exception <a 'java/util/MissingResourceException'{0x000000070c3b2c30}: Can't find bundle for base name com.amazon.language.resources.yjreadercontrolfixer.action_warning_en, locale en_US>
 thrown in interpreter method <{method} {0x000000012d49f190} 'c' '(Lcom/amazon/i/b;)Ljava/util/ResourceBundle;' in 'com/amazon/G/a'>
 at bci 102 for thread 0x00007ff00300f000 (main)
[28.249s][info][exceptions] Exception <a 'java/util/MissingResourceException'{0x000000070c3b2c30}: Can't find bundle for base name com.amazon.language.resources.yjreadercontrolfixer.action_warning_en, locale en_US>
 thrown in interpreter method <{method} {0x000000012d49f7e0} 'e' '(Lcom/amazon/i/b;)Ljava/lang/String;' in 'com/amazon/G/a'>
 at bci 5 for thread 0x00007ff00300f000 (main)
[28.251s][info][exceptions] Exception <a 'java/util/MissingResourceException'{0x000000070c191078}: Can't find bundle for base name com.amazon.language.resources.yjreadercontrolfixer.action_warning_en, locale en_US>
 thrown in interpreter method <{method} {0x000000012d4a9560} 'throwMissingResourceException' '(Ljava/lang/String;Ljava/util/Locale;Ljava/lang/Throwable;)V' in 'java/util/ResourceBundle'>
 at bci 73 for thread 0x00007ff00300f000 (main)
[28.251s][info][exceptions] Exception <a 'java/util/MissingResourceException'{0x000000070c191078}: Can't find bundle for base name com.amazon.language.resources.yjreadercontrolfixer.action_warning_en, locale en_US>
 thrown in interpreter method <{method} {0x000000012d4a8aa0} 'getBundleImpl' '(Ljava/lang/Module;Ljava/lang/Module;Ljava/lang/String;Ljava/util/Locale;Ljava/util/ResourceBundle$Control;)Ljava/util/ResourceBundle;' in 'java/util/ResourceBundle'>
 at bci 318 for thread 0x00007ff00300f000 (main)
[28.251s][info][exceptions] Exception <a 'java/util/MissingResourceException'{0x000000070c191078}: Can't find bundle for base name com.amazon.language.resources.yjreadercontrolfixer.action_warning_en, locale en_US>
 thrown in interpreter method <{method} {0x000000012d4a8800} 'getBundleImpl' '(Ljava/lang/String;Ljava/util/Locale;Ljava/lang/Class;Ljava/lang/ClassLoader;Ljava/util/ResourceBundle$Control;)Ljava/util/ResourceBundle;' in 'java/util/ResourceBundle'>
 at bci 74 for thread 0x00007ff00300f000 (main)
[28.251s][info][exceptions] Exception <a 'java/util/MissingResourceException'{0x000000070c191078}: Can't find bundle for base name com.amazon.language.resources.yjreadercontrolfixer.action_warning_en, locale en_US>
 thrown in interpreter method <{method} {0x000000012d4a8720} 'getBundleImpl' '(Ljava/lang/String;Ljava/util/Locale;Ljava/lang/Class;Ljava/util/ResourceBundle$Control;)Ljava/util/ResourceBundle;' in 'java/util/ResourceBundle'>
 at bci 8 for thread 0x00007ff00300f000 (main)
[28.251s][info][exceptions] Exception <a 'java/util/MissingResourceException'{0x000000070c191078}: Can't find bundle for base name com.amazon.language.resources.yjreadercontrolfixer.action_warning_en, locale en_US>
 thrown in interpreter method <{method} {0x000000012d4a7fc8} 'getBundle' '(Ljava/lang/String;Ljava/util/ResourceBundle$Control;)Ljava/util/ResourceBundle;' in 'java/util/ResourceBundle'>
 at bci 16 for thread 0x00007ff00300f000 (main)
[28.251s][info][exceptions] Exception <a 'java/util/MissingResourceException'{0x000000070c191078}: Can't find bundle for base name com.amazon.language.resources.yjreadercontrolfixer.action_warning_en, locale en_US>
 thrown in interpreter method <{method} {0x000000012d49fdf8} 'd' '(Ljava/lang/String;)Ljava/util/ResourceBundle;' in 'com/amazon/G/a'>
 at bci 9 for thread 0x00007ff00300f000 (main)
[28.251s][info][exceptions] Exception <a 'java/util/MissingResourceException'{0x000000070c191078}: Can't find bundle for base name com.amazon.language.resources.yjreadercontrolfixer.action_warning_en, locale en_US>
 thrown in interpreter method <{method} {0x000000012d49f3c8} 'a' '(Ljava/lang/String;Ljava/lang/String;)Ljava/util/ResourceBundle;' in 'com/amazon/G/a'>
 at bci 25 for thread 0x00007ff00300f000 (main)
[28.251s][info][exceptions] Exception <a 'java/util/MissingResourceException'{0x000000070c191078}: Can't find bundle for base name com.amazon.language.resources.yjreadercontrolfixer.action_warning_en, locale en_US>
 thrown in interpreter method <{method} {0x000000012d49f3c8} 'a' '(Ljava/lang/String;Ljava/lang/String;)Ljava/util/ResourceBundle;' in 'com/amazon/G/a'>
 at bci 45 for thread 0x00007ff00300f000 (main)
[28.251s][info][exceptions] Exception <a 'java/util/MissingResourceException'{0x000000070c191078}: Can't find bundle for base name com.amazon.language.resources.yjreadercontrolfixer.action_warning_en, locale en_US>
 thrown in interpreter method <{method} {0x000000012d49f190} 'c' '(Lcom/amazon/i/b;)Ljava/util/ResourceBundle;' in 'com/amazon/G/a'>
 at bci 102 for thread 0x00007ff00300f000 (main)
[28.251s][info][exceptions] Exception <a 'java/util/MissingResourceException'{0x000000070c191078}: Can't find bundle for base name com.amazon.language.resources.yjreadercontrolfixer.action_warning_en, locale en_US>
 thrown in interpreter method <{method} {0x000000012d49f7e0} 'e' '(Lcom/amazon/i/b;)Ljava/lang/String;' in 'com/amazon/G/a'>
 at bci 5 for thread 0x00007ff00300f000 (main)
[28.251s][info][exceptions] Exception <a 'java/util/MissingResourceException'{0x000000070c192ae8}: Can't find bundle for base name com.amazon.language.resources.yjreadercontrolfixer.action_warning_en, locale en_US>
 thrown in interpreter method <{method} {0x000000012d4a9560} 'throwMissingResourceException' '(Ljava/lang/String;Ljava/util/Locale;Ljava/lang/Throwable;)V' in 'java/util/ResourceBundle'>
 at bci 73 for thread 0x00007ff00300f000 (main)
[28.251s][info][exceptions] Exception <a 'java/util/MissingResourceException'{0x000000070c192ae8}: Can't find bundle for base name com.amazon.language.resources.yjreadercontrolfixer.action_warning_en, locale en_US>
 thrown in interpreter method <{method} {0x000000012d4a8aa0} 'getBundleImpl' '(Ljava/lang/Module;Ljava/lang/Module;Ljava/lang/String;Ljava/util/Locale;Ljava/util/ResourceBundle$Control;)Ljava/util/ResourceBundle;' in 'java/util/ResourceBundle'>
 at bci 318 for thread 0x00007ff00300f000 (main)
[28.251s][info][exceptions] Exception <a 'java/util/MissingResourceException'{0x000000070c192ae8}: Can't find bundle for base name com.amazon.language.resources.yjreadercontrolfixer.action_warning_en, locale en_US>
 thrown in interpreter method <{method} {0x000000012d4a8800} 'getBundleImpl' '(Ljava/lang/String;Ljava/util/Locale;Ljava/lang/Class;Ljava/lang/ClassLoader;Ljava/util/ResourceBundle$Control;)Ljava/util/ResourceBundle;' in 'java/util/ResourceBundle'>
 at bci 74 for thread 0x00007ff00300f000 (main)
[28.251s][info][exceptions] Exception <a 'java/util/MissingResourceException'{0x000000070c192ae8}: Can't find bundle for base name com.amazon.language.resources.yjreadercontrolfixer.action_warning_en, locale en_US>
 thrown in interpreter method <{method} {0x000000012d4a8720} 'getBundleImpl' '(Ljava/lang/String;Ljava/util/Locale;Ljava/lang/Class;Ljava/util/ResourceBundle$Control;)Ljava/util/ResourceBundle;' in 'java/util/ResourceBundle'>
 at bci 8 for thread 0x00007ff00300f000 (main)
[28.251s][info][exceptions] Exception <a 'java/util/MissingResourceException'{0x000000070c192ae8}: Can't find bundle for base name com.amazon.language.resources.yjreadercontrolfixer.action_warning_en, locale en_US>
 thrown in interpreter method <{method} {0x000000012d4a7fc8} 'getBundle' '(Ljava/lang/String;Ljava/util/ResourceBundle$Control;)Ljava/util/ResourceBundle;' in 'java/util/ResourceBundle'>
 at bci 16 for thread 0x00007ff00300f000 (main)
[28.251s][info][exceptions] Exception <a 'java/util/MissingResourceException'{0x000000070c192ae8}: Can't find bundle for base name com.amazon.language.resources.yjreadercontrolfixer.action_warning_en, locale en_US>
 thrown in interpreter method <{method} {0x000000012d49fdf8} 'd' '(Ljava/lang/String;)Ljava/util/ResourceBundle;' in 'com/amazon/G/a'>
 at bci 9 for thread 0x00007ff00300f000 (main)
[28.251s][info][exceptions] Exception <a 'java/util/MissingResourceException'{0x000000070c192ae8}: Can't find bundle for base name com.amazon.language.resources.yjreadercontrolfixer.action_warning_en, locale en_US>
 thrown in interpreter method <{method} {0x000000012d49f3c8} 'a' '(Ljava/lang/String;Ljava/lang/String;)Ljava/util/ResourceBundle;' in 'com/amazon/G/a'>
 at bci 25 for thread 0x00007ff00300f000 (main)
[28.251s][info][exceptions] Exception <a 'java/util/MissingResourceException'{0x000000070c192ae8}: Can't find bundle for base name com.amazon.language.resources.yjreadercontrolfixer.action_warning_en, locale en_US>
 thrown in interpreter method <{method} {0x000000012d49f3c8} 'a' '(Ljava/lang/String;Ljava/lang/String;)Ljava/util/ResourceBundle;' in 'com/amazon/G/a'>
 at bci 45 for thread 0x00007ff00300f000 (main)
[28.251s][info][exceptions] Exception <a 'java/util/MissingResourceException'{0x000000070c192ae8}: Can't find bundle for base name com.amazon.language.resources.yjreadercontrolfixer.action_warning_en, locale en_US>
 thrown in interpreter method <{method} {0x000000012d49f190} 'c' '(Lcom/amazon/i/b;)Ljava/util/ResourceBundle;' in 'com/amazon/G/a'>
 at bci 102 for thread 0x00007ff00300f000 (main)
[28.251s][info][exceptions] Exception <a 'java/util/MissingResourceException'{0x000000070c192ae8}: Can't find bundle for base name com.amazon.language.resources.yjreadercontrolfixer.action_warning_en, locale en_US>
 thrown in interpreter method <{method} {0x000000012d49f7e0} 'e' '(Lcom/amazon/i/b;)Ljava/lang/String;' in 'com/amazon/G/a'>
 at bci 5 for thread 0x00007ff00300f000 (main)
[28.251s][info][exceptions] Exception <a 'java/util/MissingResourceException'{0x000000070c19ff00}: Can't find bundle for base name com.amazon.language.resources.yjreadercontrolfixer.action_warning_en, locale en_US>
 thrown in interpreter method <{method} {0x000000012d4a9560} 'throwMissingResourceException' '(Ljava/lang/String;Ljava/util/Locale;Ljava/lang/Throwable;)V' in 'java/util/ResourceBundle'>
 at bci 73 for thread 0x00007ff00300f000 (main)
[28.251s][info][exceptions] Exception <a 'java/util/MissingResourceException'{0x000000070c19ff00}: Can't find bundle for base name com.amazon.language.resources.yjreadercontrolfixer.action_warning_en, locale en_US>
 thrown in interpreter method <{method} {0x000000012d4a8aa0} 'getBundleImpl' '(Ljava/lang/Module;Ljava/lang/Module;Ljava/lang/String;Ljava/util/Locale;Ljava/util/ResourceBundle$Control;)Ljava/util/ResourceBundle;' in 'java/util/ResourceBundle'>
 at bci 318 for thread 0x00007ff00300f000 (main)
[28.251s][info][exceptions] Exception <a 'java/util/MissingResourceException'{0x000000070c19ff00}: Can't find bundle for base name com.amazon.language.resources.yjreadercontrolfixer.action_warning_en, locale en_US>
 thrown in interpreter method <{method} {0x000000012d4a8800} 'getBundleImpl' '(Ljava/lang/String;Ljava/util/Locale;Ljava/lang/Class;Ljava/lang/ClassLoader;Ljava/util/ResourceBundle$Control;)Ljava/util/ResourceBundle;' in 'java/util/ResourceBundle'>
 at bci 74 for thread 0x00007ff00300f000 (main)
[28.252s][info][exceptions] Exception <a 'java/util/MissingResourceException'{0x000000070c19ff00}: Can't find bundle for base name com.amazon.language.resources.yjreadercontrolfixer.action_warning_en, locale en_US>
 thrown in interpreter method <{method} {0x000000012d4a8720} 'getBundleImpl' '(Ljava/lang/String;Ljava/util/Locale;Ljava/lang/Class;Ljava/util/ResourceBundle$Control;)Ljava/util/ResourceBundle;' in 'java/util/ResourceBundle'>
 at bci 8 for thread 0x00007ff00300f000 (main)
[28.252s][info][exceptions] Exception <a 'java/util/MissingResourceException'{0x000000070c19ff00}: Can't find bundle for base name com.amazon.language.resources.yjreadercontrolfixer.action_warning_en, locale en_US>
 thrown in interpreter method <{method} {0x000000012d4a7fc8} 'getBundle' '(Ljava/lang/String;Ljava/util/ResourceBundle$Control;)Ljava/util/ResourceBundle;' in 'java/util/ResourceBundle'>
 at bci 16 for thread 0x00007ff00300f000 (main)
[28.252s][info][exceptions] Exception <a 'java/util/MissingResourceException'{0x000000070c19ff00}: Can't find bundle for base name com.amazon.language.resources.yjreadercontrolfixer.action_warning_en, locale en_US>
 thrown in interpreter method <{method} {0x000000012d49fdf8} 'd' '(Ljava/lang/String;)Ljava/util/ResourceBundle;' in 'com/amazon/G/a'>
 at bci 9 for thread 0x00007ff00300f000 (main)
[28.252s][info][exceptions] Exception <a 'java/util/MissingResourceException'{0x000000070c19ff00}: Can't find bundle for base name com.amazon.language.resources.yjreadercontrolfixer.action_warning_en, locale en_US>
 thrown in interpreter method <{method} {0x000000012d49f3c8} 'a' '(Ljava/lang/String;Ljava/lang/String;)Ljava/util/ResourceBundle;' in 'com/amazon/G/a'>
 at bci 25 for thread 0x00007ff00300f000 (main)
[28.252s][info][exceptions] Exception <a 'java/util/MissingResourceException'{0x000000070c19ff00}: Can't find bundle for base name com.amazon.language.resources.yjreadercontrolfixer.action_warning_en, locale en_US>
 thrown in interpreter method <{method} {0x000000012d49f3c8} 'a' '(Ljava/lang/String;Ljava/lang/String;)Ljava/util/ResourceBundle;' in 'com/amazon/G/a'>
 at bci 45 for thread 0x00007ff00300f000 (main)
[28.252s][info][exceptions] Exception <a 'java/util/MissingResourceException'{0x000000070c19ff00}: Can't find bundle for base name com.amazon.language.resources.yjreadercontrolfixer.action_warning_en, locale en_US>
 thrown in interpreter method <{method} {0x000000012d49f190} 'c' '(Lcom/amazon/i/b;)Ljava/util/ResourceBundle;' in 'com/amazon/G/a'>
 at bci 102 for thread 0x00007ff00300f000 (main)
[28.252s][info][exceptions] Exception <a 'java/util/MissingResourceException'{0x000000070c19ff00}: Can't find bundle for base name com.amazon.language.resources.yjreadercontrolfixer.action_warning_en, locale en_US>
 thrown in interpreter method <{method} {0x000000012d49f7e0} 'e' '(Lcom/amazon/i/b;)Ljava/lang/String;' in 'com/amazon/G/a'>
 at bci 5 for thread 0x00007ff00300f000 (main)
[28.252s][info][exceptions] Exception <a 'java/util/MissingResourceException'{0x000000070c1a1a08}: Can't find bundle for base name com.amazon.language.resources.yjreadercontrolfixer.action_warning_en, locale en_US>
 thrown in interpreter method <{method} {0x000000012d4a9560} 'throwMissingResourceException' '(Ljava/lang/String;Ljava/util/Locale;Ljava/lang/Throwable;)V' in 'java/util/ResourceBundle'>
 at bci 73 for thread 0x00007ff00300f000 (main)
[28.252s][info][exceptions] Exception <a 'java/util/MissingResourceException'{0x000000070c1a1a08}: Can't find bundle for base name com.amazon.language.resources.yjreadercontrolfixer.action_warning_en, locale en_US>
 thrown in interpreter method <{method} {0x000000012d4a8aa0} 'getBundleImpl' '(Ljava/lang/Module;Ljava/lang/Module;Ljava/lang/String;Ljava/util/Locale;Ljava/util/ResourceBundle$Control;)Ljava/util/ResourceBundle;' in 'java/util/ResourceBundle'>
 at bci 318 for thread 0x00007ff00300f000 (main)
[28.252s][info][exceptions] Exception <a 'java/util/MissingResourceException'{0x000000070c1a1a08}: Can't find bundle for base name com.amazon.language.resources.yjreadercontrolfixer.action_warning_en, locale en_US>
 thrown in interpreter method <{method} {0x000000012d4a8800} 'getBundleImpl' '(Ljava/lang/String;Ljava/util/Locale;Ljava/lang/Class;Ljava/lang/ClassLoader;Ljava/util/ResourceBundle$Control;)Ljava/util/ResourceBundle;' in 'java/util/ResourceBundle'>
 at bci 74 for thread 0x00007ff00300f000 (main)
[28.252s][info][exceptions] Exception <a 'java/util/MissingResourceException'{0x000000070c1a1a08}: Can't find bundle for base name com.amazon.language.resources.yjreadercontrolfixer.action_warning_en, locale en_US>
 thrown in interpreter method <{method} {0x000000012d4a8720} 'getBundleImpl' '(Ljava/lang/String;Ljava/util/Locale;Ljava/lang/Class;Ljava/util/ResourceBundle$Control;)Ljava/util/ResourceBundle;' in 'java/util/ResourceBundle'>
 at bci 8 for thread 0x00007ff00300f000 (main)
[28.252s][info][exceptions] Exception <a 'java/util/MissingResourceException'{0x000000070c1a1a08}: Can't find bundle for base name com.amazon.language.resources.yjreadercontrolfixer.action_warning_en, locale en_US>
 thrown in interpreter method <{method} {0x000000012d4a7fc8} 'getBundle' '(Ljava/lang/String;Ljava/util/ResourceBundle$Control;)Ljava/util/ResourceBundle;' in 'java/util/ResourceBundle'>
 at bci 16 for thread 0x00007ff00300f000 (main)
[28.252s][info][exceptions] Exception <a 'java/util/MissingResourceException'{0x000000070c1a1a08}: Can't find bundle for base name com.amazon.language.resources.yjreadercontrolfixer.action_warning_en, locale en_US>
 thrown in interpreter method <{method} {0x000000012d49fdf8} 'd' '(Ljava/lang/String;)Ljava/util/ResourceBundle;' in 'com/amazon/G/a'>
 at bci 9 for thread 0x00007ff00300f000 (main)
[28.252s][info][exceptions] Exception <a 'java/util/MissingResourceException'{0x000000070c1a1a08}: Can't find bundle for base name com.amazon.language.resources.yjreadercontrolfixer.action_warning_en, locale en_US>
 thrown in interpreter method <{method} {0x000000012d49f3c8} 'a' '(Ljava/lang/String;Ljava/lang/String;)Ljava/util/ResourceBundle;' in 'com/amazon/G/a'>
 at bci 25 for thread 0x00007ff00300f000 (main)
[28.252s][info][exceptions] Exception <a 'java/util/MissingResourceException'{0x000000070c1a1a08}: Can't find bundle for base name com.amazon.language.resources.yjreadercontrolfixer.action_warning_en, locale en_US>
 thrown in interpreter method <{method} {0x000000012d49f3c8} 'a' '(Ljava/lang/String;Ljava/lang/String;)Ljava/util/ResourceBundle;' in 'com/amazon/G/a'>
 at bci 45 for thread 0x00007ff00300f000 (main)
[28.252s][info][exceptions] Exception <a 'java/util/MissingResourceException'{0x000000070c1a1a08}: Can't find bundle for base name com.amazon.language.resources.yjreadercontrolfixer.action_warning_en, locale en_US>
 thrown in interpreter method <{method} {0x000000012d49f190} 'c' '(Lcom/amazon/i/b;)Ljava/util/ResourceBundle;' in 'com/amazon/G/a'>
 at bci 102 for thread 0x00007ff00300f000 (main)
[28.252s][info][exceptions] Exception <a 'java/util/MissingResourceException'{0x000000070c1a1a08}: Can't find bundle for base name com.amazon.language.resources.yjreadercontrolfixer.action_warning_en, locale en_US>
 thrown in interpreter method <{method} {0x000000012d49f7e0} 'e' '(Lcom/amazon/i/b;)Ljava/lang/String;' in 'com/amazon/G/a'>
 at bci 5 for thread 0x00007ff00300f000 (main)
[28.252s][info][exceptions] Exception <a 'java/util/MissingResourceException'{0x000000070c1aee20}: Can't find bundle for base name com.amazon.language.resources.yjreadercontrolfixer.action_warning_en, locale en_US>
 thrown in interpreter method <{method} {0x000000012d4a9560} 'throwMissingResourceException' '(Ljava/lang/String;Ljava/util/Locale;Ljava/lang/Throwable;)V' in 'java/util/ResourceBundle'>
 at bci 73 for thread 0x00007ff00300f000 (main)
[28.252s][info][exceptions] Exception <a 'java/util/MissingResourceException'{0x000000070c1aee20}: Can't find bundle for base name com.amazon.language.resources.yjreadercontrolfixer.action_warning_en, locale en_US>
 thrown in interpreter method <{method} {0x000000012d4a8aa0} 'getBundleImpl' '(Ljava/lang/Module;Ljava/lang/Module;Ljava/lang/String;Ljava/util/Locale;Ljava/util/ResourceBundle$Control;)Ljava/util/ResourceBundle;' in 'java/util/ResourceBundle'>
 at bci 318 for thread 0x00007ff00300f000 (main)
[28.252s][info][exceptions] Exception <a 'java/util/MissingResourceException'{0x000000070c1aee20}: Can't find bundle for base name com.amazon.language.resources.yjreadercontrolfixer.action_warning_en, locale en_US>
 thrown in interpreter method <{method} {0x000000012d4a8800} 'getBundleImpl' '(Ljava/lang/String;Ljava/util/Locale;Ljava/lang/Class;Ljava/lang/ClassLoader;Ljava/util/ResourceBundle$Control;)Ljava/util/ResourceBundle;' in 'java/util/ResourceBundle'>
 at bci 74 for thread 0x00007ff00300f000 (main)
[28.252s][info][exceptions] Exception <a 'java/util/MissingResourceException'{0x000000070c1aee20}: Can't find bundle for base name com.amazon.language.resources.yjreadercontrolfixer.action_warning_en, locale en_US>
 thrown in interpreter method <{method} {0x000000012d4a8720} 'getBundleImpl' '(Ljava/lang/String;Ljava/util/Locale;Ljava/lang/Class;Ljava/util/ResourceBundle$Control;)Ljava/util/ResourceBundle;' in 'java/util/ResourceBundle'>
 at bci 8 for thread 0x00007ff00300f000 (main)
[28.252s][info][exceptions] Exception <a 'java/util/MissingResourceException'{0x000000070c1aee20}: Can't find bundle for base name com.amazon.language.resources.yjreadercontrolfixer.action_warning_en, locale en_US>
 thrown in interpreter method <{method} {0x000000012d4a7fc8} 'getBundle' '(Ljava/lang/String;Ljava/util/ResourceBundle$Control;)Ljava/util/ResourceBundle;' in 'java/util/ResourceBundle'>
 at bci 16 for thread 0x00007ff00300f000 (main)
[28.252s][info][exceptions] Exception <a 'java/util/MissingResourceException'{0x000000070c1aee20}: Can't find bundle for base name com.amazon.language.resources.yjreadercontrolfixer.action_warning_en, locale en_US>
 thrown in interpreter method <{method} {0x000000012d49fdf8} 'd' '(Ljava/lang/String;)Ljava/util/ResourceBundle;' in 'com/amazon/G/a'>
 at bci 9 for thread 0x00007ff00300f000 (main)
[28.252s][info][exceptions] Exception <a 'java/util/MissingResourceException'{0x000000070c1aee20}: Can't find bundle for base name com.amazon.language.resources.yjreadercontrolfixer.action_warning_en, locale en_US>
 thrown in interpreter method <{method} {0x000000012d49f3c8} 'a' '(Ljava/lang/String;Ljava/lang/String;)Ljava/util/ResourceBundle;' in 'com/amazon/G/a'>
 at bci 25 for thread 0x00007ff00300f000 (main)
[28.252s][info][exceptions] Exception <a 'java/util/MissingResourceException'{0x000000070c1aee20}: Can't find bundle for base name com.amazon.language.resources.yjreadercontrolfixer.action_warning_en, locale en_US>
 thrown in interpreter method <{method} {0x000000012d49f3c8} 'a' '(Ljava/lang/String;Ljava/lang/String;)Ljava/util/ResourceBundle;' in 'com/amazon/G/a'>
 at bci 45 for thread 0x00007ff00300f000 (main)
[28.252s][info][exceptions] Exception <a 'java/util/MissingResourceException'{0x000000070c1aee20}: Can't find bundle for base name com.amazon.language.resources.yjreadercontrolfixer.action_warning_en, locale en_US>
 thrown in interpreter method <{method} {0x000000012d49f190} 'c' '(Lcom/amazon/i/b;)Ljava/util/ResourceBundle;' in 'com/amazon/G/a'>
 at bci 102 for thread 0x00007ff00300f000 (main)
[28.252s][info][exceptions] Exception <a 'java/util/MissingResourceException'{0x000000070c1aee20}: Can't find bundle for base name com.amazon.language.resources.yjreadercontrolfixer.action_warning_en, locale en_US>
 thrown in interpreter method <{method} {0x000000012d49f7e0} 'e' '(Lcom/amazon/i/b;)Ljava/lang/String;' in 'com/amazon/G/a'>
 at bci 5 for thread 0x00007ff00300f000 (main)
[28.252s][info][exceptions] Exception <a 'java/util/MissingResourceException'{0x000000070c1b0890}: Can't find bundle for base name com.amazon.language.resources.yjreadercontrolfixer.action_warning_en, locale en_US>
 thrown in interpreter method <{method} {0x000000012d4a9560} 'throwMissingResourceException' '(Ljava/lang/String;Ljava/util/Locale;Ljava/lang/Throwable;)V' in 'java/util/ResourceBundle'>
 at bci 73 for thread 0x00007ff00300f000 (main)
[28.252s][info][exceptions] Exception <a 'java/util/MissingResourceException'{0x000000070c1b0890}: Can't find bundle for base name com.amazon.language.resources.yjreadercontrolfixer.action_warning_en, locale en_US>
 thrown in interpreter method <{method} {0x000000012d4a8aa0} 'getBundleImpl' '(Ljava/lang/Module;Ljava/lang/Module;Ljava/lang/String;Ljava/util/Locale;Ljava/util/ResourceBundle$Control;)Ljava/util/ResourceBundle;' in 'java/util/ResourceBundle'>
 at bci 318 for thread 0x00007ff00300f000 (main)
[28.252s][info][exceptions] Exception <a 'java/util/MissingResourceException'{0x000000070c1b0890}: Can't find bundle for base name com.amazon.language.resources.yjreadercontrolfixer.action_warning_en, locale en_US>
 thrown in interpreter method <{method} {0x000000012d4a8800} 'getBundleImpl' '(Ljava/lang/String;Ljava/util/Locale;Ljava/lang/Class;Ljava/lang/ClassLoader;Ljava/util/ResourceBundle$Control;)Ljava/util/ResourceBundle;' in 'java/util/ResourceBundle'>
 at bci 74 for thread 0x00007ff00300f000 (main)
[28.252s][info][exceptions] Exception <a 'java/util/MissingResourceException'{0x000000070c1b0890}: Can't find bundle for base name com.amazon.language.resources.yjreadercontrolfixer.action_warning_en, locale en_US>
 thrown in interpreter method <{method} {0x000000012d4a8720} 'getBundleImpl' '(Ljava/lang/String;Ljava/util/Locale;Ljava/lang/Class;Ljava/util/ResourceBundle$Control;)Ljava/util/ResourceBundle;' in 'java/util/ResourceBundle'>
 at bci 8 for thread 0x00007ff00300f000 (main)
[28.252s][info][exceptions] Exception <a 'java/util/MissingResourceException'{0x000000070c1b0890}: Can't find bundle for base name com.amazon.language.resources.yjreadercontrolfixer.action_warning_en, locale en_US>
 thrown in interpreter method <{method} {0x000000012d4a7fc8} 'getBundle' '(Ljava/lang/String;Ljava/util/ResourceBundle$Control;)Ljava/util/ResourceBundle;' in 'java/util/ResourceBundle'>
 at bci 16 for thread 0x00007ff00300f000 (main)
[28.252s][info][exceptions] Exception <a 'java/util/MissingResourceException'{0x000000070c1b0890}: Can't find bundle for base name com.amazon.language.resources.yjreadercontrolfixer.action_warning_en, locale en_US>
 thrown in interpreter method <{method} {0x000000012d49fdf8} 'd' '(Ljava/lang/String;)Ljava/util/ResourceBundle;' in 'com/amazon/G/a'>
 at bci 9 for thread 0x00007ff00300f000 (main)
[28.252s][info][exceptions] Exception <a 'java/util/MissingResourceException'{0x000000070c1b0890}: Can't find bundle for base name com.amazon.language.resources.yjreadercontrolfixer.action_warning_en, locale en_US>
 thrown in interpreter method <{method} {0x000000012d49f3c8} 'a' '(Ljava/lang/String;Ljava/lang/String;)Ljava/util/ResourceBundle;' in 'com/amazon/G/a'>
 at bci 25 for thread 0x00007ff00300f000 (main)
[28.252s][info][exceptions] Exception <a 'java/util/MissingResourceException'{0x000000070c1b0890}: Can't find bundle for base name com.amazon.language.resources.yjreadercontrolfixer.action_warning_en, locale en_US>
 thrown in interpreter method <{method} {0x000000012d49f3c8} 'a' '(Ljava/lang/String;Ljava/lang/String;)Ljava/util/ResourceBundle;' in 'com/amazon/G/a'>
 at bci 45 for thread 0x00007ff00300f000 (main)
[28.252s][info][exceptions] Exception <a 'java/util/MissingResourceException'{0x000000070c1b0890}: Can't find bundle for base name com.amazon.language.resources.yjreadercontrolfixer.action_warning_en, locale en_US>
 thrown in interpreter method <{method} {0x000000012d49f190} 'c' '(Lcom/amazon/i/b;)Ljava/util/ResourceBundle;' in 'com/amazon/G/a'>
 at bci 102 for thread 0x00007ff00300f000 (main)
[28.252s][info][exceptions] Exception <a 'java/util/MissingResourceException'{0x000000070c1b0890}: Can't find bundle for base name com.amazon.language.resources.yjreadercontrolfixer.action_warning_en, locale en_US>
 thrown in interpreter method <{method} {0x000000012d49f7e0} 'e' '(Lcom/amazon/i/b;)Ljava/lang/String;' in 'com/amazon/G/a'>
 at bci 5 for thread 0x00007ff00300f000 (main)
[28.304s][info][exceptions] Exception <a 'java/util/MissingResourceException'{0x0000000709dea338}: Can't find bundle for base name com.amazon.language.resources.yjreadercontrolfixer.action_warning_en, locale en_US>
 thrown in interpreter method <{method} {0x000000012d4a9560} 'throwMissingResourceException' '(Ljava/lang/String;Ljava/util/Locale;Ljava/lang/Throwable;)V' in 'java/util/ResourceBundle'>
 at bci 73 for thread 0x00007ff00300f000 (main)
[28.304s][info][exceptions] Exception <a 'java/util/MissingResourceException'{0x0000000709dea338}: Can't find bundle for base name com.amazon.language.resources.yjreadercontrolfixer.action_warning_en, locale en_US>
 thrown in interpreter method <{method} {0x000000012d4a8aa0} 'getBundleImpl' '(Ljava/lang/Module;Ljava/lang/Module;Ljava/lang/String;Ljava/util/Locale;Ljava/util/ResourceBundle$Control;)Ljava/util/ResourceBundle;' in 'java/util/ResourceBundle'>
 at bci 318 for thread 0x00007ff00300f000 (main)
[28.304s][info][exceptions] Exception <a 'java/util/MissingResourceException'{0x0000000709dea338}: Can't find bundle for base name com.amazon.language.resources.yjreadercontrolfixer.action_warning_en, locale en_US>
 thrown in interpreter method <{method} {0x000000012d4a8800} 'getBundleImpl' '(Ljava/lang/String;Ljava/util/Locale;Ljava/lang/Class;Ljava/lang/ClassLoader;Ljava/util/ResourceBundle$Control;)Ljava/util/ResourceBundle;' in 'java/util/ResourceBundle'>
 at bci 74 for thread 0x00007ff00300f000 (main)
[28.304s][info][exceptions] Exception <a 'java/util/MissingResourceException'{0x0000000709dea338}: Can't find bundle for base name com.amazon.language.resources.yjreadercontrolfixer.action_warning_en, locale en_US>
 thrown in interpreter method <{method} {0x000000012d4a8720} 'getBundleImpl' '(Ljava/lang/String;Ljava/util/Locale;Ljava/lang/Class;Ljava/util/ResourceBundle$Control;)Ljava/util/ResourceBundle;' in 'java/util/ResourceBundle'>
 at bci 8 for thread 0x00007ff00300f000 (main)
[28.304s][info][exceptions] Exception <a 'java/util/MissingResourceException'{0x0000000709dea338}: Can't find bundle for base name com.amazon.language.resources.yjreadercontrolfixer.action_warning_en, locale en_US>
 thrown in interpreter method <{method} {0x000000012d4a7fc8} 'getBundle' '(Ljava/lang/String;Ljava/util/ResourceBundle$Control;)Ljava/util/ResourceBundle;' in 'java/util/ResourceBundle'>
 at bci 16 for thread 0x00007ff00300f000 (main)
[28.304s][info][exceptions] Exception <a 'java/util/MissingResourceException'{0x0000000709dea338}: Can't find bundle for base name com.amazon.language.resources.yjreadercontrolfixer.action_warning_en, locale en_US>
 thrown in interpreter method <{method} {0x000000012d49fdf8} 'd' '(Ljava/lang/String;)Ljava/util/ResourceBundle;' in 'com/amazon/G/a'>
 at bci 9 for thread 0x00007ff00300f000 (main)
[28.304s][info][exceptions] Exception <a 'java/util/MissingResourceException'{0x0000000709dea338}: Can't find bundle for base name com.amazon.language.resources.yjreadercontrolfixer.action_warning_en, locale en_US>
 thrown in interpreter method <{method} {0x000000012d49f3c8} 'a' '(Ljava/lang/String;Ljava/lang/String;)Ljava/util/ResourceBundle;' in 'com/amazon/G/a'>
 at bci 25 for thread 0x00007ff00300f000 (main)
[28.304s][info][exceptions] Exception <a 'java/util/MissingResourceException'{0x0000000709dea338}: Can't find bundle for base name com.amazon.language.resources.yjreadercontrolfixer.action_warning_en, locale en_US>
 thrown in interpreter method <{method} {0x000000012d49f3c8} 'a' '(Ljava/lang/String;Ljava/lang/String;)Ljava/util/ResourceBundle;' in 'com/amazon/G/a'>
 at bci 45 for thread 0x00007ff00300f000 (main)
[28.304s][info][exceptions] Exception <a 'java/util/MissingResourceException'{0x0000000709dea338}: Can't find bundle for base name com.amazon.language.resources.yjreadercontrolfixer.action_warning_en, locale en_US>
 thrown in interpreter method <{method} {0x000000012d49f190} 'c' '(Lcom/amazon/i/b;)Ljava/util/ResourceBundle;' in 'com/amazon/G/a'>
 at bci 102 for thread 0x00007ff00300f000 (main)
[28.304s][info][exceptions] Exception <a 'java/util/MissingResourceException'{0x0000000709dea338}: Can't find bundle for base name com.amazon.language.resources.yjreadercontrolfixer.action_warning_en, locale en_US>
 thrown in interpreter method <{method} {0x000000012d49f7e0} 'e' '(Lcom/amazon/i/b;)Ljava/lang/String;' in 'com/amazon/G/a'>
 at bci 5 for thread 0x00007ff00300f000 (main)
[28.304s][info][exceptions] Exception <a 'java/util/MissingResourceException'{0x0000000709debda8}: Can't find bundle for base name com.amazon.language.resources.yjreadercontrolfixer.action_warning_en, locale en_US>
 thrown in interpreter method <{method} {0x000000012d4a9560} 'throwMissingResourceException' '(Ljava/lang/String;Ljava/util/Locale;Ljava/lang/Throwable;)V' in 'java/util/ResourceBundle'>
 at bci 73 for thread 0x00007ff00300f000 (main)
[28.304s][info][exceptions] Exception <a 'java/util/MissingResourceException'{0x0000000709debda8}: Can't find bundle for base name com.amazon.language.resources.yjreadercontrolfixer.action_warning_en, locale en_US>
 thrown in interpreter method <{method} {0x000000012d4a8aa0} 'getBundleImpl' '(Ljava/lang/Module;Ljava/lang/Module;Ljava/lang/String;Ljava/util/Locale;Ljava/util/ResourceBundle$Control;)Ljava/util/ResourceBundle;' in 'java/util/ResourceBundle'>
 at bci 318 for thread 0x00007ff00300f000 (main)
[28.304s][info][exceptions] Exception <a 'java/util/MissingResourceException'{0x0000000709debda8}: Can't find bundle for base name com.amazon.language.resources.yjreadercontrolfixer.action_warning_en, locale en_US>
 thrown in interpreter method <{method} {0x000000012d4a8800} 'getBundleImpl' '(Ljava/lang/String;Ljava/util/Locale;Ljava/lang/Class;Ljava/lang/ClassLoader;Ljava/util/ResourceBundle$Control;)Ljava/util/ResourceBundle;' in 'java/util/ResourceBundle'>
 at bci 74 for thread 0x00007ff00300f000 (main)
[28.304s][info][exceptions] Exception <a 'java/util/MissingResourceException'{0x0000000709debda8}: Can't find bundle for base name com.amazon.language.resources.yjreadercontrolfixer.action_warning_en, locale en_US>
 thrown in interpreter method <{method} {0x000000012d4a8720} 'getBundleImpl' '(Ljava/lang/String;Ljava/util/Locale;Ljava/lang/Class;Ljava/util/ResourceBundle$Control;)Ljava/util/ResourceBundle;' in 'java/util/ResourceBundle'>
 at bci 8 for thread 0x00007ff00300f000 (main)
[28.304s][info][exceptions] Exception <a 'java/util/MissingResourceException'{0x0000000709debda8}: Can't find bundle for base name com.amazon.language.resources.yjreadercontrolfixer.action_warning_en, locale en_US>
 thrown in interpreter method <{method} {0x000000012d4a7fc8} 'getBundle' '(Ljava/lang/String;Ljava/util/ResourceBundle$Control;)Ljava/util/ResourceBundle;' in 'java/util/ResourceBundle'>
 at bci 16 for thread 0x00007ff00300f000 (main)
[28.304s][info][exceptions] Exception <a 'java/util/MissingResourceException'{0x0000000709debda8}: Can't find bundle for base name com.amazon.language.resources.yjreadercontrolfixer.action_warning_en, locale en_US>
 thrown in interpreter method <{method} {0x000000012d49fdf8} 'd' '(Ljava/lang/String;)Ljava/util/ResourceBundle;' in 'com/amazon/G/a'>
 at bci 9 for thread 0x00007ff00300f000 (main)
[28.304s][info][exceptions] Exception <a 'java/util/MissingResourceException'{0x0000000709debda8}: Can't find bundle for base name com.amazon.language.resources.yjreadercontrolfixer.action_warning_en, locale en_US>
 thrown in interpreter method <{method} {0x000000012d49f3c8} 'a' '(Ljava/lang/String;Ljava/lang/String;)Ljava/util/ResourceBundle;' in 'com/amazon/G/a'>
 at bci 25 for thread 0x00007ff00300f000 (main)
[28.304s][info][exceptions] Exception <a 'java/util/MissingResourceException'{0x0000000709debda8}: Can't find bundle for base name com.amazon.language.resources.yjreadercontrolfixer.action_warning_en, locale en_US>
 thrown in interpreter method <{method} {0x000000012d49f3c8} 'a' '(Ljava/lang/String;Ljava/lang/String;)Ljava/util/ResourceBundle;' in 'com/amazon/G/a'>
 at bci 45 for thread 0x00007ff00300f000 (main)
[28.304s][info][exceptions] Exception <a 'java/util/MissingResourceException'{0x0000000709debda8}: Can't find bundle for base name com.amazon.language.resources.yjreadercontrolfixer.action_warning_en, locale en_US>
 thrown in interpreter method <{method} {0x000000012d49f190} 'c' '(Lcom/amazon/i/b;)Ljava/util/ResourceBundle;' in 'com/amazon/G/a'>
 at bci 102 for thread 0x00007ff00300f000 (main)
[28.304s][info][exceptions] Exception <a 'java/util/MissingResourceException'{0x0000000709debda8}: Can't find bundle for base name com.amazon.language.resources.yjreadercontrolfixer.action_warning_en, locale en_US>
 thrown in interpreter method <{method} {0x000000012d49f7e0} 'e' '(Lcom/amazon/i/b;)Ljava/lang/String;' in 'com/amazon/G/a'>
 at bci 5 for thread 0x00007ff00300f000 (main)
[28.306s][info][exceptions] Exception <a 'java/util/MissingResourceException'{0x0000000709b23b58}: Can't find bundle for base name com.amazon.language.resources.yjreadercontrolfixer.action_warning_en, locale en_US>
 thrown in interpreter method <{method} {0x000000012d4a9560} 'throwMissingResourceException' '(Ljava/lang/String;Ljava/util/Locale;Ljava/lang/Throwable;)V' in 'java/util/ResourceBundle'>
 at bci 73 for thread 0x00007ff00300f000 (main)
[28.306s][info][exceptions] Exception <a 'java/util/MissingResourceException'{0x0000000709b23b58}: Can't find bundle for base name com.amazon.language.resources.yjreadercontrolfixer.action_warning_en, locale en_US>
 thrown in interpreter method <{method} {0x000000012d4a8aa0} 'getBundleImpl' '(Ljava/lang/Module;Ljava/lang/Module;Ljava/lang/String;Ljava/util/Locale;Ljava/util/ResourceBundle$Control;)Ljava/util/ResourceBundle;' in 'java/util/ResourceBundle'>
 at bci 318 for thread 0x00007ff00300f000 (main)
[28.306s][info][exceptions] Exception <a 'java/util/MissingResourceException'{0x0000000709b23b58}: Can't find bundle for base name com.amazon.language.resources.yjreadercontrolfixer.action_warning_en, locale en_US>
 thrown in interpreter method <{method} {0x000000012d4a8800} 'getBundleImpl' '(Ljava/lang/String;Ljava/util/Locale;Ljava/lang/Class;Ljava/lang/ClassLoader;Ljava/util/ResourceBundle$Control;)Ljava/util/ResourceBundle;' in 'java/util/ResourceBundle'>
 at bci 74 for thread 0x00007ff00300f000 (main)
[28.306s][info][exceptions] Exception <a 'java/util/MissingResourceException'{0x0000000709b23b58}: Can't find bundle for base name com.amazon.language.resources.yjreadercontrolfixer.action_warning_en, locale en_US>
 thrown in interpreter method <{method} {0x000000012d4a8720} 'getBundleImpl' '(Ljava/lang/String;Ljava/util/Locale;Ljava/lang/Class;Ljava/util/ResourceBundle$Control;)Ljava/util/ResourceBundle;' in 'java/util/ResourceBundle'>
 at bci 8 for thread 0x00007ff00300f000 (main)
[28.306s][info][exceptions] Exception <a 'java/util/MissingResourceException'{0x0000000709b23b58}: Can't find bundle for base name com.amazon.language.resources.yjreadercontrolfixer.action_warning_en, locale en_US>
 thrown in interpreter method <{method} {0x000000012d4a7fc8} 'getBundle' '(Ljava/lang/String;Ljava/util/ResourceBundle$Control;)Ljava/util/ResourceBundle;' in 'java/util/ResourceBundle'>
 at bci 16 for thread 0x00007ff00300f000 (main)
[28.306s][info][exceptions] Exception <a 'java/util/MissingResourceException'{0x0000000709b23b58}: Can't find bundle for base name com.amazon.language.resources.yjreadercontrolfixer.action_warning_en, locale en_US>
 thrown in interpreter method <{method} {0x000000012d49fdf8} 'd' '(Ljava/lang/String;)Ljava/util/ResourceBundle;' in 'com/amazon/G/a'>
 at bci 9 for thread 0x00007ff00300f000 (main)
[28.306s][info][exceptions] Exception <a 'java/util/MissingResourceException'{0x0000000709b23b58}: Can't find bundle for base name com.amazon.language.resources.yjreadercontrolfixer.action_warning_en, locale en_US>
 thrown in interpreter method <{method} {0x000000012d49f3c8} 'a' '(Ljava/lang/String;Ljava/lang/String;)Ljava/util/ResourceBundle;' in 'com/amazon/G/a'>
 at bci 25 for thread 0x00007ff00300f000 (main)
[28.306s][info][exceptions] Exception <a 'java/util/MissingResourceException'{0x0000000709b23b58}: Can't find bundle for base name com.amazon.language.resources.yjreadercontrolfixer.action_warning_en, locale en_US>
 thrown in interpreter method <{method} {0x000000012d49f3c8} 'a' '(Ljava/lang/String;Ljava/lang/String;)Ljava/util/ResourceBundle;' in 'com/amazon/G/a'>
 at bci 45 for thread 0x00007ff00300f000 (main)
[28.306s][info][exceptions] Exception <a 'java/util/MissingResourceException'{0x0000000709b23b58}: Can't find bundle for base name com.amazon.language.resources.yjreadercontrolfixer.action_warning_en, locale en_US>
 thrown in interpreter method <{method} {0x000000012d49f190} 'c' '(Lcom/amazon/i/b;)Ljava/util/ResourceBundle;' in 'com/amazon/G/a'>
 at bci 102 for thread 0x00007ff00300f000 (main)
[28.306s][info][exceptions] Exception <a 'java/util/MissingResourceException'{0x0000000709b23b58}: Can't find bundle for base name com.amazon.language.resources.yjreadercontrolfixer.action_warning_en, locale en_US>
 thrown in interpreter method <{method} {0x000000012d49f7e0} 'e' '(Lcom/amazon/i/b;)Ljava/lang/String;' in 'com/amazon/G/a'>
 at bci 5 for thread 0x00007ff00300f000 (main)
[28.306s][info][exceptions] Exception <a 'java/util/MissingResourceException'{0x0000000709b255c8}: Can't find bundle for base name com.amazon.language.resources.yjreadercontrolfixer.action_warning_en, locale en_US>
 thrown in interpreter method <{method} {0x000000012d4a9560} 'throwMissingResourceException' '(Ljava/lang/String;Ljava/util/Locale;Ljava/lang/Throwable;)V' in 'java/util/ResourceBundle'>
 at bci 73 for thread 0x00007ff00300f000 (main)
[28.306s][info][exceptions] Exception <a 'java/util/MissingResourceException'{0x0000000709b255c8}: Can't find bundle for base name com.amazon.language.resources.yjreadercontrolfixer.action_warning_en, locale en_US>
 thrown in interpreter method <{method} {0x000000012d4a8aa0} 'getBundleImpl' '(Ljava/lang/Module;Ljava/lang/Module;Ljava/lang/String;Ljava/util/Locale;Ljava/util/ResourceBundle$Control;)Ljava/util/ResourceBundle;' in 'java/util/ResourceBundle'>
 at bci 318 for thread 0x00007ff00300f000 (main)
[28.306s][info][exceptions] Exception <a 'java/util/MissingResourceException'{0x0000000709b255c8}: Can't find bundle for base name com.amazon.language.resources.yjreadercontrolfixer.action_warning_en, locale en_US>
 thrown in interpreter method <{method} {0x000000012d4a8800} 'getBundleImpl' '(Ljava/lang/String;Ljava/util/Locale;Ljava/lang/Class;Ljava/lang/ClassLoader;Ljava/util/ResourceBundle$Control;)Ljava/util/ResourceBundle;' in 'java/util/ResourceBundle'>
 at bci 74 for thread 0x00007ff00300f000 (main)
[28.306s][info][exceptions] Exception <a 'java/util/MissingResourceException'{0x0000000709b255c8}: Can't find bundle for base name com.amazon.language.resources.yjreadercontrolfixer.action_warning_en, locale en_US>
 thrown in interpreter method <{method} {0x000000012d4a8720} 'getBundleImpl' '(Ljava/lang/String;Ljava/util/Locale;Ljava/lang/Class;Ljava/util/ResourceBundle$Control;)Ljava/util/ResourceBundle;' in 'java/util/ResourceBundle'>
 at bci 8 for thread 0x00007ff00300f000 (main)
[28.306s][info][exceptions] Exception <a 'java/util/MissingResourceException'{0x0000000709b255c8}: Can't find bundle for base name com.amazon.language.resources.yjreadercontrolfixer.action_warning_en, locale en_US>
 thrown in interpreter method <{method} {0x000000012d4a7fc8} 'getBundle' '(Ljava/lang/String;Ljava/util/ResourceBundle$Control;)Ljava/util/ResourceBundle;' in 'java/util/ResourceBundle'>
 at bci 16 for thread 0x00007ff00300f000 (main)
[28.306s][info][exceptions] Exception <a 'java/util/MissingResourceException'{0x0000000709b255c8}: Can't find bundle for base name com.amazon.language.resources.yjreadercontrolfixer.action_warning_en, locale en_US>
 thrown in interpreter method <{method} {0x000000012d49fdf8} 'd' '(Ljava/lang/String;)Ljava/util/ResourceBundle;' in 'com/amazon/G/a'>
 at bci 9 for thread 0x00007ff00300f000 (main)
[28.306s][info][exceptions] Exception <a 'java/util/MissingResourceException'{0x0000000709b255c8}: Can't find bundle for base name com.amazon.language.resources.yjreadercontrolfixer.action_warning_en, locale en_US>
 thrown in interpreter method <{method} {0x000000012d49f3c8} 'a' '(Ljava/lang/String;Ljava/lang/String;)Ljava/util/ResourceBundle;' in 'com/amazon/G/a'>
 at bci 25 for thread 0x00007ff00300f000 (main)
[28.306s][info][exceptions] Exception <a 'java/util/MissingResourceException'{0x0000000709b255c8}: Can't find bundle for base name com.amazon.language.resources.yjreadercontrolfixer.action_warning_en, locale en_US>
 thrown in interpreter method <{method} {0x000000012d49f3c8} 'a' '(Ljava/lang/String;Ljava/lang/String;)Ljava/util/ResourceBundle;' in 'com/amazon/G/a'>
 at bci 45 for thread 0x00007ff00300f000 (main)
[28.306s][info][exceptions] Exception <a 'java/util/MissingResourceException'{0x0000000709b255c8}: Can't find bundle for base name com.amazon.language.resources.yjreadercontrolfixer.action_warning_en, locale en_US>
 thrown in interpreter method <{method} {0x000000012d49f190} 'c' '(Lcom/amazon/i/b;)Ljava/util/ResourceBundle;' in 'com/amazon/G/a'>
 at bci 102 for thread 0x00007ff00300f000 (main)
[28.306s][info][exceptions] Exception <a 'java/util/MissingResourceException'{0x0000000709b255c8}: Can't find bundle for base name com.amazon.language.resources.yjreadercontrolfixer.action_warning_en, locale en_US>
 thrown in interpreter method <{method} {0x000000012d49f7e0} 'e' '(Lcom/amazon/i/b;)Ljava/lang/String;' in 'com/amazon/G/a'>
 at bci 5 for thread 0x00007ff00300f000 (main)
[28.306s][info][exceptions] Exception <a 'java/util/MissingResourceException'{0x0000000709b328d8}: Can't find bundle for base name com.amazon.language.resources.yjreadercontrolfixer.action_warning_en, locale en_US>
 thrown in interpreter method <{method} {0x000000012d4a9560} 'throwMissingResourceException' '(Ljava/lang/String;Ljava/util/Locale;Ljava/lang/Throwable;)V' in 'java/util/ResourceBundle'>
 at bci 73 for thread 0x00007ff00300f000 (main)
[28.307s][info][exceptions] Exception <a 'java/util/MissingResourceException'{0x0000000709b328d8}: Can't find bundle for base name com.amazon.language.resources.yjreadercontrolfixer.action_warning_en, locale en_US>
 thrown in interpreter method <{method} {0x000000012d4a8aa0} 'getBundleImpl' '(Ljava/lang/Module;Ljava/lang/Module;Ljava/lang/String;Ljava/util/Locale;Ljava/util/ResourceBundle$Control;)Ljava/util/ResourceBundle;' in 'java/util/ResourceBundle'>
 at bci 318 for thread 0x00007ff00300f000 (main)
[28.307s][info][exceptions] Exception <a 'java/util/MissingResourceException'{0x0000000709b328d8}: Can't find bundle for base name com.amazon.language.resources.yjreadercontrolfixer.action_warning_en, locale en_US>
 thrown in interpreter method <{method} {0x000000012d4a8800} 'getBundleImpl' '(Ljava/lang/String;Ljava/util/Locale;Ljava/lang/Class;Ljava/lang/ClassLoader;Ljava/util/ResourceBundle$Control;)Ljava/util/ResourceBundle;' in 'java/util/ResourceBundle'>
 at bci 74 for thread 0x00007ff00300f000 (main)
[28.307s][info][exceptions] Exception <a 'java/util/MissingResourceException'{0x0000000709b328d8}: Can't find bundle for base name com.amazon.language.resources.yjreadercontrolfixer.action_warning_en, locale en_US>
 thrown in interpreter method <{method} {0x000000012d4a8720} 'getBundleImpl' '(Ljava/lang/String;Ljava/util/Locale;Ljava/lang/Class;Ljava/util/ResourceBundle$Control;)Ljava/util/ResourceBundle;' in 'java/util/ResourceBundle'>
 at bci 8 for thread 0x00007ff00300f000 (main)
[28.307s][info][exceptions] Exception <a 'java/util/MissingResourceException'{0x0000000709b328d8}: Can't find bundle for base name com.amazon.language.resources.yjreadercontrolfixer.action_warning_en, locale en_US>
 thrown in interpreter method <{method} {0x000000012d4a7fc8} 'getBundle' '(Ljava/lang/String;Ljava/util/ResourceBundle$Control;)Ljava/util/ResourceBundle;' in 'java/util/ResourceBundle'>
 at bci 16 for thread 0x00007ff00300f000 (main)
[28.307s][info][exceptions] Exception <a 'java/util/MissingResourceException'{0x0000000709b328d8}: Can't find bundle for base name com.amazon.language.resources.yjreadercontrolfixer.action_warning_en, locale en_US>
 thrown in interpreter method <{method} {0x000000012d49fdf8} 'd' '(Ljava/lang/String;)Ljava/util/ResourceBundle;' in 'com/amazon/G/a'>
 at bci 9 for thread 0x00007ff00300f000 (main)
[28.307s][info][exceptions] Exception <a 'java/util/MissingResourceException'{0x0000000709b328d8}: Can't find bundle for base name com.amazon.language.resources.yjreadercontrolfixer.action_warning_en, locale en_US>
 thrown in interpreter method <{method} {0x000000012d49f3c8} 'a' '(Ljava/lang/String;Ljava/lang/String;)Ljava/util/ResourceBundle;' in 'com/amazon/G/a'>
 at bci 25 for thread 0x00007ff00300f000 (main)
[28.307s][info][exceptions] Exception <a 'java/util/MissingResourceException'{0x0000000709b328d8}: Can't find bundle for base name com.amazon.language.resources.yjreadercontrolfixer.action_warning_en, locale en_US>
 thrown in interpreter method <{method} {0x000000012d49f3c8} 'a' '(Ljava/lang/String;Ljava/lang/String;)Ljava/util/ResourceBundle;' in 'com/amazon/G/a'>
 at bci 45 for thread 0x00007ff00300f000 (main)
[28.307s][info][exceptions] Exception <a 'java/util/MissingResourceException'{0x0000000709b328d8}: Can't find bundle for base name com.amazon.language.resources.yjreadercontrolfixer.action_warning_en, locale en_US>
 thrown in interpreter method <{method} {0x000000012d49f190} 'c' '(Lcom/amazon/i/b;)Ljava/util/ResourceBundle;' in 'com/amazon/G/a'>
 at bci 102 for thread 0x00007ff00300f000 (main)
[28.307s][info][exceptions] Exception <a 'java/util/MissingResourceException'{0x0000000709b328d8}: Can't find bundle for base name com.amazon.language.resources.yjreadercontrolfixer.action_warning_en, locale en_US>
 thrown in interpreter method <{method} {0x000000012d49f7e0} 'e' '(Lcom/amazon/i/b;)Ljava/lang/String;' in 'com/amazon/G/a'>
 at bci 5 for thread 0x00007ff00300f000 (main)
[28.307s][info][exceptions] Exception <a 'java/util/MissingResourceException'{0x0000000709b34348}: Can't find bundle for base name com.amazon.language.resources.yjreadercontrolfixer.action_warning_en, locale en_US>
 thrown in interpreter method <{method} {0x000000012d4a9560} 'throwMissingResourceException' '(Ljava/lang/String;Ljava/util/Locale;Ljava/lang/Throwable;)V' in 'java/util/ResourceBundle'>
 at bci 73 for thread 0x00007ff00300f000 (main)
[28.307s][info][exceptions] Exception <a 'java/util/MissingResourceException'{0x0000000709b34348}: Can't find bundle for base name com.amazon.language.resources.yjreadercontrolfixer.action_warning_en, locale en_US>
 thrown in interpreter method <{method} {0x000000012d4a8aa0} 'getBundleImpl' '(Ljava/lang/Module;Ljava/lang/Module;Ljava/lang/String;Ljava/util/Locale;Ljava/util/ResourceBundle$Control;)Ljava/util/ResourceBundle;' in 'java/util/ResourceBundle'>
 at bci 318 for thread 0x00007ff00300f000 (main)
[28.307s][info][exceptions] Exception <a 'java/util/MissingResourceException'{0x0000000709b34348}: Can't find bundle for base name com.amazon.language.resources.yjreadercontrolfixer.action_warning_en, locale en_US>
 thrown in interpreter method <{method} {0x000000012d4a8800} 'getBundleImpl' '(Ljava/lang/String;Ljava/util/Locale;Ljava/lang/Class;Ljava/lang/ClassLoader;Ljava/util/ResourceBundle$Control;)Ljava/util/ResourceBundle;' in 'java/util/ResourceBundle'>
 at bci 74 for thread 0x00007ff00300f000 (main)
[28.307s][info][exceptions] Exception <a 'java/util/MissingResourceException'{0x0000000709b34348}: Can't find bundle for base name com.amazon.language.resources.yjreadercontrolfixer.action_warning_en, locale en_US>
 thrown in interpreter method <{method} {0x000000012d4a8720} 'getBundleImpl' '(Ljava/lang/String;Ljava/util/Locale;Ljava/lang/Class;Ljava/util/ResourceBundle$Control;)Ljava/util/ResourceBundle;' in 'java/util/ResourceBundle'>
 at bci 8 for thread 0x00007ff00300f000 (main)
[28.307s][info][exceptions] Exception <a 'java/util/MissingResourceException'{0x0000000709b34348}: Can't find bundle for base name com.amazon.language.resources.yjreadercontrolfixer.action_warning_en, locale en_US>
 thrown in interpreter method <{method} {0x000000012d4a7fc8} 'getBundle' '(Ljava/lang/String;Ljava/util/ResourceBundle$Control;)Ljava/util/ResourceBundle;' in 'java/util/ResourceBundle'>
 at bci 16 for thread 0x00007ff00300f000 (main)
[28.307s][info][exceptions] Exception <a 'java/util/MissingResourceException'{0x0000000709b34348}: Can't find bundle for base name com.amazon.language.resources.yjreadercontrolfixer.action_warning_en, locale en_US>
 thrown in interpreter method <{method} {0x000000012d49fdf8} 'd' '(Ljava/lang/String;)Ljava/util/ResourceBundle;' in 'com/amazon/G/a'>
 at bci 9 for thread 0x00007ff00300f000 (main)
[28.307s][info][exceptions] Exception <a 'java/util/MissingResourceException'{0x0000000709b34348}: Can't find bundle for base name com.amazon.language.resources.yjreadercontrolfixer.action_warning_en, locale en_US>
 thrown in interpreter method <{method} {0x000000012d49f3c8} 'a' '(Ljava/lang/String;Ljava/lang/String;)Ljava/util/ResourceBundle;' in 'com/amazon/G/a'>
 at bci 25 for thread 0x00007ff00300f000 (main)
[28.307s][info][exceptions] Exception <a 'java/util/MissingResourceException'{0x0000000709b34348}: Can't find bundle for base name com.amazon.language.resources.yjreadercontrolfixer.action_warning_en, locale en_US>
 thrown in interpreter method <{method} {0x000000012d49f3c8} 'a' '(Ljava/lang/String;Ljava/lang/String;)Ljava/util/ResourceBundle;' in 'com/amazon/G/a'>
 at bci 45 for thread 0x00007ff00300f000 (main)
[28.307s][info][exceptions] Exception <a 'java/util/MissingResourceException'{0x0000000709b34348}: Can't find bundle for base name com.amazon.language.resources.yjreadercontrolfixer.action_warning_en, locale en_US>
 thrown in interpreter method <{method} {0x000000012d49f190} 'c' '(Lcom/amazon/i/b;)Ljava/util/ResourceBundle;' in 'com/amazon/G/a'>
 at bci 102 for thread 0x00007ff00300f000 (main)
[28.307s][info][exceptions] Exception <a 'java/util/MissingResourceException'{0x0000000709b34348}: Can't find bundle for base name com.amazon.language.resources.yjreadercontrolfixer.action_warning_en, locale en_US>
 thrown in interpreter method <{method} {0x000000012d49f7e0} 'e' '(Lcom/amazon/i/b;)Ljava/lang/String;' in 'com/amazon/G/a'>
 at bci 5 for thread 0x00007ff00300f000 (main)
[28.307s][info][exceptions] Exception <a 'java/util/MissingResourceException'{0x0000000709b41658}: Can't find bundle for base name com.amazon.language.resources.yjreadercontrolfixer.action_warning_en, locale en_US>
 thrown in interpreter method <{method} {0x000000012d4a9560} 'throwMissingResourceException' '(Ljava/lang/String;Ljava/util/Locale;Ljava/lang/Throwable;)V' in 'java/util/ResourceBundle'>
 at bci 73 for thread 0x00007ff00300f000 (main)
[28.307s][info][exceptions] Exception <a 'java/util/MissingResourceException'{0x0000000709b41658}: Can't find bundle for base name com.amazon.language.resources.yjreadercontrolfixer.action_warning_en, locale en_US>
 thrown in interpreter method <{method} {0x000000012d4a8aa0} 'getBundleImpl' '(Ljava/lang/Module;Ljava/lang/Module;Ljava/lang/String;Ljava/util/Locale;Ljava/util/ResourceBundle$Control;)Ljava/util/ResourceBundle;' in 'java/util/ResourceBundle'>
 at bci 318 for thread 0x00007ff00300f000 (main)
[28.307s][info][exceptions] Exception <a 'java/util/MissingResourceException'{0x0000000709b41658}: Can't find bundle for base name com.amazon.language.resources.yjreadercontrolfixer.action_warning_en, locale en_US>
 thrown in interpreter method <{method} {0x000000012d4a8800} 'getBundleImpl' '(Ljava/lang/String;Ljava/util/Locale;Ljava/lang/Class;Ljava/lang/ClassLoader;Ljava/util/ResourceBundle$Control;)Ljava/util/ResourceBundle;' in 'java/util/ResourceBundle'>
 at bci 74 for thread 0x00007ff00300f000 (main)
[28.307s][info][exceptions] Exception <a 'java/util/MissingResourceException'{0x0000000709b41658}: Can't find bundle for base name com.amazon.language.resources.yjreadercontrolfixer.action_warning_en, locale en_US>
 thrown in interpreter method <{method} {0x000000012d4a8720} 'getBundleImpl' '(Ljava/lang/String;Ljava/util/Locale;Ljava/lang/Class;Ljava/util/ResourceBundle$Control;)Ljava/util/ResourceBundle;' in 'java/util/ResourceBundle'>
 at bci 8 for thread 0x00007ff00300f000 (main)
[28.307s][info][exceptions] Exception <a 'java/util/MissingResourceException'{0x0000000709b41658}: Can't find bundle for base name com.amazon.language.resources.yjreadercontrolfixer.action_warning_en, locale en_US>
 thrown in interpreter method <{method} {0x000000012d4a7fc8} 'getBundle' '(Ljava/lang/String;Ljava/util/ResourceBundle$Control;)Ljava/util/ResourceBundle;' in 'java/util/ResourceBundle'>
 at bci 16 for thread 0x00007ff00300f000 (main)
[28.307s][info][exceptions] Exception <a 'java/util/MissingResourceException'{0x0000000709b41658}: Can't find bundle for base name com.amazon.language.resources.yjreadercontrolfixer.action_warning_en, locale en_US>
 thrown in interpreter method <{method} {0x000000012d49fdf8} 'd' '(Ljava/lang/String;)Ljava/util/ResourceBundle;' in 'com/amazon/G/a'>
 at bci 9 for thread 0x00007ff00300f000 (main)
[28.307s][info][exceptions] Exception <a 'java/util/MissingResourceException'{0x0000000709b41658}: Can't find bundle for base name com.amazon.language.resources.yjreadercontrolfixer.action_warning_en, locale en_US>
 thrown in interpreter method <{method} {0x000000012d49f3c8} 'a' '(Ljava/lang/String;Ljava/lang/String;)Ljava/util/ResourceBundle;' in 'com/amazon/G/a'>
 at bci 25 for thread 0x00007ff00300f000 (main)
[28.307s][info][exceptions] Exception <a 'java/util/MissingResourceException'{0x0000000709b41658}: Can't find bundle for base name com.amazon.language.resources.yjreadercontrolfixer.action_warning_en, locale en_US>
 thrown in interpreter method <{method} {0x000000012d49f3c8} 'a' '(Ljava/lang/String;Ljava/lang/String;)Ljava/util/ResourceBundle;' in 'com/amazon/G/a'>
 at bci 45 for thread 0x00007ff00300f000 (main)
[28.307s][info][exceptions] Exception <a 'java/util/MissingResourceException'{0x0000000709b41658}: Can't find bundle for base name com.amazon.language.resources.yjreadercontrolfixer.action_warning_en, locale en_US>
 thrown in interpreter method <{method} {0x000000012d49f190} 'c' '(Lcom/amazon/i/b;)Ljava/util/ResourceBundle;' in 'com/amazon/G/a'>
 at bci 102 for thread 0x00007ff00300f000 (main)
[28.307s][info][exceptions] Exception <a 'java/util/MissingResourceException'{0x0000000709b41658}: Can't find bundle for base name com.amazon.language.resources.yjreadercontrolfixer.action_warning_en, locale en_US>
 thrown in interpreter method <{method} {0x000000012d49f7e0} 'e' '(Lcom/amazon/i/b;)Ljava/lang/String;' in 'com/amazon/G/a'>
 at bci 5 for thread 0x00007ff00300f000 (main)
[28.307s][info][exceptions] Exception <a 'java/util/MissingResourceException'{0x0000000709b430c8}: Can't find bundle for base name com.amazon.language.resources.yjreadercontrolfixer.action_warning_en, locale en_US>
 thrown in interpreter method <{method} {0x000000012d4a9560} 'throwMissingResourceException' '(Ljava/lang/String;Ljava/util/Locale;Ljava/lang/Throwable;)V' in 'java/util/ResourceBundle'>
 at bci 73 for thread 0x00007ff00300f000 (main)
[28.307s][info][exceptions] Exception <a 'java/util/MissingResourceException'{0x0000000709b430c8}: Can't find bundle for base name com.amazon.language.resources.yjreadercontrolfixer.action_warning_en, locale en_US>
 thrown in interpreter method <{method} {0x000000012d4a8aa0} 'getBundleImpl' '(Ljava/lang/Module;Ljava/lang/Module;Ljava/lang/String;Ljava/util/Locale;Ljava/util/ResourceBundle$Control;)Ljava/util/ResourceBundle;' in 'java/util/ResourceBundle'>
 at bci 318 for thread 0x00007ff00300f000 (main)
[28.307s][info][exceptions] Exception <a 'java/util/MissingResourceException'{0x0000000709b430c8}: Can't find bundle for base name com.amazon.language.resources.yjreadercontrolfixer.action_warning_en, locale en_US>
 thrown in interpreter method <{method} {0x000000012d4a8800} 'getBundleImpl' '(Ljava/lang/String;Ljava/util/Locale;Ljava/lang/Class;Ljava/lang/ClassLoader;Ljava/util/ResourceBundle$Control;)Ljava/util/ResourceBundle;' in 'java/util/ResourceBundle'>
 at bci 74 for thread 0x00007ff00300f000 (main)
[28.307s][info][exceptions] Exception <a 'java/util/MissingResourceException'{0x0000000709b430c8}: Can't find bundle for base name com.amazon.language.resources.yjreadercontrolfixer.action_warning_en, locale en_US>
 thrown in interpreter method <{method} {0x000000012d4a8720} 'getBundleImpl' '(Ljava/lang/String;Ljava/util/Locale;Ljava/lang/Class;Ljava/util/ResourceBundle$Control;)Ljava/util/ResourceBundle;' in 'java/util/ResourceBundle'>
 at bci 8 for thread 0x00007ff00300f000 (main)
[28.307s][info][exceptions] Exception <a 'java/util/MissingResourceException'{0x0000000709b430c8}: Can't find bundle for base name com.amazon.language.resources.yjreadercontrolfixer.action_warning_en, locale en_US>
 thrown in interpreter method <{method} {0x000000012d4a7fc8} 'getBundle' '(Ljava/lang/String;Ljava/util/ResourceBundle$Control;)Ljava/util/ResourceBundle;' in 'java/util/ResourceBundle'>
 at bci 16 for thread 0x00007ff00300f000 (main)
[28.307s][info][exceptions] Exception <a 'java/util/MissingResourceException'{0x0000000709b430c8}: Can't find bundle for base name com.amazon.language.resources.yjreadercontrolfixer.action_warning_en, locale en_US>
 thrown in interpreter method <{method} {0x000000012d49fdf8} 'd' '(Ljava/lang/String;)Ljava/util/ResourceBundle;' in 'com/amazon/G/a'>
 at bci 9 for thread 0x00007ff00300f000 (main)
[28.307s][info][exceptions] Exception <a 'java/util/MissingResourceException'{0x0000000709b430c8}: Can't find bundle for base name com.amazon.language.resources.yjreadercontrolfixer.action_warning_en, locale en_US>
 thrown in interpreter method <{method} {0x000000012d49f3c8} 'a' '(Ljava/lang/String;Ljava/lang/String;)Ljava/util/ResourceBundle;' in 'com/amazon/G/a'>
 at bci 25 for thread 0x00007ff00300f000 (main)
[28.307s][info][exceptions] Exception <a 'java/util/MissingResourceException'{0x0000000709b430c8}: Can't find bundle for base name com.amazon.language.resources.yjreadercontrolfixer.action_warning_en, locale en_US>
 thrown in interpreter method <{method} {0x000000012d49f3c8} 'a' '(Ljava/lang/String;Ljava/lang/String;)Ljava/util/ResourceBundle;' in 'com/amazon/G/a'>
 at bci 45 for thread 0x00007ff00300f000 (main)
[28.307s][info][exceptions] Exception <a 'java/util/MissingResourceException'{0x0000000709b430c8}: Can't find bundle for base name com.amazon.language.resources.yjreadercontrolfixer.action_warning_en, locale en_US>
 thrown in interpreter method <{method} {0x000000012d49f190} 'c' '(Lcom/amazon/i/b;)Ljava/util/ResourceBundle;' in 'com/amazon/G/a'>
 at bci 102 for thread 0x00007ff00300f000 (main)
[28.307s][info][exceptions] Exception <a 'java/util/MissingResourceException'{0x0000000709b430c8}: Can't find bundle for base name com.amazon.language.resources.yjreadercontrolfixer.action_warning_en, locale en_US>
 thrown in interpreter method <{method} {0x000000012d49f7e0} 'e' '(Lcom/amazon/i/b;)Ljava/lang/String;' in 'com/amazon/G/a'>
 at bci 5 for thread 0x00007ff00300f000 (main)
[28.307s][info][exceptions] Exception <a 'java/util/MissingResourceException'{0x0000000709b504b0}: Can't find bundle for base name com.amazon.language.resources.yjreadercontrolfixer.action_warning_en, locale en_US>
 thrown in interpreter method <{method} {0x000000012d4a9560} 'throwMissingResourceException' '(Ljava/lang/String;Ljava/util/Locale;Ljava/lang/Throwable;)V' in 'java/util/ResourceBundle'>
 at bci 73 for thread 0x00007ff00300f000 (main)
[28.307s][info][exceptions] Exception <a 'java/util/MissingResourceException'{0x0000000709b504b0}: Can't find bundle for base name com.amazon.language.resources.yjreadercontrolfixer.action_warning_en, locale en_US>
 thrown in interpreter method <{method} {0x000000012d4a8aa0} 'getBundleImpl' '(Ljava/lang/Module;Ljava/lang/Module;Ljava/lang/String;Ljava/util/Locale;Ljava/util/ResourceBundle$Control;)Ljava/util/ResourceBundle;' in 'java/util/ResourceBundle'>
 at bci 318 for thread 0x00007ff00300f000 (main)
[28.307s][info][exceptions] Exception <a 'java/util/MissingResourceException'{0x0000000709b504b0}: Can't find bundle for base name com.amazon.language.resources.yjreadercontrolfixer.action_warning_en, locale en_US>
 thrown in interpreter method <{method} {0x000000012d4a8800} 'getBundleImpl' '(Ljava/lang/String;Ljava/util/Locale;Ljava/lang/Class;Ljava/lang/ClassLoader;Ljava/util/ResourceBundle$Control;)Ljava/util/ResourceBundle;' in 'java/util/ResourceBundle'>
 at bci 74 for thread 0x00007ff00300f000 (main)
[28.307s][info][exceptions] Exception <a 'java/util/MissingResourceException'{0x0000000709b504b0}: Can't find bundle for base name com.amazon.language.resources.yjreadercontrolfixer.action_warning_en, locale en_US>
 thrown in interpreter method <{method} {0x000000012d4a8720} 'getBundleImpl' '(Ljava/lang/String;Ljava/util/Locale;Ljava/lang/Class;Ljava/util/ResourceBundle$Control;)Ljava/util/ResourceBundle;' in 'java/util/ResourceBundle'>
 at bci 8 for thread 0x00007ff00300f000 (main)
[28.307s][info][exceptions] Exception <a 'java/util/MissingResourceException'{0x0000000709b504b0}: Can't find bundle for base name com.amazon.language.resources.yjreadercontrolfixer.action_warning_en, locale en_US>
 thrown in interpreter method <{method} {0x000000012d4a7fc8} 'getBundle' '(Ljava/lang/String;Ljava/util/ResourceBundle$Control;)Ljava/util/ResourceBundle;' in 'java/util/ResourceBundle'>
 at bci 16 for thread 0x00007ff00300f000 (main)
[28.307s][info][exceptions] Exception <a 'java/util/MissingResourceException'{0x0000000709b504b0}: Can't find bundle for base name com.amazon.language.resources.yjreadercontrolfixer.action_warning_en, locale en_US>
 thrown in interpreter method <{method} {0x000000012d49fdf8} 'd' '(Ljava/lang/String;)Ljava/util/ResourceBundle;' in 'com/amazon/G/a'>
 at bci 9 for thread 0x00007ff00300f000 (main)
[28.307s][info][exceptions] Exception <a 'java/util/MissingResourceException'{0x0000000709b504b0}: Can't find bundle for base name com.amazon.language.resources.yjreadercontrolfixer.action_warning_en, locale en_US>
 thrown in interpreter method <{method} {0x000000012d49f3c8} 'a' '(Ljava/lang/String;Ljava/lang/String;)Ljava/util/ResourceBundle;' in 'com/amazon/G/a'>
 at bci 25 for thread 0x00007ff00300f000 (main)
[28.307s][info][exceptions] Exception <a 'java/util/MissingResourceException'{0x0000000709b504b0}: Can't find bundle for base name com.amazon.language.resources.yjreadercontrolfixer.action_warning_en, locale en_US>
 thrown in interpreter method <{method} {0x000000012d49f3c8} 'a' '(Ljava/lang/String;Ljava/lang/String;)Ljava/util/ResourceBundle;' in 'com/amazon/G/a'>
 at bci 45 for thread 0x00007ff00300f000 (main)
[28.307s][info][exceptions] Exception <a 'java/util/MissingResourceException'{0x0000000709b504b0}: Can't find bundle for base name com.amazon.language.resources.yjreadercontrolfixer.action_warning_en, locale en_US>
 thrown in interpreter method <{method} {0x000000012d49f190} 'c' '(Lcom/amazon/i/b;)Ljava/util/ResourceBundle;' in 'com/amazon/G/a'>
 at bci 102 for thread 0x00007ff00300f000 (main)
[28.307s][info][exceptions] Exception <a 'java/util/MissingResourceException'{0x0000000709b504b0}: Can't find bundle for base name com.amazon.language.resources.yjreadercontrolfixer.action_warning_en, locale en_US>
 thrown in interpreter method <{method} {0x000000012d49f7e0} 'e' '(Lcom/amazon/i/b;)Ljava/lang/String;' in 'com/amazon/G/a'>
 at bci 5 for thread 0x00007ff00300f000 (main)
[28.308s][info][exceptions] Exception <a 'java/util/MissingResourceException'{0x0000000709b51f20}: Can't find bundle for base name com.amazon.language.resources.yjreadercontrolfixer.action_warning_en, locale en_US>
 thrown in interpreter method <{method} {0x000000012d4a9560} 'throwMissingResourceException' '(Ljava/lang/String;Ljava/util/Locale;Ljava/lang/Throwable;)V' in 'java/util/ResourceBundle'>
 at bci 73 for thread 0x00007ff00300f000 (main)
[28.308s][info][exceptions] Exception <a 'java/util/MissingResourceException'{0x0000000709b51f20}: Can't find bundle for base name com.amazon.language.resources.yjreadercontrolfixer.action_warning_en, locale en_US>
 thrown in interpreter method <{method} {0x000000012d4a8aa0} 'getBundleImpl' '(Ljava/lang/Module;Ljava/lang/Module;Ljava/lang/String;Ljava/util/Locale;Ljava/util/ResourceBundle$Control;)Ljava/util/ResourceBundle;' in 'java/util/ResourceBundle'>
 at bci 318 for thread 0x00007ff00300f000 (main)
[28.308s][info][exceptions] Exception <a 'java/util/MissingResourceException'{0x0000000709b51f20}: Can't find bundle for base name com.amazon.language.resources.yjreadercontrolfixer.action_warning_en, locale en_US>
 thrown in interpreter method <{method} {0x000000012d4a8800} 'getBundleImpl' '(Ljava/lang/String;Ljava/util/Locale;Ljava/lang/Class;Ljava/lang/ClassLoader;Ljava/util/ResourceBundle$Control;)Ljava/util/ResourceBundle;' in 'java/util/ResourceBundle'>
 at bci 74 for thread 0x00007ff00300f000 (main)
[28.308s][info][exceptions] Exception <a 'java/util/MissingResourceException'{0x0000000709b51f20}: Can't find bundle for base name com.amazon.language.resources.yjreadercontrolfixer.action_warning_en, locale en_US>
 thrown in interpreter method <{method} {0x000000012d4a8720} 'getBundleImpl' '(Ljava/lang/String;Ljava/util/Locale;Ljava/lang/Class;Ljava/util/ResourceBundle$Control;)Ljava/util/ResourceBundle;' in 'java/util/ResourceBundle'>
 at bci 8 for thread 0x00007ff00300f000 (main)
[28.308s][info][exceptions] Exception <a 'java/util/MissingResourceException'{0x0000000709b51f20}: Can't find bundle for base name com.amazon.language.resources.yjreadercontrolfixer.action_warning_en, locale en_US>
 thrown in interpreter method <{method} {0x000000012d4a7fc8} 'getBundle' '(Ljava/lang/String;Ljava/util/ResourceBundle$Control;)Ljava/util/ResourceBundle;' in 'java/util/ResourceBundle'>
 at bci 16 for thread 0x00007ff00300f000 (main)
[28.308s][info][exceptions] Exception <a 'java/util/MissingResourceException'{0x0000000709b51f20}: Can't find bundle for base name com.amazon.language.resources.yjreadercontrolfixer.action_warning_en, locale en_US>
 thrown in interpreter method <{method} {0x000000012d49fdf8} 'd' '(Ljava/lang/String;)Ljava/util/ResourceBundle;' in 'com/amazon/G/a'>
 at bci 9 for thread 0x00007ff00300f000 (main)
[28.308s][info][exceptions] Exception <a 'java/util/MissingResourceException'{0x0000000709b51f20}: Can't find bundle for base name com.amazon.language.resources.yjreadercontrolfixer.action_warning_en, locale en_US>
 thrown in interpreter method <{method} {0x000000012d49f3c8} 'a' '(Ljava/lang/String;Ljava/lang/String;)Ljava/util/ResourceBundle;' in 'com/amazon/G/a'>
 at bci 25 for thread 0x00007ff00300f000 (main)
[28.308s][info][exceptions] Exception <a 'java/util/MissingResourceException'{0x0000000709b51f20}: Can't find bundle for base name com.amazon.language.resources.yjreadercontrolfixer.action_warning_en, locale en_US>
 thrown in interpreter method <{method} {0x000000012d49f3c8} 'a' '(Ljava/lang/String;Ljava/lang/String;)Ljava/util/ResourceBundle;' in 'com/amazon/G/a'>
 at bci 45 for thread 0x00007ff00300f000 (main)
[28.308s][info][exceptions] Exception <a 'java/util/MissingResourceException'{0x0000000709b51f20}: Can't find bundle for base name com.amazon.language.resources.yjreadercontrolfixer.action_warning_en, locale en_US>
 thrown in interpreter method <{method} {0x000000012d49f190} 'c' '(Lcom/amazon/i/b;)Ljava/util/ResourceBundle;' in 'com/amazon/G/a'>
 at bci 102 for thread 0x00007ff00300f000 (main)
[28.308s][info][exceptions] Exception <a 'java/util/MissingResourceException'{0x0000000709b51f20}: Can't find bundle for base name com.amazon.language.resources.yjreadercontrolfixer.action_warning_en, locale en_US>
 thrown in interpreter method <{method} {0x000000012d49f7e0} 'e' '(Lcom/amazon/i/b;)Ljava/lang/String;' in 'com/amazon/G/a'>
 at bci 5 for thread 0x00007ff00300f000 (main)
[29.620s][info][exceptions] Exception <a 'java/lang/NoSuchMethodException'{0x0000000710689b00}: com.amazon.kaf.c.aB$R.getValueStr()>
 thrown in interpreter method <{method} {0x000000012cde0e78} 'getDeclaredMethod' '(Ljava/lang/String;[Ljava/lang/Class;)Ljava/lang/reflect/Method;' in 'java/lang/Class'>
 at bci 53 for thread 0x00007ff00300f000 (main)
[29.620s][info][exceptions] Exception <a 'java/lang/NoSuchMethodException'{0x0000000710689b00}: com.amazon.kaf.c.aB$R.getValueStr()>
 thrown in interpreter method <{method} {0x000000012d52b0b8} '<init>' '(Ljava/lang/Class;)V' in 'com/amazon/kaf/c/c'>
 at bci 89 for thread 0x00007ff00300f000 (main)
[29.662s][info][exceptions] Exception <a 'java/lang/NoSuchMethodException'{0x000000071057d140}: com.amazon.kaf.c.aB$o.getValueStr()>
 thrown in interpreter method <{method} {0x000000012cde0e78} 'getDeclaredMethod' '(Ljava/lang/String;[Ljava/lang/Class;)Ljava/lang/reflect/Method;' in 'java/lang/Class'>
 at bci 53 for thread 0x00007ff00300f000 (main)
[29.662s][info][exceptions] Exception <a 'java/lang/NoSuchMethodException'{0x000000071057d140}: com.amazon.kaf.c.aB$o.getValueStr()>
 thrown in interpreter method <{method} {0x000000012d52b0b8} '<init>' '(Ljava/lang/Class;)V' in 'com/amazon/kaf/c/c'>
 at bci 89 for thread 0x00007ff00300f000 (main)
[29.670s][info][exceptions] Exception <a 'java/lang/NoSuchMethodException'{0x00000007105c5ea0}: com.amazon.kaf.c.aB$P.getValueStr()>
 thrown in interpreter method <{method} {0x000000012cde0e78} 'getDeclaredMethod' '(Ljava/lang/String;[Ljava/lang/Class;)Ljava/lang/reflect/Method;' in 'java/lang/Class'>
 at bci 53 for thread 0x00007ff00300f000 (main)
[29.670s][info][exceptions] Exception <a 'java/lang/NoSuchMethodException'{0x00000007105c5ea0}: com.amazon.kaf.c.aB$P.getValueStr()>
 thrown in interpreter method <{method} {0x000000012d52b0b8} '<init>' '(Ljava/lang/Class;)V' in 'com/amazon/kaf/c/c'>
 at bci 89 for thread 0x00007ff00300f000 (main)
[29.671s][info][exceptions] Exception <a 'java/lang/NoSuchMethodException'{0x00000007105cd080}: com.amazon.kaf.c.aB$Y.getValueStr()>
 thrown in interpreter method <{method} {0x000000012cde0e78} 'getDeclaredMethod' '(Ljava/lang/String;[Ljava/lang/Class;)Ljava/lang/reflect/Method;' in 'java/lang/Class'>
 at bci 53 for thread 0x00007ff00300f000 (main)
[29.671s][info][exceptions] Exception <a 'java/lang/NoSuchMethodException'{0x00000007105cd080}: com.amazon.kaf.c.aB$Y.getValueStr()>
 thrown in interpreter method <{method} {0x000000012d52b0b8} '<init>' '(Ljava/lang/Class;)V' in 'com/amazon/kaf/c/c'>
 at bci 89 for thread 0x00007ff00300f000 (main)
[29.680s][info][exceptions] Exception <a 'java/lang/NoSuchMethodException'{0x000000071043e380}: com.amazon.kaf.c.d.getValueStr()>
 thrown in interpreter method <{method} {0x000000012cde0e78} 'getDeclaredMethod' '(Ljava/lang/String;[Ljava/lang/Class;)Ljava/lang/reflect/Method;' in 'java/lang/Class'>
 at bci 53 for thread 0x00007ff00300f000 (main)
[29.680s][info][exceptions] Exception <a 'java/lang/NoSuchMethodException'{0x000000071043e380}: com.amazon.kaf.c.d.getValueStr()>
 thrown in interpreter method <{method} {0x000000012d52b0b8} '<init>' '(Ljava/lang/Class;)V' in 'com/amazon/kaf/c/c'>
 at bci 89 for thread 0x00007ff00300f000 (main)
[30.306s][info][exceptions] Exception <a 'java/lang/NoSuchMethodException'{0x000000070e238328}: com.amazon.kaf.c.aB$F.getValueStr()>
 thrown in interpreter method <{method} {0x000000012cde0e78} 'getDeclaredMethod' '(Ljava/lang/String;[Ljava/lang/Class;)Ljava/lang/reflect/Method;' in 'java/lang/Class'>
 at bci 53 for thread 0x00007ff00300f000 (main)
[30.306s][info][exceptions] Exception <a 'java/lang/NoSuchMethodException'{0x000000070e238328}: com.amazon.kaf.c.aB$F.getValueStr()>
 thrown in interpreter method <{method} {0x000000012d52b0b8} '<init>' '(Ljava/lang/Class;)V' in 'com/amazon/kaf/c/c'>
 at bci 89 for thread 0x00007ff00300f000 (main)
[30.376s][info][exceptions] Exception <a 'sun/nio/fs/UnixException'{0x000000070dbb08c0}> (0x000000070dbb08c0) 
thrown [/corretto/workspace/corretto11-repo/installers/mac/tar/corretto-build/buildRoot/src/src/hotspot/share/prims/jni.cpp, line 615]
for thread 0x00007ff00300f000
[30.376s][info][exceptions] Exception <a 'sun/nio/fs/UnixException'{0x000000070dbb08c0}>
 thrown in interpreter method <{method} {0x000000012d0ba158} 'lstat0' '(JLsun/nio/fs/UnixFileAttributes;)V' in 'sun/nio/fs/UnixNativeDispatcher'>
 at bci 0 for thread 0x00007ff00300f000 (main)
[30.376s][info][exceptions] Exception <a 'sun/nio/fs/UnixException'{0x000000070dbb08c0}>
 thrown in interpreter method <{method} {0x000000012d0ba0c0} 'lstat' '(Lsun/nio/fs/UnixPath;Lsun/nio/fs/UnixFileAttributes;)V' in 'sun/nio/fs/UnixNativeDispatcher'>
 at bci 10 for thread 0x00007ff00300f000 (main)
[30.376s][info][exceptions] Exception <a 'sun/nio/fs/UnixException'{0x000000070dbb08c0}>
 thrown in interpreter method <{method} {0x000000012d0ba0c0} 'lstat' '(Lsun/nio/fs/UnixPath;Lsun/nio/fs/UnixFileAttributes;)V' in 'sun/nio/fs/UnixNativeDispatcher'>
 at bci 26 for thread 0x00007ff00300f000 (main)
[30.376s][info][exceptions] Exception <a 'sun/nio/fs/UnixException'{0x000000070dbb08c0}>
 thrown in interpreter method <{method} {0x000000012d0c2b48} 'get' '(Lsun/nio/fs/UnixPath;Z)Lsun/nio/fs/UnixFileAttributes;' in 'sun/nio/fs/UnixFileAttributes'>
 at bci 22 for thread 0x00007ff00300f000 (main)
[30.376s][info][exceptions] Exception <a 'sun/nio/fs/UnixException'{0x000000070dbb08c0}>
 thrown in interpreter method <{method} {0x0000000130928fe8} 'copy' '(Lsun/nio/fs/UnixPath;Lsun/nio/fs/UnixPath;[Ljava/nio/file/CopyOption;)V' in 'sun/nio/fs/UnixCopyFile'>
 at bci 78 for thread 0x00007ff00300f000 (main)
